CandidateID,Name,Role,Category,YearsOfExperience,Email,Phone,Location,University,Degree,Skills,Certification,MERIQ_Score,MERIQ_Status,PDF_File
RES-0001,Sam Verma,Python Backend Engineer,Backend,12,sam.verma769@example.com,+1 (481) 450-4657,"Boston, MA",Vellore Institute of Technology (VIT),B.S. in Computer Science,"FastAPI, Celery, Python, REST APIs, Docker, AWS, Redis, Django",Docker Certified Associate,90,Mastered,RES-0001_Sam_Verma.pdf
RES-0002,Logan Lopez,Full Stack React & Node Developer,Full Stack,2,logan.lopez294@example.com,+1 (359) 420-6514,"Austin, TX",Carnegie Mellon University,B.S. in Cybersecurity and Information Assurance,"Next.js, MongoDB, React 18, Express, Tailwind CSS, TypeScript, GraphQL",OpenJS Node.js Application Developer (JAD),89,Mastered,RES-0002_Logan_Lopez.pdf
RES-0003,Isabella Bhat,Data Scientist & AI/ML Engineer,AI / ML,5,isabella.bhat306@example.com,+1 (281) 438-2654,"Zurich, Switzerland",Delhi Technological University (DTU),M.S. in Robotics and Autonomous Systems,"Pandas, LLMs, PyTorch, MLOps, TensorFlow, Python",DeepLearning.AI ML Specialization,89,Mastered,RES-0003_Isabella_Bhat.pdf
RES-0004,Deepika Fischer,Cloud & DevOps Solutions Architect,Cloud / DevOps,6,deepika.fischer796@example.com,+1 (994) 257-4752,"New York, NY",National University of Singapore,B.S. in Cybersecurity and Information Assurance,"Prometheus, Docker, Linux, Ansible, Grafana, CI/CD, AWS, Kubernetes",AWS Certified Solutions Architect - Professional,72,Developing,RES-0004_Deepika_Fischer.pdf
RES-0005,Nikhil Perez,SQL & Data Platform Engineer,Data Engineering,11,nikhil.perez103@example.com,+1 (973) 248-2796,"Boston, MA",Imperial College London,M.S. in Software Engineering,"Apache Spark, Data Warehousing, dbt, Airflow, Python, Snowflake, Kafka, PostgreSQL",Snowflake SnowPro Core Certification,68,Developing,RES-0005_Nikhil_Perez.pdf
RES-0006,Charlotte Thompson,Cybersecurity & Security Operations Engineer,Cybersecurity,11,charlotte.thompson790@example.com,+1 (382) 719-2743,"Berlin, Germany",IIT Bombay,M.Tech in Data Science & Artificial Intelligence,"SIEM, Wireshark, Penetration Testing, Network Security, SOC, OWASP Top 10",Certified Ethical Hacker (CEH),72,Developing,RES-0006_Charlotte_Thompson.pdf
RES-0007,Pranav Sanchez,Frontend Performance Specialist,Frontend,9,pranav.sanchez179@example.com,+1 (471) 740-7932,"Hyderabad, India",Harvard University,M.Tech in Data Science & Artificial Intelligence,"Web Workers, WebGL, Three.js, Performance Optimization, TypeScript, CSS3, Vue.js, React",Meta Front-End Professional,75,Strong Candidate,RES-0007_Pranav_Sanchez.pdf
RES-0008,Siddharth Tanaka,Mobile Applications Engineer,Mobile,5,siddharth.tanaka42@example.com,+1 (538) 272-9423,"Pune, India",IIT Madras,M.S. in Robotics and Autonomous Systems,"State Management, Dart, Swift, Firebase, Mobile CI/CD, Flutter, React Native, Kotlin",iOS App Development Certificate,93,Mastered,RES-0008_Siddharth_Tanaka.pdf
RES-0009,Morgan Garcia,Java Enterprise & Distributed Systems Architect,Enterprise Systems,7,morgan.garcia206@example.com,+1 (394) 749-8350,"Boston, MA",National University of Singapore,M.S. in Software Engineering,"gRPC, Docker, Hibernate, Java 21, PostgreSQL, Microservices",Oracle Certified Professional: Java SE Developer,80,Strong Candidate,RES-0009_Morgan_Garcia.pdf
RES-0010,Aarav Anderson,Embedded Systems & IoT Firmware Engineer,Hardware / IoT,11,aarav.anderson281@example.com,+1 (665) 492-7930,"Amsterdam, Netherlands",IIT Bombay,M.S. in Robotics and Autonomous Systems,"C/C++, MQTT, I2C/SPI/UART, PCB Debugging, Python, FreeRTOS",Embedded Linux Developer Certificate,70,Developing,RES-0010_Aarav_Anderson.pdf
RES-0011,Matthew Iyer,Blockchain & Smart Contract Engineer,Web3 / Blockchain,4,matthew.iyer701@example.com,+1 (440) 613-2964,"Dublin, Ireland",NIT Trichy,B.Tech in Computer Science and Engineering,"Web3.js, Ethereum, Rust, IPFS, Smart Contract Security, Hardhat, Ethers.js, Solidity",Blockchain Council Certified Smart Contract Developer,84,Strong Candidate,RES-0011_Matthew_Iyer.pdf
RES-0012,Charlotte Kapoor,Site Reliability Engineer (SRE),DevOps / Reliability,5,charlotte.kapoor965@example.com,+1 (557) 270-5002,Singapore,University of Toronto,M.S. in Software Engineering,"Chaos Engineering, Linux Kernel, Incident Management, Terraform, Go, Kubernetes, Python, OpenTelemetry",Certified Kubernetes Security Specialist (CKS),90,Mastered,RES-0012_Charlotte_Kapoor.pdf
RES-0013,Meera Brown,Python Backend Engineer,Backend,5,meera.brown713@example.com,+1 (849) 470-9280,"Chicago, IL",UC Berkeley,B.Tech in Computer Science and Engineering,"Python, AWS, Django, FastAPI, Celery, Docker, Redis",PCEP – Certified Entry-Level Python Programmer,86,Strong Candidate,RES-0013_Meera_Brown.pdf
RES-0014,Noah Chopra,Full Stack React & Node Developer,Full Stack,1,noah.chopra450@example.com,+1 (330) 242-6050,Singapore,IIT Madras,M.S. in Electrical and Computer Engineering,"TypeScript, Node.js, Next.js, Express, GraphQL, React 18, MongoDB, Tailwind CSS",OpenJS Node.js Application Developer (JAD),93,Mastered,RES-0014_Noah_Chopra.pdf
RES-0015,Morgan Anderson,Data Scientist & AI/ML Engineer,AI / ML,8,morgan.anderson903@example.com,+1 (239) 681-4644,"Hyderabad, India",University of Cambridge,M.S. in Electrical and Computer Engineering,"Scikit-Learn, Python, Pandas, PyTorch, LLMs, TensorFlow",AWS Certified Machine Learning - Specialty,96,Mastered,RES-0015_Morgan_Anderson.pdf
RES-0016,Charlotte Johnson,Cloud & DevOps Solutions Architect,Cloud / DevOps,7,charlotte.johnson604@example.com,+1 (471) 239-2776,"Stockholm, Sweden",Princeton University,M.S. in Electrical and Computer Engineering,"Linux, Kubernetes, Docker, CI/CD, Ansible, Terraform, AWS",HashiCorp Certified: Terraform Associate,98,Mastered,RES-0016_Charlotte_Johnson.pdf
RES-0017,Karan Robinson,SQL & Data Platform Engineer,Data Engineering,5,karan.robinson331@example.com,+1 (879) 327-5920,"Denver, CO",University of Oxford,B.S. in Cybersecurity and Information Assurance,"SQL, Snowflake, Apache Spark, dbt, Kafka, Data Warehousing, Python",Databricks Certified Data Engineer Associate,82,Strong Candidate,RES-0017_Karan_Robinson.pdf
RES-0018,Ava Thompson,Cybersecurity & Security Operations Engineer,Cybersecurity,9,ava.thompson494@example.com,+1 (953) 373-2389,"Berlin, Germany",UC Berkeley,M.S. in Electrical and Computer Engineering,"Wireshark, Splunk, OWASP Top 10, Python, SIEM, Network Security",CompTIA Security+,83,Strong Candidate,RES-0018_Ava_Thompson.pdf
RES-0019,Zoe Garcia,Frontend Performance Specialist,Frontend,7,zoe.garcia161@example.com,+1 (871) 904-1090,"Austin, TX",IIT Delhi,M.Tech in Data Science & Artificial Intelligence,"CSS3, TypeScript, Three.js, React, Performance Optimization, Web Workers, WebGL, Vue.js",Meta Front-End Professional,92,Mastered,RES-0019_Zoe_Garcia.pdf
RES-0020,Mia Fischer,Mobile Applications Engineer,Mobile,11,mia.fischer662@example.com,+1 (483) 984-9540,"Chicago, IL",National University of Singapore,M.Tech in Data Science & Artificial Intelligence,"Kotlin, Dart, React Native, Firebase, State Management, Swift, Flutter, Mobile CI/CD",Google Associate Android Developer,81,Strong Candidate,RES-0020_Mia_Fischer.pdf
RES-0021,Neha Brown,Java Enterprise & Distributed Systems Architect,Enterprise Systems,7,neha.brown862@example.com,+1 (630) 598-1320,"Dublin, Ireland",Stanford University,M.S. in Robotics and Autonomous Systems,"Docker, gRPC, Kafka, Hibernate, Spring Boot, PostgreSQL, Java 21",Spring Certified Professional,87,Strong Candidate,RES-0021_Neha_Brown.pdf
RES-0022,Simran Verma,Embedded Systems & IoT Firmware Engineer,Hardware / IoT,11,simran.verma938@example.com,+1 (603) 806-1444,"Seattle, WA",IIT Bombay,B.S. in Cybersecurity and Information Assurance,"C/C++, FreeRTOS, ARM Cortex, PCB Debugging, Embedded Linux, I2C/SPI/UART",Embedded Linux Developer Certificate,98,Mastered,RES-0022_Simran_Verma.pdf
RES-0023,Varun Jones,Blockchain & Smart Contract Engineer,Web3 / Blockchain,4,varun.jones675@example.com,+1 (270) 999-1659,"San Francisco, CA",TUM Munich,M.Tech in Data Science & Artificial Intelligence,"Hardhat, Rust, Smart Contract Security, Solidity, IPFS, Web3.js",Blockchain Council Certified Smart Contract Developer,80,Strong Candidate,RES-0023_Varun_Jones.pdf
RES-0024,Olivia Iyer,Site Reliability Engineer (SRE),DevOps / Reliability,12,olivia.iyer616@example.com,+1 (907) 842-4978,"Austin, TX",Vellore Institute of Technology (VIT),B.E. in Information Technology,"Go, Kubernetes, Chaos Engineering, OpenTelemetry, Terraform, Linux Kernel",Google Cloud Professional DevOps Engineer,91,Mastered,RES-0024_Olivia_Iyer.pdf
RES-0025,Anjali Bose,Python Backend Engineer,Backend,7,anjali.bose286@example.com,+1 (830) 751-8921,"Tokyo, Japan",University of Oxford,B.E. in Information Technology,"Redis, REST APIs, FastAPI, PostgreSQL, AWS, Docker",PCEP – Certified Entry-Level Python Programmer,96,Mastered,RES-0025_Anjali_Bose.pdf
RES-0026,Matthew Deshmukh,Full Stack React & Node Developer,Full Stack,4,matthew.deshmukh911@example.com,+1 (482) 769-1166,"Denver, CO",BITS Pilani,B.S. in Computer Science,"Express, Tailwind CSS, GraphQL, MongoDB, Next.js, React 18, Node.js",OpenJS Node.js Application Developer (JAD),81,Strong Candidate,RES-0026_Matthew_Deshmukh.pdf
RES-0027,Noah Lopez,Data Scientist & AI/ML Engineer,AI / ML,5,noah.lopez370@example.com,+1 (919) 664-5438,"Berlin, Germany",Carnegie Mellon University,M.Tech in Data Science & Artificial Intelligence,"PyTorch, TensorFlow, LLMs, Computer Vision, Scikit-Learn, MLOps, NLP",DeepLearning.AI ML Specialization,68,Developing,RES-0027_Noah_Lopez.pdf
RES-0028,Simran Kapoor,Cloud & DevOps Solutions Architect,Cloud / DevOps,11,simran.kapoor290@example.com,+1 (246) 255-5786,"Boston, MA",Carnegie Mellon University,M.S. in Robotics and Autonomous Systems,"CI/CD, Ansible, Docker, Grafana, Terraform, Kubernetes, AWS, Prometheus",Certified Kubernetes Administrator (CKA),70,Developing,RES-0028_Simran_Kapoor.pdf
RES-0029,Mia Malhotra,SQL & Data Platform Engineer,Data Engineering,7,mia.malhotra581@example.com,+1 (982) 626-4697,"Denver, CO",University of Toronto,M.S. in Robotics and Autonomous Systems,"Data Warehousing, Airflow, Python, SQL, PostgreSQL, Kafka, dbt, Snowflake",Databricks Certified Data Engineer Associate,82,Strong Candidate,RES-0029_Mia_Malhotra.pdf
RES-0030,Matthew Lee,Cybersecurity & Security Operations Engineer,Cybersecurity,12,matthew.lee308@example.com,+1 (233) 437-5720,"Berlin, Germany",UC Berkeley,M.S. in Robotics and Autonomous Systems,"Network Security, SOC, SIEM, Wireshark, Splunk, Penetration Testing, Python",Certified Ethical Hacker (CEH),82,Strong Candidate,RES-0030_Matthew_Lee.pdf
RES-0031,Sebastian Deshmukh,Frontend Performance Specialist,Frontend,8,sebastian.deshmukh422@example.com,+1 (478) 712-9847,"Chicago, IL",NIT Trichy,B.S. in Computer Science,"Web Workers, Three.js, Vue.js, TypeScript, Performance Optimization, WebGL, CSS3",Meta Front-End Professional,88,Mastered,RES-0031_Sebastian_Deshmukh.pdf
RES-0032,Riya Nair,Mobile Applications Engineer,Mobile,11,riya.nair491@example.com,+1 (556) 618-6460,"Toronto, Canada",IIT Delhi,B.S. in Computer Science,"State Management, React Native, Firebase, Swift, Flutter, Dart, Kotlin, Mobile CI/CD",iOS App Development Certificate,74,Developing,RES-0032_Riya_Nair.pdf
RES-0033,Anjali Wilson,Java Enterprise & Distributed Systems Architect,Enterprise Systems,4,anjali.wilson647@example.com,+1 (974) 710-8242,"New York, NY",University of Washington,B.E. in Information Technology,"gRPC, PostgreSQL, Kafka, Java 21, Hibernate, Microservices, Docker",Oracle Certified Professional: Java SE Developer,88,Mastered,RES-0033_Anjali_Wilson.pdf
RES-0034,Avery Perez,Embedded Systems & IoT Firmware Engineer,Hardware / IoT,7,avery.perez965@example.com,+1 (933) 498-9337,"London, UK",University of Waterloo,M.S. in Robotics and Autonomous Systems,"FreeRTOS, ARM Cortex, Embedded Linux, MQTT, I2C/SPI/UART, C/C++, PCB Debugging, Python",Embedded Linux Developer Certificate,85,Strong Candidate,RES-0034_Avery_Perez.pdf
RES-0035,Ishaan Gonzalez,Blockchain & Smart Contract Engineer,Web3 / Blockchain,8,ishaan.gonzalez350@example.com,+1 (765) 981-9903,"Zurich, Switzerland",IIT Madras,M.S. in Electrical and Computer Engineering,"IPFS, Rust, Hardhat, Solidity, Ethereum, Web3.js",Blockchain Council Certified Smart Contract Developer,95,Mastered,RES-0035_Ishaan_Gonzalez.pdf
RES-0036,Taylor Takahashi,Site Reliability Engineer (SRE),DevOps / Reliability,1,taylor.takahashi875@example.com,+1 (650) 302-9617,"Tokyo, Japan",ETH Zurich,M.S. in Software Engineering,"Python, OpenTelemetry, Kubernetes, Incident Management, Terraform, Chaos Engineering",Certified Kubernetes Security Specialist (CKS),87,Strong Candidate,RES-0036_Taylor_Takahashi.pdf
RES-0037,Siddharth Garcia,Python Backend Engineer,Backend,7,siddharth.garcia656@example.com,+1 (900) 494-4727,"Seattle, WA",UCLA,B.S. in Computer Science,"REST APIs, Django, Docker, AWS, Python, Redis",PCEP – Certified Entry-Level Python Programmer,73,Developing,RES-0037_Siddharth_Garcia.pdf
RES-0038,Michael Nair,Full Stack React & Node Developer,Full Stack,10,michael.nair634@example.com,+1 (591) 834-4945,"Chicago, IL",BITS Pilani,M.S. in Software Engineering,"GraphQL, Node.js, Tailwind CSS, React 18, Express, TypeScript, Next.js",Meta Certified Front-End Developer,80,Strong Candidate,RES-0038_Michael_Nair.pdf
RES-0039,Ishaan Gupta,Data Scientist & AI/ML Engineer,AI / ML,5,ishaan.gupta252@example.com,+1 (590) 785-6881,"Dublin, Ireland",Stanford University,B.E. in Information Technology,"Computer Vision, NLP, Python, MLOps, LLMs, Scikit-Learn, PyTorch, Pandas",DeepLearning.AI ML Specialization,77,Strong Candidate,RES-0039_Ishaan_Gupta.pdf
RES-0040,Jacob Patel,Cloud & DevOps Solutions Architect,Cloud / DevOps,5,jacob.patel603@example.com,+1 (573) 949-3153,"Seattle, WA",Princeton University,M.S. in Electrical and Computer Engineering,"Terraform, Prometheus, CI/CD, Grafana, Linux, Kubernetes",Certified Kubernetes Administrator (CKA),98,Mastered,RES-0040_Jacob_Patel.pdf
RES-0041,Ella Wilson,SQL & Data Platform Engineer,Data Engineering,2,ella.wilson102@example.com,+1 (604) 214-5332,"Amsterdam, Netherlands",Georgia Institute of Technology,M.S. in Robotics and Autonomous Systems,"Airflow, Data Warehousing, Python, Kafka, Snowflake, PostgreSQL, SQL, dbt",Databricks Certified Data Engineer Associate,88,Mastered,RES-0041_Ella_Wilson.pdf
RES-0042,Hannah Chen,Cybersecurity & Security Operations Engineer,Cybersecurity,3,hannah.chen727@example.com,+1 (509) 864-7689,"Austin, TX",Massachusetts Institute of Technology (MIT),B.Tech in Computer Science and Engineering,"Splunk, SIEM, SOC, Wireshark, Python, Network Security, Penetration Testing",Certified Ethical Hacker (CEH),98,Mastered,RES-0042_Hannah_Chen.pdf
RES-0043,Amelia Patel,Frontend Performance Specialist,Frontend,4,amelia.patel716@example.com,+1 (579) 422-8264,"Tokyo, Japan",Carnegie Mellon University,M.S. in Electrical and Computer Engineering,"Web Workers, TypeScript, WebGL, Vue.js, React, Performance Optimization, CSS3",Google Mobile Web Specialist,86,Strong Candidate,RES-0043_Amelia_Patel.pdf
RES-0044,Ava Schneider,Mobile Applications Engineer,Mobile,1,ava.schneider900@example.com,+1 (438) 536-3417,"Stockholm, Sweden",IIT Bombay,B.E. in Information Technology,"Kotlin, Mobile CI/CD, Dart, Flutter, State Management, Swift, React Native, Firebase",Google Associate Android Developer,84,Strong Candidate,RES-0044_Ava_Schneider.pdf
RES-0045,Sam Chatterjee,Java Enterprise & Distributed Systems Architect,Enterprise Systems,10,sam.chatterjee75@example.com,+1 (687) 659-6931,"Denver, CO",University of Toronto,B.S. in Computer Science,"Java 21, PostgreSQL, Docker, Hibernate, Microservices, Spring Boot, gRPC, Kafka",Spring Certified Professional,70,Developing,RES-0045_Sam_Chatterjee.pdf
RES-0046,Pat Davis,Embedded Systems & IoT Firmware Engineer,Hardware / IoT,7,pat.davis649@example.com,+1 (848) 799-9984,"Toronto, Canada",University of Toronto,B.E. in Information Technology,"Embedded Linux, PCB Debugging, I2C/SPI/UART, C/C++, Python, ARM Cortex, FreeRTOS",Arm Accredited Engineer (AAE),79,Strong Candidate,RES-0046_Pat_Davis.pdf
RES-0047,Avery Joshi,Blockchain & Smart Contract Engineer,Web3 / Blockchain,2,avery.joshi955@example.com,+1 (685) 268-2494,"Seattle, WA",Carnegie Mellon University,B.S. in Cybersecurity and Information Assurance,"Ethereum, Ethers.js, Solidity, IPFS, Smart Contract Security, Hardhat, Web3.js",Blockchain Council Certified Smart Contract Developer,86,Strong Candidate,RES-0047_Avery_Joshi.pdf
RES-0048,Tanvi Brown,Site Reliability Engineer (SRE),DevOps / Reliability,6,tanvi.brown168@example.com,+1 (872) 693-4674,"Austin, TX",Carnegie Mellon University,M.S. in Electrical and Computer Engineering,"OpenTelemetry, Terraform, Linux Kernel, Chaos Engineering, Go, Kubernetes, Python, Incident Management",Certified Kubernetes Security Specialist (CKS),91,Mastered,RES-0048_Tanvi_Brown.pdf
RES-0049,Ananya Nair,Python Backend Engineer,Backend,8,ananya.nair774@example.com,+1 (743) 420-7163,"Sydney, Australia",IIT Delhi,M.S. in Electrical and Computer Engineering,"Docker, FastAPI, Python, REST APIs, AWS, Celery, Django, PostgreSQL",PCEP – Certified Entry-Level Python Programmer,79,Strong Candidate,RES-0049_Ananya_Nair.pdf
RES-0050,Lily Malhotra,Full Stack React & Node Developer,Full Stack,11,lily.malhotra300@example.com,+1 (894) 894-8972,"Denver, CO",Massachusetts Institute of Technology (MIT),B.E. in Information Technology,"React 18, GraphQL, TypeScript, Node.js, Tailwind CSS, MongoDB, Express, Next.js",OpenJS Node.js Application Developer (JAD),84,Strong Candidate,RES-0050_Lily_Malhotra.pdf
RES-0051,Ella Fischer,Data Scientist & AI/ML Engineer,AI / ML,7,ella.fischer694@example.com,+1 (562) 273-7505,"New York, NY",University of Toronto,B.Tech in Computer Science and Engineering,"Computer Vision, LLMs, Pandas, MLOps, Scikit-Learn, TensorFlow, Python",AWS Certified Machine Learning - Specialty,75,Strong Candidate,RES-0051_Ella_Fischer.pdf
RES-0052,Lily Ramirez,Cloud & DevOps Solutions Architect,Cloud / DevOps,12,lily.ramirez420@example.com,+1 (736) 280-7484,"Berlin, Germany",BITS Pilani,M.S. in Electrical and Computer Engineering,"Kubernetes, Linux, CI/CD, Grafana, Ansible, Terraform",Certified Kubernetes Administrator (CKA),92,Mastered,RES-0052_Lily_Ramirez.pdf
RES-0053,Kavya Johnson,SQL & Data Platform Engineer,Data Engineering,10,kavya.johnson984@example.com,+1 (991) 843-9095,"Tokyo, Japan",Vellore Institute of Technology (VIT),M.S. in Robotics and Autonomous Systems,"Kafka, SQL, Apache Spark, dbt, PostgreSQL, Python, Data Warehousing, Snowflake",Databricks Certified Data Engineer Associate,79,Strong Candidate,RES-0053_Kavya_Johnson.pdf
RES-0054,Alexander Iyer,Cybersecurity & Security Operations Engineer,Cybersecurity,8,alexander.iyer670@example.com,+1 (292) 829-9307,"Zurich, Switzerland",University of Toronto,B.Tech in Computer Science and Engineering,"Network Security, Penetration Testing, Wireshark, SOC, Splunk, SIEM, Python, OWASP Top 10",Certified Ethical Hacker (CEH),79,Strong Candidate,RES-0054_Alexander_Iyer.pdf
RES-0055,Divya Chen,Frontend Performance Specialist,Frontend,1,divya.chen299@example.com,+1 (596) 618-6543,"Stockholm, Sweden",UC Berkeley,M.S. in Electrical and Computer Engineering,"Performance Optimization, Vue.js, CSS3, Three.js, React, WebGL, TypeScript, Web Workers",Meta Front-End Professional,88,Mastered,RES-0055_Divya_Chen.pdf
RES-0056,Karan Schneider,Mobile Applications Engineer,Mobile,11,karan.schneider140@example.com,+1 (886) 919-9624,"Seattle, WA",Purdue University,B.S. in Cybersecurity and Information Assurance,"Kotlin, Dart, Mobile CI/CD, React Native, Swift, Flutter, State Management",Google Associate Android Developer,96,Mastered,RES-0056_Karan_Schneider.pdf
RES-0057,Madison Kapoor,Java Enterprise & Distributed Systems Architect,Enterprise Systems,12,madison.kapoor621@example.com,+1 (585) 357-3658,"Bengaluru, India",Princeton University,M.S. in Software Engineering,"PostgreSQL, gRPC, Docker, Spring Boot, Kafka, Microservices, Hibernate",Spring Certified Professional,92,Mastered,RES-0057_Madison_Kapoor.pdf
RES-0058,Gaurav Thompson,Embedded Systems & IoT Firmware Engineer,Hardware / IoT,3,gaurav.thompson550@example.com,+1 (628) 365-4271,"Stockholm, Sweden",Massachusetts Institute of Technology (MIT),B.E. in Information Technology,"Embedded Linux, I2C/SPI/UART, MQTT, C/C++, FreeRTOS, PCB Debugging, ARM Cortex",Embedded Linux Developer Certificate,69,Developing,RES-0058_Gaurav_Thompson.pdf
RES-0059,Lucas Thompson,Blockchain & Smart Contract Engineer,Web3 / Blockchain,4,lucas.thompson392@example.com,+1 (441) 595-2337,Singapore,University of Oxford,B.Tech in Computer Science and Engineering,"Web3.js, IPFS, Rust, Smart Contract Security, Solidity, Ethers.js, Ethereum, Hardhat",Blockchain Council Certified Smart Contract Developer,71,Developing,RES-0059_Lucas_Thompson.pdf
RES-0060,Alexander Garcia,Site Reliability Engineer (SRE),DevOps / Reliability,11,alexander.garcia318@example.com,+1 (324) 248-4906,"Sydney, Australia",UC Berkeley,M.S. in Robotics and Autonomous Systems,"Go, Incident Management, Chaos Engineering, Terraform, Python, Kubernetes, Linux Kernel",Google Cloud Professional DevOps Engineer,70,Developing,RES-0060_Alexander_Garcia.pdf
RES-0061,Harsh Harris,Python Backend Engineer,Backend,8,harsh.harris529@example.com,+1 (719) 767-1333,"Zurich, Switzerland",Delhi Technological University (DTU),B.Tech in Computer Science and Engineering,"Redis, Python, Django, REST APIs, Celery, FastAPI, AWS",Docker Certified Associate,94,Mastered,RES-0061_Harsh_Harris.pdf
RES-0062,Hannah Deshmukh,Full Stack React & Node Developer,Full Stack,12,hannah.deshmukh500@example.com,+1 (846) 386-3209,"Seattle, WA",Massachusetts Institute of Technology (MIT),M.S. in Robotics and Autonomous Systems,"Express, React 18, Node.js, Tailwind CSS, GraphQL, Next.js",OpenJS Node.js Application Developer (JAD),81,Strong Candidate,RES-0062_Hannah_Deshmukh.pdf
RES-0063,Zoe Chatterjee,Data Scientist & AI/ML Engineer,AI / ML,12,zoe.chatterjee460@example.com,+1 (595) 547-4060,"Chicago, IL",Georgia Institute of Technology,M.S. in Robotics and Autonomous Systems,"NLP, PyTorch, Pandas, Scikit-Learn, Python, Computer Vision, TensorFlow, LLMs",DeepLearning.AI ML Specialization,73,Developing,RES-0063_Zoe_Chatterjee.pdf
RES-0064,Jacob Gonzalez,Cloud & DevOps Solutions Architect,Cloud / DevOps,7,jacob.gonzalez467@example.com,+1 (243) 944-6776,"Stockholm, Sweden",Delhi Technological University (DTU),B.E. in Information Technology,"Kubernetes, Grafana, Terraform, CI/CD, Linux, AWS",AWS Certified Solutions Architect - Professional,87,Strong Candidate,RES-0064_Jacob_Gonzalez.pdf
RES-0065,Avery Joshi,SQL & Data Platform Engineer,Data Engineering,10,avery.joshi470@example.com,+1 (579) 580-8273,"Seattle, WA",Purdue University,M.S. in Software Engineering,"Airflow, dbt, PostgreSQL, Data Warehousing, Apache Spark, Python, Snowflake",Databricks Certified Data Engineer Associate,74,Developing,RES-0065_Avery_Joshi.pdf
RES-0066,Chris Kapoor,Cybersecurity & Security Operations Engineer,Cybersecurity,2,chris.kapoor883@example.com,+1 (275) 662-3828,"Tokyo, Japan",Vellore Institute of Technology (VIT),M.S. in Electrical and Computer Engineering,"Wireshark, Penetration Testing, Splunk, Python, OWASP Top 10, Network Security",CompTIA Security+,82,Strong Candidate,RES-0066_Chris_Kapoor.pdf
RES-0067,Noah Kapoor,Frontend Performance Specialist,Frontend,12,noah.kapoor636@example.com,+1 (288) 267-6067,"Zurich, Switzerland",Purdue University,M.S. in Robotics and Autonomous Systems,"React, CSS3, Vue.js, TypeScript, WebGL, Performance Optimization, Web Workers",Google Mobile Web Specialist,77,Strong Candidate,RES-0067_Noah_Kapoor.pdf
RES-0068,Sophia Smith,Mobile Applications Engineer,Mobile,5,sophia.smith340@example.com,+1 (926) 430-6669,"Denver, CO",National University of Singapore,B.S. in Computer Science,"Kotlin, Dart, Firebase, React Native, Flutter, State Management, Swift, Mobile CI/CD",Google Associate Android Developer,88,Mastered,RES-0068_Sophia_Smith.pdf
RES-0069,James Bhat,Java Enterprise & Distributed Systems Architect,Enterprise Systems,11,james.bhat595@example.com,+1 (626) 832-1496,"Chicago, IL",Delhi Technological University (DTU),B.E. in Information Technology,"Kafka, Docker, PostgreSQL, gRPC, Microservices, Spring Boot, Java 21",Oracle Certified Professional: Java SE Developer,91,Mastered,RES-0069_James_Bhat.pdf
RES-0070,Varun Thomas,Embedded Systems & IoT Firmware Engineer,Hardware / IoT,2,varun.thomas143@example.com,+1 (978) 579-9437,"Amsterdam, Netherlands",BITS Pilani,M.S. in Electrical and Computer Engineering,"Python, Embedded Linux, PCB Debugging, C/C++, MQTT, I2C/SPI/UART, FreeRTOS",Embedded Linux Developer Certificate,84,Strong Candidate,RES-0070_Varun_Thomas.pdf
RES-0071,Hannah Perez,Blockchain & Smart Contract Engineer,Web3 / Blockchain,7,hannah.perez910@example.com,+1 (515) 709-1379,"Seattle, WA",BITS Pilani,M.S. in Robotics and Autonomous Systems,"Solidity, Smart Contract Security, Ethereum, Hardhat, Ethers.js, Rust, IPFS",Certified Ethereum Developer,86,Strong Candidate,RES-0071_Hannah_Perez.pdf
RES-0072,Ella Williams,Site Reliability Engineer (SRE),DevOps / Reliability,9,ella.williams381@example.com,+1 (766) 495-2204,"Zurich, Switzerland",UCLA,M.S. in Robotics and Autonomous Systems,"Python, Linux Kernel, Go, OpenTelemetry, Kubernetes, Terraform, Chaos Engineering, Incident Management",Certified Kubernetes Security Specialist (CKS),93,Mastered,RES-0072_Ella_Williams.pdf
RES-0073,Pranav White,Python Backend Engineer,Backend,6,pranav.white477@example.com,+1 (352) 820-9446,"Boston, MA",IIT Delhi,M.S. in Electrical and Computer Engineering,"Redis, Docker, AWS, Celery, REST APIs, PostgreSQL, Django, FastAPI",PCEP – Certified Entry-Level Python Programmer,87,Strong Candidate,RES-0073_Pranav_White.pdf
RES-0074,Pranav Miller,Full Stack React & Node Developer,Full Stack,10,pranav.miller681@example.com,+1 (994) 792-4728,"New York, NY",IIT Delhi,M.S. in Robotics and Autonomous Systems,"MongoDB, TypeScript, Tailwind CSS, GraphQL, React 18, Node.js, Express, Next.js",Meta Certified Front-End Developer,95,Mastered,RES-0074_Pranav_Miller.pdf
RES-0075,Neha Singhania,Data Scientist & AI/ML Engineer,AI / ML,9,neha.singhania151@example.com,+1 (731) 412-6325,"Chicago, IL",University of Oxford,B.S. in Cybersecurity and Information Assurance,"LLMs, Pandas, NLP, TensorFlow, MLOps, Scikit-Learn, Python",TensorFlow Developer Certificate,79,Strong Candidate,RES-0075_Neha_Singhania.pdf
RES-0076,Ella Zhang,Cloud & DevOps Solutions Architect,Cloud / DevOps,10,ella.zhang966@example.com,+1 (938) 480-5715,"Austin, TX",University of Illinois Urbana-Champaign,B.S. in Cybersecurity and Information Assurance,"CI/CD, AWS, Terraform, Prometheus, Ansible, Grafana",Certified Kubernetes Administrator (CKA),72,Developing,RES-0076_Ella_Zhang.pdf
RES-0077,Morgan Robinson,SQL & Data Platform Engineer,Data Engineering,11,morgan.robinson768@example.com,+1 (800) 445-4972,"New York, NY",Delhi Technological University (DTU),M.Tech in Data Science & Artificial Intelligence,"Data Warehousing, Kafka, Python, dbt, PostgreSQL, Apache Spark",Snowflake SnowPro Core Certification,88,Mastered,RES-0077_Morgan_Robinson.pdf
RES-0078,Neha Chen,Cybersecurity & Security Operations Engineer,Cybersecurity,12,neha.chen797@example.com,+1 (291) 867-4804,"Amsterdam, Netherlands",IIT Delhi,B.Tech in Computer Science and Engineering,"SIEM, OWASP Top 10, Network Security, Python, Splunk, Penetration Testing",Certified Ethical Hacker (CEH),96,Mastered,RES-0078_Neha_Chen.pdf
RES-0079,Riley Weber,Frontend Performance Specialist,Frontend,6,riley.weber526@example.com,+1 (679) 479-4159,"Austin, TX",Princeton University,M.S. in Software Engineering,"Vue.js, TypeScript, Web Workers, CSS3, Three.js, WebGL, Performance Optimization",Google Mobile Web Specialist,83,Strong Candidate,RES-0079_Riley_Weber.pdf
RES-0080,Deepika Zhang,Mobile Applications Engineer,Mobile,8,deepika.zhang264@example.com,+1 (206) 467-7284,"Pune, India",University of Oxford,B.E. in Information Technology,"Flutter, React Native, Firebase, Mobile CI/CD, Dart, State Management, Kotlin, Swift",iOS App Development Certificate,75,Strong Candidate,RES-0080_Deepika_Zhang.pdf
RES-0081,Riley Lee,Java Enterprise & Distributed Systems Architect,Enterprise Systems,12,riley.lee166@example.com,+1 (665) 965-7121,"Sydney, Australia",UCLA,M.S. in Robotics and Autonomous Systems,"Kafka, Docker, Spring Boot, Hibernate, Java 21, Microservices, PostgreSQL, gRPC",Oracle Certified Professional: Java SE Developer,78,Strong Candidate,RES-0081_Riley_Lee.pdf
RES-0082,Anjali Jackson,Embedded Systems & IoT Firmware Engineer,Hardware / IoT,9,anjali.jackson129@example.com,+1 (896) 410-9008,"Seattle, WA",Imperial College London,M.S. in Robotics and Autonomous Systems,"PCB Debugging, ARM Cortex, MQTT, C/C++, Python, FreeRTOS",Embedded Linux Developer Certificate,79,Strong Candidate,RES-0082_Anjali_Jackson.pdf
RES-0083,Siddharth Harris,Blockchain & Smart Contract Engineer,Web3 / Blockchain,7,siddharth.harris71@example.com,+1 (270) 683-1519,"Berlin, Germany",UCLA,M.S. in Software Engineering,"IPFS, Ethereum, Hardhat, Web3.js, Ethers.js, Rust, Solidity, Smart Contract Security",Blockchain Council Certified Smart Contract Developer,82,Strong Candidate,RES-0083_Siddharth_Harris.pdf
RES-0084,Yash Moore,Site Reliability Engineer (SRE),DevOps / Reliability,6,yash.moore554@example.com,+1 (588) 435-5055,"Tokyo, Japan",National University of Singapore,M.S. in Software Engineering,"Python, Go, Incident Management, OpenTelemetry, Terraform, Chaos Engineering, Kubernetes, Linux Kernel",Certified Kubernetes Security Specialist (CKS),80,Strong Candidate,RES-0084_Yash_Moore.pdf
RES-0085,Jacob Jones,Python Backend Engineer,Backend,9,jacob.jones562@example.com,+1 (422) 972-1924,"Boston, MA",BITS Pilani,B.E. in Information Technology,"Docker, AWS, FastAPI, Django, Celery, Redis, PostgreSQL, REST APIs",PCEP – Certified Entry-Level Python Programmer,98,Mastered,RES-0085_Jacob_Jones.pdf
RES-0086,Gaurav Dubois,Full Stack React & Node Developer,Full Stack,3,gaurav.dubois547@example.com,+1 (526) 913-7821,"Sydney, Australia",University of Illinois Urbana-Champaign,B.E. in Information Technology,"GraphQL, TypeScript, MongoDB, Node.js, Tailwind CSS, Express, React 18, Next.js",OpenJS Node.js Application Developer (JAD),97,Mastered,RES-0086_Gaurav_Dubois.pdf
RES-0087,Grace Weber,Data Scientist & AI/ML Engineer,AI / ML,5,grace.weber389@example.com,+1 (294) 748-4120,"New York, NY",Vellore Institute of Technology (VIT),B.S. in Cybersecurity and Information Assurance,"PyTorch, Scikit-Learn, Computer Vision, NLP, Pandas, LLMs",AWS Certified Machine Learning - Specialty,80,Strong Candidate,RES-0087_Grace_Weber.pdf
RES-0088,Liam Sanchez,Cloud & DevOps Solutions Architect,Cloud / DevOps,9,liam.sanchez339@example.com,+1 (994) 489-7236,"Tokyo, Japan",University of Cambridge,M.S. in Electrical and Computer Engineering,"Ansible, Linux, AWS, Prometheus, Docker, Terraform, Grafana, Kubernetes",Certified Kubernetes Administrator (CKA),77,Strong Candidate,RES-0088_Liam_Sanchez.pdf
RES-0089,Avery Williams,SQL & Data Platform Engineer,Data Engineering,9,avery.williams347@example.com,+1 (435) 588-5026,"Chicago, IL",National University of Singapore,M.S. in Electrical and Computer Engineering,"Python, SQL, Apache Spark, Kafka, Snowflake, Data Warehousing, PostgreSQL",Databricks Certified Data Engineer Associate,94,Mastered,RES-0089_Avery_Williams.pdf
RES-0090,Isabella Iyer,Cybersecurity & Security Operations Engineer,Cybersecurity,8,isabella.iyer734@example.com,+1 (354) 209-4583,"Denver, CO",Massachusetts Institute of Technology (MIT),M.S. in Electrical and Computer Engineering,"SOC, Python, Network Security, SIEM, Wireshark, Penetration Testing, Splunk, OWASP Top 10",CompTIA Security+,84,Strong Candidate,RES-0090_Isabella_Iyer.pdf
RES-0091,Avery Garcia,Frontend Performance Specialist,Frontend,5,avery.garcia206@example.com,+1 (834) 739-5135,Singapore,UC Berkeley,B.S. in Cybersecurity and Information Assurance,"CSS3, Three.js, React, Web Workers, Vue.js, WebGL, TypeScript",Google Mobile Web Specialist,70,Developing,RES-0091_Avery_Garcia.pdf
RES-0092,Aditya Weber,Mobile Applications Engineer,Mobile,1,aditya.weber454@example.com,+1 (860) 539-2562,"Denver, CO",IIT Madras,M.Tech in Data Science & Artificial Intelligence,"State Management, React Native, Flutter, Firebase, Mobile CI/CD, Swift, Kotlin, Dart",iOS App Development Certificate,86,Strong Candidate,RES-0092_Aditya_Weber.pdf
RES-0093,Liam Clark,Java Enterprise & Distributed Systems Architect,Enterprise Systems,7,liam.clark864@example.com,+1 (598) 893-9856,"Toronto, Canada",Imperial College London,M.S. in Software Engineering,"Spring Boot, Hibernate, PostgreSQL, Microservices, Java 21, Kafka, gRPC, Docker",Oracle Certified Professional: Java SE Developer,79,Strong Candidate,RES-0093_Liam_Clark.pdf
RES-0094,Noah Anderson,Embedded Systems & IoT Firmware Engineer,Hardware / IoT,10,noah.anderson452@example.com,+1 (390) 896-7227,"Seattle, WA",Imperial College London,B.E. in Information Technology,"Embedded Linux, FreeRTOS, Python, ARM Cortex, I2C/SPI/UART, PCB Debugging",Embedded Linux Developer Certificate,72,Developing,RES-0094_Noah_Anderson.pdf
RES-0095,Jordan Johnson,Blockchain & Smart Contract Engineer,Web3 / Blockchain,2,jordan.johnson451@example.com,+1 (659) 770-9395,"Sydney, Australia",UC Berkeley,B.Tech in Computer Science and Engineering,"Web3.js, IPFS, Hardhat, Solidity, Ethereum, Rust",Blockchain Council Certified Smart Contract Developer,73,Developing,RES-0095_Jordan_Johnson.pdf
RES-0096,Riley Davis,Site Reliability Engineer (SRE),DevOps / Reliability,3,riley.davis318@example.com,+1 (474) 704-3390,"Seattle, WA",National University of Singapore,B.S. in Cybersecurity and Information Assurance,"Python, Kubernetes, Terraform, Linux Kernel, OpenTelemetry, Incident Management, Go",Google Cloud Professional DevOps Engineer,78,Strong Candidate,RES-0096_Riley_Davis.pdf
RES-0097,Lily Schneider,Python Backend Engineer,Backend,6,lily.schneider853@example.com,+1 (866) 808-3230,"Berlin, Germany",University of Waterloo,M.Tech in Data Science & Artificial Intelligence,"Docker, Redis, AWS, Celery, PostgreSQL, FastAPI, REST APIs",PCEP – Certified Entry-Level Python Programmer,98,Mastered,RES-0097_Lily_Schneider.pdf
RES-0098,Hannah Singhania,Full Stack React & Node Developer,Full Stack,11,hannah.singhania224@example.com,+1 (648) 498-2133,"Sydney, Australia",IIT Bombay,M.S. in Robotics and Autonomous Systems,"Next.js, Tailwind CSS, TypeScript, Express, GraphQL, React 18",OpenJS Node.js Application Developer (JAD),90,Mastered,RES-0098_Hannah_Singhania.pdf
RES-0099,Simran Lewis,Data Scientist & AI/ML Engineer,AI / ML,3,simran.lewis663@example.com,+1 (287) 311-5067,Singapore,IIIT Hyderabad,B.Tech in Computer Science and Engineering,"Computer Vision, Pandas, LLMs, Scikit-Learn, Python, NLP, MLOps, PyTorch",TensorFlow Developer Certificate,82,Strong Candidate,RES-0099_Simran_Lewis.pdf
RES-0100,Scarlett Deshmukh,Cloud & DevOps Solutions Architect,Cloud / DevOps,2,scarlett.deshmukh522@example.com,+1 (354) 553-1402,"Chicago, IL",ETH Zurich,B.E. in Information Technology,"Kubernetes, Terraform, Ansible, Grafana, Prometheus, Docker",AWS Certified Solutions Architect - Professional,78,Strong Candidate,RES-0100_Scarlett_Deshmukh.pdf
RES-0101,Siddharth Martinez,SQL & Data Platform Engineer,Data Engineering,11,siddharth.martinez55@example.com,+1 (927) 317-1370,"Toronto, Canada",Vellore Institute of Technology (VIT),B.S. in Computer Science,"dbt, Snowflake, Airflow, Apache Spark, Python, SQL, Kafka, PostgreSQL",Databricks Certified Data Engineer Associate,82,Strong Candidate,RES-0101_Siddharth_Martinez.pdf
RES-0102,Scarlett Moore,Cybersecurity & Security Operations Engineer,Cybersecurity,5,scarlett.moore408@example.com,+1 (204) 921-4519,"Hyderabad, India",IIIT Hyderabad,B.S. in Computer Science,"Penetration Testing, SOC, OWASP Top 10, Splunk, Network Security, SIEM, Wireshark, Python",Offensive Security Certified Professional (OSCP),87,Strong Candidate,RES-0102_Scarlett_Moore.pdf
RES-0103,Michael Schneider,Frontend Performance Specialist,Frontend,6,michael.schneider699@example.com,+1 (922) 504-2388,"Boston, MA",BITS Pilani,B.S. in Computer Science,"Web Workers, CSS3, React, Three.js, WebGL, Performance Optimization",Google Mobile Web Specialist,83,Strong Candidate,RES-0103_Michael_Schneider.pdf
RES-0104,Alexander Kapoor,Mobile Applications Engineer,Mobile,1,alexander.kapoor201@example.com,+1 (522) 661-1878,Singapore,IIT Bombay,M.S. in Robotics and Autonomous Systems,"State Management, Swift, Firebase, Mobile CI/CD, Kotlin, React Native, Dart",iOS App Development Certificate,85,Strong Candidate,RES-0104_Alexander_Kapoor.pdf
RES-0105,Alexander Smith,Java Enterprise & Distributed Systems Architect,Enterprise Systems,9,alexander.smith809@example.com,+1 (668) 779-9115,"Amsterdam, Netherlands",IIIT Hyderabad,B.S. in Computer Science,"PostgreSQL, Hibernate, Java 21, Kafka, Spring Boot, Docker, gRPC, Microservices",Spring Certified Professional,95,Mastered,RES-0105_Alexander_Smith.pdf
RES-0106,Henry Rao,Embedded Systems & IoT Firmware Engineer,Hardware / IoT,4,henry.rao448@example.com,+1 (369) 830-3281,"Hyderabad, India",IIIT Hyderabad,B.Tech in Computer Science and Engineering,"FreeRTOS, Python, I2C/SPI/UART, PCB Debugging, MQTT, ARM Cortex, Embedded Linux",Arm Accredited Engineer (AAE),94,Mastered,RES-0106_Henry_Rao.pdf
RES-0107,Mia Kulkarni,Blockchain & Smart Contract Engineer,Web3 / Blockchain,10,mia.kulkarni873@example.com,+1 (892) 602-9019,"Boston, MA",Delhi Technological University (DTU),B.E. in Information Technology,"Rust, Web3.js, Solidity, Hardhat, Ethereum, Ethers.js, Smart Contract Security",Blockchain Council Certified Smart Contract Developer,74,Developing,RES-0107_Mia_Kulkarni.pdf
RES-0108,Logan Schneider,Site Reliability Engineer (SRE),DevOps / Reliability,6,logan.schneider226@example.com,+1 (706) 474-6289,"Berlin, Germany",IIIT Hyderabad,M.S. in Software Engineering,"Go, Linux Kernel, Terraform, OpenTelemetry, Incident Management, Chaos Engineering, Kubernetes",Google Cloud Professional DevOps Engineer,88,Mastered,RES-0108_Logan_Schneider.pdf
RES-0109,Akash Miller,Python Backend Engineer,Backend,7,akash.miller94@example.com,+1 (580) 880-3711,"New York, NY",Princeton University,B.E. in Information Technology,"Celery, FastAPI, Docker, Python, AWS, REST APIs",PCEP – Certified Entry-Level Python Programmer,94,Mastered,RES-0109_Akash_Miller.pdf
RES-0110,Chris Takahashi,Full Stack React & Node Developer,Full Stack,4,chris.takahashi442@example.com,+1 (910) 335-8826,"Seattle, WA",UC Berkeley,B.S. in Cybersecurity and Information Assurance,"TypeScript, Node.js, MongoDB, Tailwind CSS, GraphQL, Express",Meta Certified Front-End Developer,91,Mastered,RES-0110_Chris_Takahashi.pdf
RES-0111,Ava Rao,Data Scientist & AI/ML Engineer,AI / ML,2,ava.rao776@example.com,+1 (355) 621-8248,"Hyderabad, India",IIT Bombay,B.S. in Computer Science,"Computer Vision, Pandas, Scikit-Learn, TensorFlow, PyTorch, NLP, LLMs, Python",TensorFlow Developer Certificate,84,Strong Candidate,RES-0111_Ava_Rao.pdf
RES-0112,Victoria Thompson,Cloud & DevOps Solutions Architect,Cloud / DevOps,4,victoria.thompson203@example.com,+1 (965) 601-5842,"New York, NY",University of Illinois Urbana-Champaign,M.S. in Robotics and Autonomous Systems,"Kubernetes, AWS, Terraform, Grafana, Linux, Docker, Prometheus",Certified Kubernetes Administrator (CKA),74,Developing,RES-0112_Victoria_Thompson.pdf
RES-0113,Pooja Zhang,SQL & Data Platform Engineer,Data Engineering,7,pooja.zhang71@example.com,+1 (607) 718-5693,"Denver, CO",Harvard University,B.S. in Cybersecurity and Information Assurance,"SQL, Snowflake, Python, PostgreSQL, Data Warehousing, Kafka, Airflow, dbt",Snowflake SnowPro Core Certification,91,Mastered,RES-0113_Pooja_Zhang.pdf
RES-0114,Liam Reddy,Cybersecurity & Security Operations Engineer,Cybersecurity,10,liam.reddy260@example.com,+1 (288) 644-2900,"Tokyo, Japan",University of Cambridge,B.Tech in Computer Science and Engineering,"Penetration Testing, SIEM, OWASP Top 10, Splunk, Python, Network Security, Wireshark, SOC",Offensive Security Certified Professional (OSCP),76,Strong Candidate,RES-0114_Liam_Reddy.pdf
RES-0115,Harsh Iyer,Frontend Performance Specialist,Frontend,8,harsh.iyer279@example.com,+1 (929) 790-2262,"Chicago, IL",Massachusetts Institute of Technology (MIT),M.S. in Electrical and Computer Engineering,"Vue.js, CSS3, React, Performance Optimization, TypeScript, Three.js, WebGL, Web Workers",Google Mobile Web Specialist,85,Strong Candidate,RES-0115_Harsh_Iyer.pdf
RES-0116,Chloe Jones,Mobile Applications Engineer,Mobile,2,chloe.jones339@example.com,+1 (454) 626-6241,"London, UK",Carnegie Mellon University,M.S. in Electrical and Computer Engineering,"React Native, Dart, Kotlin, Flutter, Swift, Firebase",iOS App Development Certificate,74,Developing,RES-0116_Chloe_Jones.pdf
RES-0117,Harper Clark,Java Enterprise & Distributed Systems Architect,Enterprise Systems,6,harper.clark813@example.com,+1 (511) 957-4974,"Tokyo, Japan",UCLA,M.S. in Robotics and Autonomous Systems,"Kafka, Spring Boot, Java 21, gRPC, PostgreSQL, Hibernate, Docker, Microservices",Spring Certified Professional,72,Developing,RES-0117_Harper_Clark.pdf
RES-0118,Amelia Nair,Embedded Systems & IoT Firmware Engineer,Hardware / IoT,8,amelia.nair54@example.com,+1 (437) 732-7767,Singapore,IIIT Hyderabad,B.S. in Computer Science,"PCB Debugging, C/C++, MQTT, I2C/SPI/UART, Python, Embedded Linux",Arm Accredited Engineer (AAE),75,Strong Candidate,RES-0118_Amelia_Nair.pdf
RES-0119,Kavya Williams,Blockchain & Smart Contract Engineer,Web3 / Blockchain,2,kavya.williams149@example.com,+1 (998) 988-2785,"Boston, MA",University of Toronto,M.S. in Software Engineering,"Rust, Ethers.js, Ethereum, Smart Contract Security, Hardhat, IPFS, Web3.js",Blockchain Council Certified Smart Contract Developer,74,Developing,RES-0119_Kavya_Williams.pdf
RES-0120,Deepika Chopra,Site Reliability Engineer (SRE),DevOps / Reliability,9,deepika.chopra103@example.com,+1 (928) 454-6828,"Zurich, Switzerland",Vellore Institute of Technology (VIT),B.Tech in Computer Science and Engineering,"Go, OpenTelemetry, Terraform, Chaos Engineering, Python, Linux Kernel",Google Cloud Professional DevOps Engineer,89,Mastered,RES-0120_Deepika_Chopra.pdf
RES-0121,Alex Ramirez,Python Backend Engineer,Backend,4,alex.ramirez610@example.com,+1 (465) 276-1357,"Seattle, WA",Imperial College London,M.S. in Robotics and Autonomous Systems,"FastAPI, Python, PostgreSQL, REST APIs, AWS, Celery, Django",PCEP – Certified Entry-Level Python Programmer,76,Strong Candidate,RES-0121_Alex_Ramirez.pdf
RES-0122,Grace Watanabe,Full Stack React & Node Developer,Full Stack,8,grace.watanabe162@example.com,+1 (235) 828-5026,"Berlin, Germany",University of Washington,B.S. in Cybersecurity and Information Assurance,"Next.js, Express, TypeScript, MongoDB, Tailwind CSS, Node.js",Meta Certified Front-End Developer,97,Mastered,RES-0122_Grace_Watanabe.pdf
RES-0123,Jackson Thompson,Data Scientist & AI/ML Engineer,AI / ML,6,jackson.thompson339@example.com,+1 (597) 476-3946,"San Francisco, CA",Stanford University,M.Tech in Data Science & Artificial Intelligence,"Python, MLOps, NLP, TensorFlow, Computer Vision, PyTorch, LLMs",TensorFlow Developer Certificate,73,Developing,RES-0123_Jackson_Thompson.pdf
RES-0124,Liam Ramirez,Cloud & DevOps Solutions Architect,Cloud / DevOps,1,liam.ramirez335@example.com,+1 (955) 914-6878,"Dublin, Ireland",IIIT Hyderabad,M.S. in Electrical and Computer Engineering,"Docker, Ansible, CI/CD, Terraform, Kubernetes, Linux, AWS, Prometheus",AWS Certified Solutions Architect - Professional,97,Mastered,RES-0124_Liam_Ramirez.pdf
RES-0125,Henry Williams,SQL & Data Platform Engineer,Data Engineering,1,henry.williams835@example.com,+1 (333) 548-3907,"Toronto, Canada",IIT Bombay,B.Tech in Computer Science and Engineering,"Apache Spark, Kafka, PostgreSQL, Snowflake, dbt, Data Warehousing",Databricks Certified Data Engineer Associate,73,Developing,RES-0125_Henry_Williams.pdf
RES-0126,Ella Deshmukh,Cybersecurity & Security Operations Engineer,Cybersecurity,3,ella.deshmukh920@example.com,+1 (828) 565-4657,"Dublin, Ireland",University of Cambridge,B.S. in Cybersecurity and Information Assurance,"Penetration Testing, Splunk, Python, SIEM, Network Security, SOC, Wireshark",CompTIA Security+,75,Strong Candidate,RES-0126_Ella_Deshmukh.pdf
RES-0127,Varun Hernandez,Frontend Performance Specialist,Frontend,1,varun.hernandez181@example.com,+1 (851) 290-6500,"Tokyo, Japan",IIT Madras,B.E. in Information Technology,"Web Workers, Vue.js, TypeScript, CSS3, Three.js, React",Meta Front-End Professional,71,Developing,RES-0127_Varun_Hernandez.pdf
RES-0128,Ishaan Dubois,Mobile Applications Engineer,Mobile,8,ishaan.dubois894@example.com,+1 (791) 866-4695,"Bengaluru, India",Imperial College London,B.S. in Computer Science,"Flutter, React Native, Mobile CI/CD, State Management, Kotlin, Dart, Swift",iOS App Development Certificate,81,Strong Candidate,RES-0128_Ishaan_Dubois.pdf
RES-0129,Sophia Lewis,Java Enterprise & Distributed Systems Architect,Enterprise Systems,6,sophia.lewis921@example.com,+1 (644) 360-1877,"Austin, TX",IIT Madras,M.Tech in Data Science & Artificial Intelligence,"Hibernate, PostgreSQL, Microservices, Docker, Spring Boot, Java 21, gRPC, Kafka",Spring Certified Professional,68,Developing,RES-0129_Sophia_Lewis.pdf
RES-0130,James Smith,Embedded Systems & IoT Firmware Engineer,Hardware / IoT,5,james.smith663@example.com,+1 (498) 283-8758,"Austin, TX",University of Waterloo,B.S. in Cybersecurity and Information Assurance,"MQTT, C/C++, I2C/SPI/UART, Python, ARM Cortex, PCB Debugging, Embedded Linux, FreeRTOS",Embedded Linux Developer Certificate,72,Developing,RES-0130_James_Smith.pdf
RES-0131,Taylor Nair,Blockchain & Smart Contract Engineer,Web3 / Blockchain,4,taylor.nair694@example.com,+1 (552) 754-7782,"Dublin, Ireland",TUM Munich,B.Tech in Computer Science and Engineering,"IPFS, Ethers.js, Web3.js, Hardhat, Rust, Smart Contract Security, Ethereum, Solidity",Blockchain Council Certified Smart Contract Developer,73,Developing,RES-0131_Taylor_Nair.pdf
RES-0132,Sophia Brown,Site Reliability Engineer (SRE),DevOps / Reliability,2,sophia.brown837@example.com,+1 (397) 329-1699,"Sydney, Australia",IIT Madras,B.S. in Cybersecurity and Information Assurance,"Kubernetes, Terraform, Chaos Engineering, Linux Kernel, Incident Management, OpenTelemetry, Go, Python",Google Cloud Professional DevOps Engineer,93,Mastered,RES-0132_Sophia_Brown.pdf
RES-0133,Madison Ramirez,Python Backend Engineer,Backend,3,madison.ramirez545@example.com,+1 (629) 315-7790,"Boston, MA",Carnegie Mellon University,B.S. in Computer Science,"Redis, Docker, PostgreSQL, Django, Celery, AWS",Docker Certified Associate,96,Mastered,RES-0133_Madison_Ramirez.pdf
RES-0134,Karan Deshmukh,Full Stack React & Node Developer,Full Stack,6,karan.deshmukh253@example.com,+1 (250) 963-8785,"London, UK",University of Oxford,B.Tech in Computer Science and Engineering,"Next.js, Node.js, Express, React 18, TypeScript, GraphQL, Tailwind CSS",OpenJS Node.js Application Developer (JAD),97,Mastered,RES-0134_Karan_Deshmukh.pdf
RES-0135,Mason Chatterjee,Data Scientist & AI/ML Engineer,AI / ML,9,mason.chatterjee506@example.com,+1 (977) 728-7126,"New York, NY",UC Berkeley,M.S. in Software Engineering,"Computer Vision, TensorFlow, LLMs, NLP, Pandas, Python, Scikit-Learn, MLOps",TensorFlow Developer Certificate,84,Strong Candidate,RES-0135_Mason_Chatterjee.pdf
RES-0136,Lucas Rao,Cloud & DevOps Solutions Architect,Cloud / DevOps,6,lucas.rao955@example.com,+1 (326) 897-1500,"Pune, India",NIT Trichy,M.S. in Robotics and Autonomous Systems,"Linux, Prometheus, Terraform, Kubernetes, Grafana, AWS, Ansible",AWS Certified Solutions Architect - Professional,84,Strong Candidate,RES-0136_Lucas_Rao.pdf
RES-0137,Rohan Takahashi,SQL & Data Platform Engineer,Data Engineering,3,rohan.takahashi809@example.com,+1 (985) 898-1145,"Chicago, IL",NIT Trichy,M.S. in Software Engineering,"Airflow, SQL, Kafka, Data Warehousing, Snowflake, dbt",Databricks Certified Data Engineer Associate,68,Developing,RES-0137_Rohan_Takahashi.pdf
RES-0138,Nikhil Menon,Cybersecurity & Security Operations Engineer,Cybersecurity,11,nikhil.menon999@example.com,+1 (583) 774-5631,"Berlin, Germany",University of Waterloo,B.S. in Computer Science,"Python, OWASP Top 10, Penetration Testing, SOC, Wireshark, SIEM, Network Security",Offensive Security Certified Professional (OSCP),77,Strong Candidate,RES-0138_Nikhil_Menon.pdf
RES-0139,Charlotte Chen,Frontend Performance Specialist,Frontend,12,charlotte.chen438@example.com,+1 (614) 597-1578,"Dublin, Ireland",University of Oxford,M.Tech in Data Science & Artificial Intelligence,"CSS3, Web Workers, Vue.js, Three.js, Performance Optimization, TypeScript",Google Mobile Web Specialist,75,Strong Candidate,RES-0139_Charlotte_Chen.pdf
RES-0140,Shruti Jones,Mobile Applications Engineer,Mobile,5,shruti.jones772@example.com,+1 (514) 630-6428,Singapore,University of Toronto,B.E. in Information Technology,"Flutter, Mobile CI/CD, Firebase, Kotlin, State Management, Dart, Swift",Google Associate Android Developer,81,Strong Candidate,RES-0140_Shruti_Jones.pdf
RES-0141,Jackson Tanaka,Java Enterprise & Distributed Systems Architect,Enterprise Systems,2,jackson.tanaka938@example.com,+1 (668) 346-6183,"Bengaluru, India",University of Oxford,M.S. in Robotics and Autonomous Systems,"PostgreSQL, gRPC, Java 21, Docker, Kafka, Spring Boot",Oracle Certified Professional: Java SE Developer,88,Mastered,RES-0141_Jackson_Tanaka.pdf
RES-0142,Logan Thomas,Embedded Systems & IoT Firmware Engineer,Hardware / IoT,9,logan.thomas449@example.com,+1 (688) 592-1076,"New York, NY",Princeton University,M.Tech in Data Science & Artificial Intelligence,"I2C/SPI/UART, PCB Debugging, MQTT, Embedded Linux, C/C++, FreeRTOS",Arm Accredited Engineer (AAE),73,Developing,RES-0142_Logan_Thomas.pdf
RES-0143,Siddharth Schneider,Blockchain & Smart Contract Engineer,Web3 / Blockchain,10,siddharth.schneider56@example.com,+1 (505) 497-8469,"Denver, CO",ETH Zurich,M.S. in Electrical and Computer Engineering,"Web3.js, Hardhat, Ethereum, Rust, Ethers.js, IPFS",Certified Ethereum Developer,90,Mastered,RES-0143_Siddharth_Schneider.pdf
RES-0144,Vikram Anderson,Site Reliability Engineer (SRE),DevOps / Reliability,1,vikram.anderson907@example.com,+1 (855) 461-9761,"Stockholm, Sweden",Vellore Institute of Technology (VIT),B.Tech in Computer Science and Engineering,"Go, Incident Management, Linux Kernel, OpenTelemetry, Chaos Engineering, Python",Certified Kubernetes Security Specialist (CKS),77,Strong Candidate,RES-0144_Vikram_Anderson.pdf
RES-0145,Chloe Menon,Python Backend Engineer,Backend,10,chloe.menon113@example.com,+1 (878) 732-5423,"Stockholm, Sweden",ETH Zurich,M.S. in Software Engineering,"AWS, FastAPI, Django, Python, Docker, PostgreSQL",AWS Certified Developer - Associate,85,Strong Candidate,RES-0145_Chloe_Menon.pdf
RES-0146,Aditya Chen,Full Stack React & Node Developer,Full Stack,1,aditya.chen222@example.com,+1 (904) 692-6416,"Pune, India",Vellore Institute of Technology (VIT),B.Tech in Computer Science and Engineering,"GraphQL, TypeScript, React 18, Next.js, Tailwind CSS, Node.js",Meta Certified Front-End Developer,71,Developing,RES-0146_Aditya_Chen.pdf
RES-0147,Michael Takahashi,Data Scientist & AI/ML Engineer,AI / ML,12,michael.takahashi50@example.com,+1 (497) 568-6123,"Sydney, Australia",Carnegie Mellon University,B.S. in Computer Science,"Python, TensorFlow, Pandas, Computer Vision, PyTorch, MLOps",AWS Certified Machine Learning - Specialty,80,Strong Candidate,RES-0147_Michael_Takahashi.pdf
RES-0148,Oliver Davis,Cloud & DevOps Solutions Architect,Cloud / DevOps,11,oliver.davis865@example.com,+1 (594) 906-8835,"Sydney, Australia",Carnegie Mellon University,M.S. in Software Engineering,"AWS, Terraform, Linux, Docker, CI/CD, Prometheus, Ansible, Kubernetes",AWS Certified Solutions Architect - Professional,96,Mastered,RES-0148_Oliver_Davis.pdf
RES-0149,Mason Jackson,SQL & Data Platform Engineer,Data Engineering,12,mason.jackson57@example.com,+1 (264) 467-6148,"San Francisco, CA",Vellore Institute of Technology (VIT),M.Tech in Data Science & Artificial Intelligence,"SQL, Apache Spark, dbt, Kafka, Python, Data Warehousing, Airflow, Snowflake",Snowflake SnowPro Core Certification,70,Developing,RES-0149_Mason_Jackson.pdf
RES-0150,Riya Hernandez,Cybersecurity & Security Operations Engineer,Cybersecurity,4,riya.hernandez256@example.com,+1 (538) 484-1824,"Denver, CO",University of Illinois Urbana-Champaign,B.S. in Cybersecurity and Information Assurance,"SOC, Network Security, Wireshark, OWASP Top 10, SIEM, Splunk",Certified Ethical Hacker (CEH),85,Strong Candidate,RES-0150_Riya_Hernandez.pdf
RES-0151,Noah Sharma,Frontend Performance Specialist,Frontend,9,noah.sharma855@example.com,+1 (293) 818-5990,"Denver, CO",Delhi Technological University (DTU),M.Tech in Data Science & Artificial Intelligence,"Web Workers, Performance Optimization, TypeScript, React, WebGL, Three.js, Vue.js",Meta Front-End Professional,85,Strong Candidate,RES-0151_Noah_Sharma.pdf
RES-0152,Anjali Wilson,Mobile Applications Engineer,Mobile,3,anjali.wilson728@example.com,+1 (308) 246-3689,"Chicago, IL",Carnegie Mellon University,B.S. in Cybersecurity and Information Assurance,"Swift, Flutter, State Management, Dart, Firebase, Mobile CI/CD",iOS App Development Certificate,98,Mastered,RES-0152_Anjali_Wilson.pdf
RES-0153,Aditya Sharma,Java Enterprise & Distributed Systems Architect,Enterprise Systems,8,aditya.sharma553@example.com,+1 (953) 249-8091,"Dublin, Ireland",Harvard University,M.S. in Software Engineering,"Microservices, Java 21, Kafka, Hibernate, gRPC, PostgreSQL, Spring Boot, Docker",Oracle Certified Professional: Java SE Developer,94,Mastered,RES-0153_Aditya_Sharma.pdf
RES-0154,Noah Takahashi,Embedded Systems & IoT Firmware Engineer,Hardware / IoT,4,noah.takahashi331@example.com,+1 (928) 954-4560,"Hyderabad, India",Vellore Institute of Technology (VIT),B.E. in Information Technology,"FreeRTOS, I2C/SPI/UART, PCB Debugging, Embedded Linux, Python, ARM Cortex, C/C++, MQTT",Embedded Linux Developer Certificate,68,Developing,RES-0154_Noah_Takahashi.pdf
RES-0155,Gaurav Chopra,Blockchain & Smart Contract Engineer,Web3 / Blockchain,3,gaurav.chopra64@example.com,+1 (886) 257-4275,"London, UK",Vellore Institute of Technology (VIT),B.E. in Information Technology,"Ethers.js, Rust, Smart Contract Security, Solidity, Ethereum, IPFS",Certified Ethereum Developer,90,Mastered,RES-0155_Gaurav_Chopra.pdf
RES-0156,Rahul Zhang,Site Reliability Engineer (SRE),DevOps / Reliability,1,rahul.zhang400@example.com,+1 (596) 626-6122,"Amsterdam, Netherlands",Princeton University,B.Tech in Computer Science and Engineering,"Linux Kernel, Terraform, Python, Kubernetes, Incident Management, Chaos Engineering, Go, OpenTelemetry",Google Cloud Professional DevOps Engineer,81,Strong Candidate,RES-0156_Rahul_Zhang.pdf
RES-0157,Amelia Sanchez,Python Backend Engineer,Backend,6,amelia.sanchez280@example.com,+1 (333) 364-5178,"San Francisco, CA",Harvard University,M.S. in Robotics and Autonomous Systems,"Django, Docker, Redis, Python, Celery, AWS",PCEP – Certified Entry-Level Python Programmer,81,Strong Candidate,RES-0157_Amelia_Sanchez.pdf
RES-0158,Yash Harris,Full Stack React & Node Developer,Full Stack,11,yash.harris423@example.com,+1 (294) 557-4624,"Hyderabad, India",University of Oxford,M.S. in Electrical and Computer Engineering,"GraphQL, Next.js, Tailwind CSS, React 18, MongoDB, Node.js",OpenJS Node.js Application Developer (JAD),85,Strong Candidate,RES-0158_Yash_Harris.pdf
RES-0159,Alexander Verma,Data Scientist & AI/ML Engineer,AI / ML,9,alexander.verma943@example.com,+1 (729) 988-7143,"Denver, CO",University of Waterloo,M.S. in Robotics and Autonomous Systems,"Scikit-Learn, Pandas, NLP, Python, MLOps, PyTorch, TensorFlow, Computer Vision",DeepLearning.AI ML Specialization,88,Mastered,RES-0159_Alexander_Verma.pdf
RES-0160,Kavya Chatterjee,Cloud & DevOps Solutions Architect,Cloud / DevOps,1,kavya.chatterjee712@example.com,+1 (357) 224-8523,"Toronto, Canada",UC Berkeley,B.S. in Computer Science,"Linux, Kubernetes, CI/CD, Ansible, Terraform, Docker, Prometheus",Certified Kubernetes Administrator (CKA),85,Strong Candidate,RES-0160_Kavya_Chatterjee.pdf
RES-0161,Aarav Bose,SQL & Data Platform Engineer,Data Engineering,6,aarav.bose747@example.com,+1 (833) 264-1745,"Seattle, WA",University of Cambridge,B.S. in Computer Science,"Apache Spark, Airflow, Data Warehousing, dbt, Kafka, Python, Snowflake",Snowflake SnowPro Core Certification,77,Strong Candidate,RES-0161_Aarav_Bose.pdf
RES-0162,Divya Sharma,Cybersecurity & Security Operations Engineer,Cybersecurity,1,divya.sharma576@example.com,+1 (768) 344-3019,"New York, NY",University of Washington,B.S. in Cybersecurity and Information Assurance,"Wireshark, Splunk, Python, Penetration Testing, OWASP Top 10, Network Security",Offensive Security Certified Professional (OSCP),71,Developing,RES-0162_Divya_Sharma.pdf
RES-0163,Emma Menon,Frontend Performance Specialist,Frontend,11,emma.menon828@example.com,+1 (780) 255-9992,"Tokyo, Japan",University of Cambridge,B.S. in Computer Science,"React, CSS3, Web Workers, Three.js, WebGL, Performance Optimization, Vue.js",Google Mobile Web Specialist,78,Strong Candidate,RES-0163_Emma_Menon.pdf
RES-0164,Henry Menon,Mobile Applications Engineer,Mobile,10,henry.menon323@example.com,+1 (910) 798-3496,"Dublin, Ireland",Imperial College London,M.S. in Electrical and Computer Engineering,"React Native, Flutter, State Management, Dart, Kotlin, Firebase, Swift",iOS App Development Certificate,73,Developing,RES-0164_Henry_Menon.pdf
RES-0165,Victoria Nair,Java Enterprise & Distributed Systems Architect,Enterprise Systems,5,victoria.nair871@example.com,+1 (487) 343-9824,"Hyderabad, India",Princeton University,B.S. in Computer Science,"Java 21, Docker, Hibernate, PostgreSQL, Kafka, Microservices",Oracle Certified Professional: Java SE Developer,96,Mastered,RES-0165_Victoria_Nair.pdf
RES-0166,Scarlett Mukherjee,Embedded Systems & IoT Firmware Engineer,Hardware / IoT,9,scarlett.mukherjee887@example.com,+1 (497) 337-8613,"Denver, CO",University of Illinois Urbana-Champaign,B.S. in Computer Science,"ARM Cortex, PCB Debugging, MQTT, Embedded Linux, I2C/SPI/UART, Python",Arm Accredited Engineer (AAE),70,Developing,RES-0166_Scarlett_Mukherjee.pdf
RES-0167,Charlotte Wilson,Blockchain & Smart Contract Engineer,Web3 / Blockchain,6,charlotte.wilson249@example.com,+1 (243) 884-4387,"Denver, CO",University of Waterloo,B.S. in Cybersecurity and Information Assurance,"Solidity, Web3.js, Ethereum, Smart Contract Security, IPFS, Hardhat",Blockchain Council Certified Smart Contract Developer,80,Strong Candidate,RES-0167_Charlotte_Wilson.pdf
RES-0168,William White,Site Reliability Engineer (SRE),DevOps / Reliability,10,william.white425@example.com,+1 (561) 553-8976,"Chicago, IL",Purdue University,B.Tech in Computer Science and Engineering,"Kubernetes, Python, Go, Chaos Engineering, Linux Kernel, Incident Management, OpenTelemetry",Certified Kubernetes Security Specialist (CKS),83,Strong Candidate,RES-0168_William_White.pdf
RES-0169,James Ramirez,Python Backend Engineer,Backend,1,james.ramirez175@example.com,+1 (862) 620-1367,"Pune, India",IIIT Hyderabad,M.S. in Software Engineering,"AWS, Python, Redis, FastAPI, REST APIs, Docker",PCEP – Certified Entry-Level Python Programmer,98,Mastered,RES-0169_James_Ramirez.pdf
RES-0170,Alex Brown,Full Stack React & Node Developer,Full Stack,4,alex.brown469@example.com,+1 (821) 682-8891,"Bengaluru, India",NIT Trichy,B.S. in Cybersecurity and Information Assurance,"Node.js, Next.js, Tailwind CSS, MongoDB, GraphQL, React 18, TypeScript, Express",Meta Certified Front-End Developer,94,Mastered,RES-0170_Alex_Brown.pdf
RES-0171,Avery Lewis,Data Scientist & AI/ML Engineer,AI / ML,9,avery.lewis108@example.com,+1 (381) 687-1639,"Amsterdam, Netherlands",UC Berkeley,B.S. in Computer Science,"LLMs, Python, Computer Vision, Pandas, Scikit-Learn, NLP",AWS Certified Machine Learning - Specialty,76,Strong Candidate,RES-0171_Avery_Lewis.pdf
RES-0172,Ishaan Bhat,Cloud & DevOps Solutions Architect,Cloud / DevOps,5,ishaan.bhat248@example.com,+1 (285) 490-9908,"Sydney, Australia",Stanford University,M.Tech in Data Science & Artificial Intelligence,"Linux, Kubernetes, CI/CD, AWS, Docker, Ansible",HashiCorp Certified: Terraform Associate,86,Strong Candidate,RES-0172_Ishaan_Bhat.pdf
RES-0173,Akash Robinson,SQL & Data Platform Engineer,Data Engineering,9,akash.robinson292@example.com,+1 (896) 606-4337,"Sydney, Australia",IIT Delhi,M.S. in Robotics and Autonomous Systems,"Python, Airflow, Snowflake, SQL, Data Warehousing, dbt, Kafka, PostgreSQL",Snowflake SnowPro Core Certification,93,Mastered,RES-0173_Akash_Robinson.pdf
RES-0174,Noah Robinson,Cybersecurity & Security Operations Engineer,Cybersecurity,7,noah.robinson723@example.com,+1 (900) 923-1852,"Bengaluru, India",Imperial College London,B.Tech in Computer Science and Engineering,"SOC, Wireshark, Network Security, SIEM, OWASP Top 10, Splunk",CompTIA Security+,98,Mastered,RES-0174_Noah_Robinson.pdf
RES-0175,Michael Rao,Frontend Performance Specialist,Frontend,5,michael.rao516@example.com,+1 (649) 210-4304,"Denver, CO",Massachusetts Institute of Technology (MIT),M.Tech in Data Science & Artificial Intelligence,"WebGL, Three.js, React, TypeScript, Vue.js, Performance Optimization, CSS3, Web Workers",Google Mobile Web Specialist,91,Mastered,RES-0175_Michael_Rao.pdf
RES-0176,Siddharth Chen,Mobile Applications Engineer,Mobile,5,siddharth.chen102@example.com,+1 (762) 491-6703,Singapore,NIT Trichy,M.Tech in Data Science & Artificial Intelligence,"Mobile CI/CD, Kotlin, Flutter, React Native, Dart, Swift, Firebase",Google Associate Android Developer,98,Mastered,RES-0176_Siddharth_Chen.pdf
RES-0177,Gaurav Clark,Java Enterprise & Distributed Systems Architect,Enterprise Systems,11,gaurav.clark505@example.com,+1 (988) 449-6565,"Tokyo, Japan",IIIT Hyderabad,M.S. in Robotics and Autonomous Systems,"Spring Boot, Microservices, Java 21, Kafka, gRPC, Docker, PostgreSQL",Spring Certified Professional,80,Strong Candidate,RES-0177_Gaurav_Clark.pdf
RES-0178,Meera Iyer,Embedded Systems & IoT Firmware Engineer,Hardware / IoT,4,meera.iyer577@example.com,+1 (382) 687-6142,Singapore,IIT Delhi,B.E. in Information Technology,"ARM Cortex, Python, I2C/SPI/UART, Embedded Linux, MQTT, FreeRTOS, C/C++, PCB Debugging",Arm Accredited Engineer (AAE),87,Strong Candidate,RES-0178_Meera_Iyer.pdf
RES-0179,Aarav Kulkarni,Blockchain & Smart Contract Engineer,Web3 / Blockchain,10,aarav.kulkarni887@example.com,+1 (754) 243-8901,Singapore,University of Waterloo,M.S. in Electrical and Computer Engineering,"Ethers.js, Hardhat, Rust, Smart Contract Security, Ethereum, Web3.js, Solidity, IPFS",Certified Ethereum Developer,82,Strong Candidate,RES-0179_Aarav_Kulkarni.pdf
RES-0180,Chris Deshmukh,Site Reliability Engineer (SRE),DevOps / Reliability,11,chris.deshmukh540@example.com,+1 (671) 523-1137,"San Francisco, CA",University of Illinois Urbana-Champaign,M.Tech in Data Science & Artificial Intelligence,"Incident Management, Chaos Engineering, Kubernetes, Python, Linux Kernel, Go, Terraform",Google Cloud Professional DevOps Engineer,79,Strong Candidate,RES-0180_Chris_Deshmukh.pdf
RES-0181,Zoe Davis,Python Backend Engineer,Backend,11,zoe.davis471@example.com,+1 (384) 785-3148,"Dublin, Ireland",TUM Munich,M.Tech in Data Science & Artificial Intelligence,"PostgreSQL, Celery, REST APIs, AWS, FastAPI, Redis, Django",AWS Certified Developer - Associate,93,Mastered,RES-0181_Zoe_Davis.pdf
RES-0182,Riya Martinez,Full Stack React & Node Developer,Full Stack,2,riya.martinez266@example.com,+1 (775) 781-1781,"Zurich, Switzerland",Massachusetts Institute of Technology (MIT),M.S. in Software Engineering,"GraphQL, MongoDB, Tailwind CSS, React 18, Express, Node.js, TypeScript",OpenJS Node.js Application Developer (JAD),71,Developing,RES-0182_Riya_Martinez.pdf
RES-0183,Varun Takahashi,Data Scientist & AI/ML Engineer,AI / ML,5,varun.takahashi705@example.com,+1 (820) 403-9821,"Bengaluru, India",University of Oxford,M.S. in Electrical and Computer Engineering,"MLOps, PyTorch, Scikit-Learn, NLP, TensorFlow, Computer Vision, Pandas",TensorFlow Developer Certificate,78,Strong Candidate,RES-0183_Varun_Takahashi.pdf
RES-0184,Isabella Hernandez,Cloud & DevOps Solutions Architect,Cloud / DevOps,11,isabella.hernandez334@example.com,+1 (868) 498-5382,"Stockholm, Sweden",National University of Singapore,B.S. in Cybersecurity and Information Assurance,"Linux, Ansible, Docker, Kubernetes, Prometheus, AWS, Grafana",HashiCorp Certified: Terraform Associate,85,Strong Candidate,RES-0184_Isabella_Hernandez.pdf
RES-0185,Rahul Verma,SQL & Data Platform Engineer,Data Engineering,5,rahul.verma799@example.com,+1 (606) 736-2363,"Austin, TX",UC Berkeley,M.S. in Software Engineering,"Airflow, dbt, Apache Spark, Kafka, Snowflake, Python, SQL",Snowflake SnowPro Core Certification,95,Mastered,RES-0185_Rahul_Verma.pdf
RES-0186,Yash Zhang,Cybersecurity & Security Operations Engineer,Cybersecurity,3,yash.zhang288@example.com,+1 (761) 655-3213,"Amsterdam, Netherlands",Delhi Technological University (DTU),M.S. in Robotics and Autonomous Systems,"OWASP Top 10, Wireshark, Python, SOC, Penetration Testing, Splunk, Network Security, SIEM",CompTIA Security+,79,Strong Candidate,RES-0186_Yash_Zhang.pdf
RES-0187,Alexander Lee,Frontend Performance Specialist,Frontend,5,alexander.lee557@example.com,+1 (208) 904-9059,"Chicago, IL",UCLA,B.Tech in Computer Science and Engineering,"WebGL, Performance Optimization, TypeScript, Three.js, Vue.js, Web Workers, React",Meta Front-End Professional,81,Strong Candidate,RES-0187_Alexander_Lee.pdf
RES-0188,Liam White,Mobile Applications Engineer,Mobile,11,liam.white792@example.com,+1 (827) 910-5454,"Berlin, Germany",ETH Zurich,B.E. in Information Technology,"React Native, Dart, State Management, Flutter, Swift, Firebase",iOS App Development Certificate,73,Developing,RES-0188_Liam_White.pdf
RES-0189,Morgan Rodriguez,Java Enterprise & Distributed Systems Architect,Enterprise Systems,4,morgan.rodriguez285@example.com,+1 (328) 932-8183,"San Francisco, CA",IIT Bombay,B.S. in Computer Science,"PostgreSQL, Kafka, Microservices, Docker, gRPC, Spring Boot",Oracle Certified Professional: Java SE Developer,74,Developing,RES-0189_Morgan_Rodriguez.pdf
RES-0190,Benjamin Schneider,Embedded Systems & IoT Firmware Engineer,Hardware / IoT,8,benjamin.schneider400@example.com,+1 (212) 324-5078,"Zurich, Switzerland",Princeton University,M.Tech in Data Science & Artificial Intelligence,"Python, I2C/SPI/UART, C/C++, MQTT, Embedded Linux, ARM Cortex",Embedded Linux Developer Certificate,83,Strong Candidate,RES-0190_Benjamin_Schneider.pdf
RES-0191,Sebastian Williams,Blockchain & Smart Contract Engineer,Web3 / Blockchain,4,sebastian.williams379@example.com,+1 (253) 882-4568,"Austin, TX",University of Oxford,B.S. in Cybersecurity and Information Assurance,"Rust, Hardhat, Smart Contract Security, Solidity, Ethers.js, Ethereum, Web3.js",Certified Ethereum Developer,69,Developing,RES-0191_Sebastian_Williams.pdf
RES-0192,Shruti Bose,Site Reliability Engineer (SRE),DevOps / Reliability,8,shruti.bose167@example.com,+1 (918) 749-2759,"Boston, MA",University of Oxford,M.Tech in Data Science & Artificial Intelligence,"Incident Management, Terraform, OpenTelemetry, Python, Go, Kubernetes, Chaos Engineering, Linux Kernel",Certified Kubernetes Security Specialist (CKS),74,Developing,RES-0192_Shruti_Bose.pdf
RES-0193,Jackson Johnson,Python Backend Engineer,Backend,10,jackson.johnson566@example.com,+1 (556) 531-8674,"London, UK",UC Berkeley,M.S. in Software Engineering,"Redis, AWS, REST APIs, Django, PostgreSQL, Python, Docker",Docker Certified Associate,89,Mastered,RES-0193_Jackson_Johnson.pdf
RES-0194,Simran Schneider,Full Stack React & Node Developer,Full Stack,3,simran.schneider406@example.com,+1 (394) 736-9151,"Amsterdam, Netherlands",University of Oxford,B.E. in Information Technology,"TypeScript, React 18, Next.js, MongoDB, Tailwind CSS, Express, Node.js",Meta Certified Front-End Developer,84,Strong Candidate,RES-0194_Simran_Schneider.pdf
RES-0195,Madison Deshmukh,Data Scientist & AI/ML Engineer,AI / ML,10,madison.deshmukh614@example.com,+1 (462) 250-7002,"Pune, India",Stanford University,B.S. in Computer Science,"MLOps, PyTorch, Scikit-Learn, Pandas, Python, TensorFlow",DeepLearning.AI ML Specialization,94,Mastered,RES-0195_Madison_Deshmukh.pdf
RES-0196,Sebastian Iyer,Cloud & DevOps Solutions Architect,Cloud / DevOps,12,sebastian.iyer977@example.com,+1 (421) 731-2591,"Austin, TX",University of Washington,M.Tech in Data Science & Artificial Intelligence,"Linux, Docker, CI/CD, Prometheus, Kubernetes, Ansible",HashiCorp Certified: Terraform Associate,85,Strong Candidate,RES-0196_Sebastian_Iyer.pdf
RES-0197,Zoe Thompson,SQL & Data Platform Engineer,Data Engineering,8,zoe.thompson355@example.com,+1 (873) 361-9747,"Stockholm, Sweden",University of Oxford,M.S. in Electrical and Computer Engineering,"Kafka, Data Warehousing, Python, SQL, dbt, Snowflake, Airflow",Snowflake SnowPro Core Certification,68,Developing,RES-0197_Zoe_Thompson.pdf
RES-0198,Vikram Rodriguez,Cybersecurity & Security Operations Engineer,Cybersecurity,1,vikram.rodriguez620@example.com,+1 (216) 730-3213,"Berlin, Germany",BITS Pilani,B.E. in Information Technology,"SIEM, OWASP Top 10, Python, Penetration Testing, Splunk, SOC, Wireshark",Certified Ethical Hacker (CEH),76,Strong Candidate,RES-0198_Vikram_Rodriguez.pdf
RES-0199,Sebastian Nair,Frontend Performance Specialist,Frontend,12,sebastian.nair594@example.com,+1 (609) 782-4562,"Seattle, WA",Imperial College London,M.S. in Electrical and Computer Engineering,"React, Three.js, Web Workers, Vue.js, TypeScript, Performance Optimization, CSS3",Google Mobile Web Specialist,69,Developing,RES-0199_Sebastian_Nair.pdf
RES-0200,Evelyn White,Mobile Applications Engineer,Mobile,9,evelyn.white52@example.com,+1 (526) 752-3450,"Toronto, Canada",IIT Bombay,M.Tech in Data Science & Artificial Intelligence,"Mobile CI/CD, Swift, Kotlin, Firebase, Flutter, State Management, Dart, React Native",iOS App Development Certificate,70,Developing,RES-0200_Evelyn_White.pdf
RES-0201,Zoe Thompson,Java Enterprise & Distributed Systems Architect,Enterprise Systems,8,zoe.thompson454@example.com,+1 (992) 914-3136,"Boston, MA",University of Waterloo,M.Tech in Data Science & Artificial Intelligence,"Kafka, Hibernate, Docker, PostgreSQL, Spring Boot, Java 21, Microservices, gRPC",Spring Certified Professional,78,Strong Candidate,RES-0201_Zoe_Thompson.pdf
RES-0202,Varun Lewis,Embedded Systems & IoT Firmware Engineer,Hardware / IoT,6,varun.lewis681@example.com,+1 (224) 988-5994,"Bengaluru, India",NIT Trichy,M.S. in Robotics and Autonomous Systems,"ARM Cortex, Embedded Linux, I2C/SPI/UART, FreeRTOS, PCB Debugging, MQTT",Arm Accredited Engineer (AAE),77,Strong Candidate,RES-0202_Varun_Lewis.pdf
RES-0203,Grace Lee,Blockchain & Smart Contract Engineer,Web3 / Blockchain,4,grace.lee33@example.com,+1 (539) 414-9814,"Hyderabad, India",University of Washington,B.E. in Information Technology,"Ethereum, Web3.js, IPFS, Solidity, Hardhat, Smart Contract Security, Ethers.js, Rust",Certified Ethereum Developer,70,Developing,RES-0203_Grace_Lee.pdf
RES-0204,Sneha Menon,Site Reliability Engineer (SRE),DevOps / Reliability,1,sneha.menon287@example.com,+1 (878) 875-6901,"Austin, TX",Delhi Technological University (DTU),B.E. in Information Technology,"Python, Kubernetes, OpenTelemetry, Chaos Engineering, Go, Incident Management, Terraform",Google Cloud Professional DevOps Engineer,80,Strong Candidate,RES-0204_Sneha_Menon.pdf
RES-0205,Daniel Verma,Python Backend Engineer,Backend,4,daniel.verma365@example.com,+1 (900) 560-6822,"Berlin, Germany",Imperial College London,B.E. in Information Technology,"Celery, Python, Redis, Django, FastAPI, AWS, PostgreSQL",PCEP – Certified Entry-Level Python Programmer,81,Strong Candidate,RES-0205_Daniel_Verma.pdf
RES-0206,Evelyn Chen,Full Stack React & Node Developer,Full Stack,4,evelyn.chen629@example.com,+1 (537) 659-9883,"Boston, MA",IIIT Hyderabad,M.S. in Software Engineering,"Node.js, GraphQL, Tailwind CSS, Next.js, TypeScript, Express",Meta Certified Front-End Developer,94,Mastered,RES-0206_Evelyn_Chen.pdf
RES-0207,Casey Mukherjee,Data Scientist & AI/ML Engineer,AI / ML,5,casey.mukherjee40@example.com,+1 (983) 526-7783,"Sydney, Australia",Princeton University,M.S. in Robotics and Autonomous Systems,"NLP, TensorFlow, Computer Vision, PyTorch, Python, Pandas, LLMs, MLOps",DeepLearning.AI ML Specialization,72,Developing,RES-0207_Casey_Mukherjee.pdf
RES-0208,Tanvi Weber,Cloud & DevOps Solutions Architect,Cloud / DevOps,7,tanvi.weber629@example.com,+1 (680) 929-7126,"Bengaluru, India",University of Waterloo,M.S. in Robotics and Autonomous Systems,"Docker, AWS, Linux, Ansible, Terraform, Grafana",AWS Certified Solutions Architect - Professional,95,Mastered,RES-0208_Tanvi_Weber.pdf
RES-0209,Oliver Watanabe,SQL & Data Platform Engineer,Data Engineering,12,oliver.watanabe262@example.com,+1 (637) 614-1685,"Stockholm, Sweden",Princeton University,B.S. in Cybersecurity and Information Assurance,"SQL, PostgreSQL, Airflow, Python, dbt, Data Warehousing, Kafka, Snowflake",Databricks Certified Data Engineer Associate,80,Strong Candidate,RES-0209_Oliver_Watanabe.pdf
RES-0210,Sebastian Bhat,Cybersecurity & Security Operations Engineer,Cybersecurity,5,sebastian.bhat857@example.com,+1 (492) 672-3727,"Sydney, Australia",Harvard University,B.Tech in Computer Science and Engineering,"SOC, OWASP Top 10, Python, Network Security, SIEM, Penetration Testing",Offensive Security Certified Professional (OSCP),82,Strong Candidate,RES-0210_Sebastian_Bhat.pdf
RES-0211,Scarlett Tanaka,Frontend Performance Specialist,Frontend,6,scarlett.tanaka739@example.com,+1 (406) 665-2477,"London, UK",Harvard University,M.S. in Software Engineering,"React, Web Workers, WebGL, Vue.js, TypeScript, Three.js",Meta Front-End Professional,73,Developing,RES-0211_Scarlett_Tanaka.pdf
RES-0212,Casey Johnson,Mobile Applications Engineer,Mobile,5,casey.johnson797@example.com,+1 (929) 252-7874,"Berlin, Germany",University of Cambridge,M.S. in Robotics and Autonomous Systems,"React Native, Dart, Flutter, Kotlin, State Management, Firebase",iOS App Development Certificate,82,Strong Candidate,RES-0212_Casey_Johnson.pdf
RES-0213,Mason Jackson,Java Enterprise & Distributed Systems Architect,Enterprise Systems,9,mason.jackson91@example.com,+1 (815) 814-1107,"Pune, India",NIT Trichy,B.E. in Information Technology,"Java 21, Spring Boot, Docker, gRPC, Microservices, Hibernate",Oracle Certified Professional: Java SE Developer,89,Mastered,RES-0213_Mason_Jackson.pdf
RES-0214,Alexander Robinson,Embedded Systems & IoT Firmware Engineer,Hardware / IoT,12,alexander.robinson686@example.com,+1 (908) 916-3906,"Tokyo, Japan",Massachusetts Institute of Technology (MIT),M.S. in Electrical and Computer Engineering,"I2C/SPI/UART, FreeRTOS, ARM Cortex, C/C++, Python, PCB Debugging, MQTT",Embedded Linux Developer Certificate,90,Mastered,RES-0214_Alexander_Robinson.pdf
RES-0215,James Robinson,Blockchain & Smart Contract Engineer,Web3 / Blockchain,8,james.robinson69@example.com,+1 (311) 785-9666,"Seattle, WA",ETH Zurich,B.E. in Information Technology,"Ethers.js, Smart Contract Security, IPFS, Web3.js, Ethereum, Solidity, Rust",Blockchain Council Certified Smart Contract Developer,88,Mastered,RES-0215_James_Robinson.pdf
RES-0216,Chris Chatterjee,Site Reliability Engineer (SRE),DevOps / Reliability,1,chris.chatterjee878@example.com,+1 (412) 830-7793,"Sydney, Australia",Georgia Institute of Technology,M.S. in Electrical and Computer Engineering,"OpenTelemetry, Go, Incident Management, Python, Kubernetes, Chaos Engineering, Terraform, Linux Kernel",Google Cloud Professional DevOps Engineer,80,Strong Candidate,RES-0216_Chris_Chatterjee.pdf
RES-0217,Jackson Robinson,Python Backend Engineer,Backend,6,jackson.robinson993@example.com,+1 (229) 379-4178,"Toronto, Canada",University of Waterloo,M.S. in Robotics and Autonomous Systems,"Django, REST APIs, FastAPI, Docker, PostgreSQL, AWS, Celery, Redis",Docker Certified Associate,74,Developing,RES-0217_Jackson_Robinson.pdf
RES-0218,Aria Joshi,Full Stack React & Node Developer,Full Stack,1,aria.joshi349@example.com,+1 (562) 267-3446,"London, UK",University of Illinois Urbana-Champaign,M.S. in Electrical and Computer Engineering,"MongoDB, TypeScript, Next.js, React 18, Node.js, Express",OpenJS Node.js Application Developer (JAD),82,Strong Candidate,RES-0218_Aria_Joshi.pdf
RES-0219,Sebastian Brown,Data Scientist & AI/ML Engineer,AI / ML,1,sebastian.brown547@example.com,+1 (509) 379-2838,Singapore,UC Berkeley,M.Tech in Data Science & Artificial Intelligence,"MLOps, TensorFlow, PyTorch, LLMs, Scikit-Learn, Pandas",AWS Certified Machine Learning - Specialty,82,Strong Candidate,RES-0219_Sebastian_Brown.pdf
RES-0220,Sneha Singhania,Cloud & DevOps Solutions Architect,Cloud / DevOps,1,sneha.singhania895@example.com,+1 (734) 318-1067,"Berlin, Germany",University of Oxford,B.S. in Computer Science,"Kubernetes, CI/CD, AWS, Ansible, Terraform, Linux",Certified Kubernetes Administrator (CKA),76,Strong Candidate,RES-0220_Sneha_Singhania.pdf
RES-0221,Avery Smith,SQL & Data Platform Engineer,Data Engineering,4,avery.smith290@example.com,+1 (317) 215-9422,"Austin, TX",University of Washington,M.S. in Electrical and Computer Engineering,"Airflow, dbt, Apache Spark, PostgreSQL, Snowflake, SQL",Databricks Certified Data Engineer Associate,81,Strong Candidate,RES-0221_Avery_Smith.pdf
RES-0222,Lucas Johnson,Cybersecurity & Security Operations Engineer,Cybersecurity,6,lucas.johnson731@example.com,+1 (810) 806-8304,"Stockholm, Sweden",University of Oxford,B.E. in Information Technology,"Splunk, OWASP Top 10, Network Security, Wireshark, SOC, SIEM, Python, Penetration Testing",Certified Ethical Hacker (CEH),73,Developing,RES-0222_Lucas_Johnson.pdf
RES-0223,Karan Dubois,Frontend Performance Specialist,Frontend,2,karan.dubois891@example.com,+1 (532) 664-8987,"San Francisco, CA",Carnegie Mellon University,M.S. in Robotics and Autonomous Systems,"Vue.js, CSS3, Performance Optimization, Three.js, React, Web Workers, TypeScript",Meta Front-End Professional,80,Strong Candidate,RES-0223_Karan_Dubois.pdf
RES-0224,Scarlett Taylor,Mobile Applications Engineer,Mobile,8,scarlett.taylor254@example.com,+1 (835) 449-9977,"Bengaluru, India",UC Berkeley,B.S. in Cybersecurity and Information Assurance,"Mobile CI/CD, State Management, Swift, Kotlin, React Native, Firebase, Flutter, Dart",Google Associate Android Developer,94,Mastered,RES-0224_Scarlett_Taylor.pdf
RES-0225,Jacob Johnson,Java Enterprise & Distributed Systems Architect,Enterprise Systems,7,jacob.johnson325@example.com,+1 (615) 271-2781,"Stockholm, Sweden",University of Waterloo,M.S. in Electrical and Computer Engineering,"Spring Boot, gRPC, Docker, Hibernate, Java 21, Kafka",Oracle Certified Professional: Java SE Developer,77,Strong Candidate,RES-0225_Jacob_Johnson.pdf
RES-0226,Jackson Dubois,Embedded Systems & IoT Firmware Engineer,Hardware / IoT,2,jackson.dubois945@example.com,+1 (895) 511-8122,Singapore,NIT Trichy,B.Tech in Computer Science and Engineering,"FreeRTOS, PCB Debugging, Python, C/C++, I2C/SPI/UART, ARM Cortex, MQTT",Arm Accredited Engineer (AAE),90,Mastered,RES-0226_Jackson_Dubois.pdf
RES-0227,Scarlett Thomas,Blockchain & Smart Contract Engineer,Web3 / Blockchain,7,scarlett.thomas650@example.com,+1 (525) 928-7271,"Zurich, Switzerland",University of Washington,B.S. in Cybersecurity and Information Assurance,"Smart Contract Security, Rust, IPFS, Ethers.js, Hardhat, Web3.js",Blockchain Council Certified Smart Contract Developer,89,Mastered,RES-0227_Scarlett_Thomas.pdf
RES-0228,Lily Kapoor,Site Reliability Engineer (SRE),DevOps / Reliability,12,lily.kapoor96@example.com,+1 (340) 857-7813,"Tokyo, Japan",NIT Trichy,B.S. in Cybersecurity and Information Assurance,"Terraform, Chaos Engineering, OpenTelemetry, Incident Management, Kubernetes, Go, Linux Kernel, Python",Certified Kubernetes Security Specialist (CKS),69,Developing,RES-0228_Lily_Kapoor.pdf
RES-0229,Vikram Clark,Python Backend Engineer,Backend,8,vikram.clark504@example.com,+1 (921) 577-2854,"Dublin, Ireland",IIT Bombay,B.S. in Computer Science,"Redis, REST APIs, AWS, Python, Celery, Docker, PostgreSQL, FastAPI",Docker Certified Associate,83,Strong Candidate,RES-0229_Vikram_Clark.pdf
RES-0230,Oliver Thompson,Full Stack React & Node Developer,Full Stack,6,oliver.thompson937@example.com,+1 (680) 787-6431,"Sydney, Australia",University of Cambridge,B.E. in Information Technology,"Next.js, Tailwind CSS, GraphQL, Node.js, React 18, MongoDB, TypeScript, Express",Meta Certified Front-End Developer,76,Strong Candidate,RES-0230_Oliver_Thompson.pdf
RES-0231,Pat Robinson,Data Scientist & AI/ML Engineer,AI / ML,10,pat.robinson297@example.com,+1 (481) 463-1232,"Austin, TX",IIIT Hyderabad,M.S. in Software Engineering,"MLOps, Pandas, Computer Vision, PyTorch, TensorFlow, LLMs, Scikit-Learn, Python",DeepLearning.AI ML Specialization,89,Mastered,RES-0231_Pat_Robinson.pdf
RES-0232,Jacob Mukherjee,Cloud & DevOps Solutions Architect,Cloud / DevOps,11,jacob.mukherjee662@example.com,+1 (371) 415-6653,"New York, NY",UCLA,B.E. in Information Technology,"Terraform, Ansible, Docker, Grafana, Linux, Prometheus",HashiCorp Certified: Terraform Associate,68,Developing,RES-0232_Jacob_Mukherjee.pdf
RES-0233,Alexander Zhang,SQL & Data Platform Engineer,Data Engineering,11,alexander.zhang826@example.com,+1 (659) 591-6172,"Denver, CO",Carnegie Mellon University,B.Tech in Computer Science and Engineering,"Kafka, Data Warehousing, Airflow, SQL, Snowflake, Python, Apache Spark, dbt",Snowflake SnowPro Core Certification,89,Mastered,RES-0233_Alexander_Zhang.pdf
RES-0234,Emma Hernandez,Cybersecurity & Security Operations Engineer,Cybersecurity,1,emma.hernandez570@example.com,+1 (210) 888-1138,"Seattle, WA",Carnegie Mellon University,B.S. in Cybersecurity and Information Assurance,"SOC, Penetration Testing, Splunk, OWASP Top 10, Wireshark, SIEM, Network Security, Python",Offensive Security Certified Professional (OSCP),70,Developing,RES-0234_Emma_Hernandez.pdf
RES-0235,Victoria Kapoor,Frontend Performance Specialist,Frontend,12,victoria.kapoor394@example.com,+1 (872) 982-4027,"Austin, TX",National University of Singapore,M.S. in Software Engineering,"React, Web Workers, WebGL, Vue.js, Performance Optimization, Three.js, CSS3, TypeScript",Google Mobile Web Specialist,82,Strong Candidate,RES-0235_Victoria_Kapoor.pdf
RES-0236,Siddharth Perez,Mobile Applications Engineer,Mobile,11,siddharth.perez960@example.com,+1 (405) 824-7432,"Bengaluru, India",Carnegie Mellon University,M.S. in Robotics and Autonomous Systems,"Swift, Kotlin, Firebase, Flutter, State Management, React Native, Dart",Google Associate Android Developer,97,Mastered,RES-0236_Siddharth_Perez.pdf
RES-0237,Vikram Menon,Java Enterprise & Distributed Systems Architect,Enterprise Systems,10,vikram.menon409@example.com,+1 (472) 355-6403,"Zurich, Switzerland",Purdue University,B.Tech in Computer Science and Engineering,"gRPC, Kafka, Docker, Java 21, Spring Boot, Hibernate, PostgreSQL",Spring Certified Professional,79,Strong Candidate,RES-0237_Vikram_Menon.pdf
RES-0238,Simran Weber,Embedded Systems & IoT Firmware Engineer,Hardware / IoT,11,simran.weber993@example.com,+1 (548) 282-8530,"Berlin, Germany",IIT Delhi,M.Tech in Data Science & Artificial Intelligence,"ARM Cortex, FreeRTOS, I2C/SPI/UART, Python, C/C++, PCB Debugging, Embedded Linux",Embedded Linux Developer Certificate,70,Developing,RES-0238_Simran_Weber.pdf
RES-0239,Yash Bose,Blockchain & Smart Contract Engineer,Web3 / Blockchain,1,yash.bose325@example.com,+1 (711) 746-8361,"San Francisco, CA",Massachusetts Institute of Technology (MIT),M.S. in Electrical and Computer Engineering,"Solidity, Hardhat, Smart Contract Security, Rust, IPFS, Ethereum, Web3.js, Ethers.js",Certified Ethereum Developer,75,Strong Candidate,RES-0239_Yash_Bose.pdf
RES-0240,Pat Sharma,Site Reliability Engineer (SRE),DevOps / Reliability,8,pat.sharma186@example.com,+1 (847) 251-6035,"Austin, TX",TUM Munich,M.S. in Software Engineering,"Python, OpenTelemetry, Chaos Engineering, Incident Management, Linux Kernel, Go",Certified Kubernetes Security Specialist (CKS),94,Mastered,RES-0240_Pat_Sharma.pdf
RES-0241,Ava Kulkarni,Python Backend Engineer,Backend,2,ava.kulkarni56@example.com,+1 (807) 377-6496,"Seattle, WA",IIT Bombay,B.E. in Information Technology,"Docker, Django, PostgreSQL, FastAPI, Redis, Python",AWS Certified Developer - Associate,68,Developing,RES-0241_Ava_Kulkarni.pdf
RES-0242,Michael Zhang,Full Stack React & Node Developer,Full Stack,12,michael.zhang101@example.com,+1 (923) 867-5648,"Sydney, Australia",Harvard University,M.S. in Robotics and Autonomous Systems,"Next.js, GraphQL, Express, Tailwind CSS, TypeScript, React 18",Meta Certified Front-End Developer,85,Strong Candidate,RES-0242_Michael_Zhang.pdf
RES-0243,Liam Williams,Data Scientist & AI/ML Engineer,AI / ML,9,liam.williams130@example.com,+1 (742) 297-6929,"Amsterdam, Netherlands",University of Toronto,M.Tech in Data Science & Artificial Intelligence,"Scikit-Learn, NLP, Python, PyTorch, Computer Vision, Pandas, TensorFlow, LLMs",AWS Certified Machine Learning - Specialty,78,Strong Candidate,RES-0243_Liam_Williams.pdf
RES-0244,Henry Müller,Cloud & DevOps Solutions Architect,Cloud / DevOps,12,henry.müller921@example.com,+1 (976) 664-1709,"Austin, TX",University of Washington,B.Tech in Computer Science and Engineering,"Ansible, Kubernetes, AWS, Linux, Docker, Terraform",Certified Kubernetes Administrator (CKA),95,Mastered,RES-0244_Henry_Müller.pdf
RES-0245,Olivia Anderson,SQL & Data Platform Engineer,Data Engineering,8,olivia.anderson922@example.com,+1 (425) 275-8716,"Dublin, Ireland",ETH Zurich,B.Tech in Computer Science and Engineering,"Python, Snowflake, dbt, SQL, Apache Spark, Data Warehousing, Kafka, PostgreSQL",Databricks Certified Data Engineer Associate,71,Developing,RES-0245_Olivia_Anderson.pdf
RES-0246,Hannah Martin,Cybersecurity & Security Operations Engineer,Cybersecurity,5,hannah.martin438@example.com,+1 (375) 978-6629,"Pune, India",Imperial College London,M.S. in Software Engineering,"Penetration Testing, Wireshark, OWASP Top 10, Splunk, SIEM, Python, SOC, Network Security",Offensive Security Certified Professional (OSCP),96,Mastered,RES-0246_Hannah_Martin.pdf
RES-0247,Scarlett Chopra,Frontend Performance Specialist,Frontend,1,scarlett.chopra945@example.com,+1 (787) 205-7844,"New York, NY",Princeton University,M.S. in Robotics and Autonomous Systems,"Performance Optimization, Three.js, WebGL, Web Workers, TypeScript, React",Meta Front-End Professional,79,Strong Candidate,RES-0247_Scarlett_Chopra.pdf
RES-0248,Harper Garcia,Mobile Applications Engineer,Mobile,3,harper.garcia673@example.com,+1 (292) 216-8860,"Berlin, Germany",IIIT Hyderabad,M.S. in Robotics and Autonomous Systems,"State Management, Swift, Dart, Mobile CI/CD, Firebase, Kotlin",iOS App Development Certificate,92,Mastered,RES-0248_Harper_Garcia.pdf
RES-0249,Ethan Deshmukh,Java Enterprise & Distributed Systems Architect,Enterprise Systems,10,ethan.deshmukh978@example.com,+1 (827) 755-4393,"Seattle, WA",Princeton University,M.S. in Electrical and Computer Engineering,"PostgreSQL, Java 21, Docker, Kafka, Microservices, Spring Boot, gRPC, Hibernate",Spring Certified Professional,88,Mastered,RES-0249_Ethan_Deshmukh.pdf
RES-0250,Ishaan Chatterjee,Embedded Systems & IoT Firmware Engineer,Hardware / IoT,6,ishaan.chatterjee971@example.com,+1 (970) 794-4437,"Pune, India",National University of Singapore,M.S. in Electrical and Computer Engineering,"MQTT, C/C++, PCB Debugging, FreeRTOS, Python, Embedded Linux, ARM Cortex",Arm Accredited Engineer (AAE),70,Developing,RES-0250_Ishaan_Chatterjee.pdf
RES-0251,Alex Thomas,Blockchain & Smart Contract Engineer,Web3 / Blockchain,3,alex.thomas929@example.com,+1 (383) 495-2260,"Austin, TX",Carnegie Mellon University,B.E. in Information Technology,"Ethereum, IPFS, Rust, Ethers.js, Solidity, Web3.js, Smart Contract Security",Certified Ethereum Developer,95,Mastered,RES-0251_Alex_Thomas.pdf
RES-0252,Isabella Fischer,Site Reliability Engineer (SRE),DevOps / Reliability,10,isabella.fischer980@example.com,+1 (732) 860-6503,"Sydney, Australia",Delhi Technological University (DTU),M.S. in Electrical and Computer Engineering,"Linux Kernel, Chaos Engineering, Incident Management, Terraform, OpenTelemetry, Python, Kubernetes",Certified Kubernetes Security Specialist (CKS),77,Strong Candidate,RES-0252_Isabella_Fischer.pdf
RES-0253,Oliver Smith,Python Backend Engineer,Backend,3,oliver.smith643@example.com,+1 (364) 928-9770,"Berlin, Germany",TUM Munich,M.S. in Software Engineering,"Django, AWS, FastAPI, Python, Docker, REST APIs, PostgreSQL, Redis",PCEP – Certified Entry-Level Python Programmer,79,Strong Candidate,RES-0253_Oliver_Smith.pdf
RES-0254,Grace Harris,Full Stack React & Node Developer,Full Stack,7,grace.harris176@example.com,+1 (746) 508-2990,"San Francisco, CA",UCLA,M.S. in Robotics and Autonomous Systems,"Tailwind CSS, TypeScript, React 18, Next.js, Node.js, Express, MongoDB",OpenJS Node.js Application Developer (JAD),89,Mastered,RES-0254_Grace_Harris.pdf
RES-0255,Noah Malhotra,Data Scientist & AI/ML Engineer,AI / ML,6,noah.malhotra325@example.com,+1 (225) 611-4610,"Tokyo, Japan",University of Oxford,B.S. in Computer Science,"Scikit-Learn, LLMs, Computer Vision, TensorFlow, PyTorch, Python, MLOps, NLP",DeepLearning.AI ML Specialization,80,Strong Candidate,RES-0255_Noah_Malhotra.pdf
RES-0256,Casey Singhania,Cloud & DevOps Solutions Architect,Cloud / DevOps,1,casey.singhania884@example.com,+1 (637) 578-7326,Singapore,Georgia Institute of Technology,B.E. in Information Technology,"Linux, Kubernetes, Ansible, Prometheus, Docker, CI/CD, Grafana",Certified Kubernetes Administrator (CKA),74,Developing,RES-0256_Casey_Singhania.pdf
RES-0257,Sebastian Lee,SQL & Data Platform Engineer,Data Engineering,7,sebastian.lee898@example.com,+1 (737) 543-2083,"Dublin, Ireland",Stanford University,B.S. in Computer Science,"Data Warehousing, Snowflake, Airflow, dbt, SQL, Apache Spark, PostgreSQL",Snowflake SnowPro Core Certification,75,Strong Candidate,RES-0257_Sebastian_Lee.pdf
RES-0258,Ananya Dubois,Cybersecurity & Security Operations Engineer,Cybersecurity,2,ananya.dubois12@example.com,+1 (357) 468-5917,"Chicago, IL",ETH Zurich,B.E. in Information Technology,"Network Security, SIEM, OWASP Top 10, Penetration Testing, SOC, Python, Splunk, Wireshark",Offensive Security Certified Professional (OSCP),95,Mastered,RES-0258_Ananya_Dubois.pdf
RES-0259,Charlotte Smith,Frontend Performance Specialist,Frontend,12,charlotte.smith605@example.com,+1 (259) 349-6237,"Tokyo, Japan",Georgia Institute of Technology,M.S. in Software Engineering,"Web Workers, WebGL, CSS3, Vue.js, TypeScript, React, Three.js",Google Mobile Web Specialist,76,Strong Candidate,RES-0259_Charlotte_Smith.pdf
RES-0260,Akash Gupta,Mobile Applications Engineer,Mobile,3,akash.gupta557@example.com,+1 (793) 560-3354,"San Francisco, CA",Georgia Institute of Technology,B.E. in Information Technology,"Firebase, Dart, Flutter, Mobile CI/CD, Kotlin, React Native, State Management",Google Associate Android Developer,71,Developing,RES-0260_Akash_Gupta.pdf
RES-0261,Pat Zhang,Java Enterprise & Distributed Systems Architect,Enterprise Systems,3,pat.zhang27@example.com,+1 (691) 556-6104,Singapore,NIT Trichy,M.S. in Robotics and Autonomous Systems,"Microservices, PostgreSQL, gRPC, Java 21, Hibernate, Kafka, Docker",Oracle Certified Professional: Java SE Developer,70,Developing,RES-0261_Pat_Zhang.pdf
RES-0262,Rohan Bhat,Embedded Systems & IoT Firmware Engineer,Hardware / IoT,2,rohan.bhat505@example.com,+1 (975) 641-1696,"Hyderabad, India",Imperial College London,B.Tech in Computer Science and Engineering,"C/C++, ARM Cortex, Python, FreeRTOS, I2C/SPI/UART, PCB Debugging, Embedded Linux, MQTT",Arm Accredited Engineer (AAE),68,Developing,RES-0262_Rohan_Bhat.pdf
RES-0263,Jordan Chopra,Blockchain & Smart Contract Engineer,Web3 / Blockchain,3,jordan.chopra876@example.com,+1 (964) 484-6698,Singapore,Purdue University,M.Tech in Data Science & Artificial Intelligence,"Solidity, Ethers.js, Rust, Web3.js, Ethereum, Smart Contract Security",Certified Ethereum Developer,73,Developing,RES-0263_Jordan_Chopra.pdf
RES-0264,Shruti Anderson,Site Reliability Engineer (SRE),DevOps / Reliability,2,shruti.anderson444@example.com,+1 (419) 726-4728,"Sydney, Australia",Carnegie Mellon University,M.S. in Electrical and Computer Engineering,"Kubernetes, OpenTelemetry, Linux Kernel, Incident Management, Go, Terraform, Python, Chaos Engineering",Certified Kubernetes Security Specialist (CKS),85,Strong Candidate,RES-0264_Shruti_Anderson.pdf
RES-0265,Mason Rodriguez,Python Backend Engineer,Backend,11,mason.rodriguez885@example.com,+1 (638) 393-2140,"Chicago, IL",IIT Delhi,M.S. in Electrical and Computer Engineering,"REST APIs, FastAPI, PostgreSQL, Celery, Redis, Python, Docker, Django",PCEP – Certified Entry-Level Python Programmer,87,Strong Candidate,RES-0265_Mason_Rodriguez.pdf
RES-0266,Zoe Malhotra,Full Stack React & Node Developer,Full Stack,12,zoe.malhotra248@example.com,+1 (634) 942-9177,"London, UK",UCLA,B.E. in Information Technology,"MongoDB, Node.js, Express, Next.js, Tailwind CSS, TypeScript, GraphQL, React 18",OpenJS Node.js Application Developer (JAD),94,Mastered,RES-0266_Zoe_Malhotra.pdf
RES-0267,Siddharth Perez,Data Scientist & AI/ML Engineer,AI / ML,11,siddharth.perez704@example.com,+1 (227) 383-7269,"Stockholm, Sweden",IIT Bombay,M.S. in Electrical and Computer Engineering,"PyTorch, LLMs, Pandas, NLP, Scikit-Learn, Computer Vision, Python, MLOps",DeepLearning.AI ML Specialization,81,Strong Candidate,RES-0267_Siddharth_Perez.pdf
RES-0268,Chris Anderson,Cloud & DevOps Solutions Architect,Cloud / DevOps,1,chris.anderson470@example.com,+1 (522) 585-8250,"Tokyo, Japan",IIT Delhi,B.Tech in Computer Science and Engineering,"Terraform, Ansible, Docker, Kubernetes, Linux, Grafana, Prometheus",AWS Certified Solutions Architect - Professional,85,Strong Candidate,RES-0268_Chris_Anderson.pdf
RES-0269,Daniel Thompson,SQL & Data Platform Engineer,Data Engineering,7,daniel.thompson67@example.com,+1 (600) 469-9105,"Dublin, Ireland",UCLA,M.S. in Electrical and Computer Engineering,"PostgreSQL, SQL, Airflow, Python, Apache Spark, Snowflake, Data Warehousing",Snowflake SnowPro Core Certification,89,Mastered,RES-0269_Daniel_Thompson.pdf
RES-0270,Mia Garcia,Cybersecurity & Security Operations Engineer,Cybersecurity,5,mia.garcia250@example.com,+1 (863) 519-2391,"Seattle, WA",University of Oxford,B.S. in Computer Science,"Python, SIEM, Network Security, SOC, Wireshark, Splunk, OWASP Top 10, Penetration Testing",Offensive Security Certified Professional (OSCP),90,Mastered,RES-0270_Mia_Garcia.pdf
RES-0271,James Lopez,Frontend Performance Specialist,Frontend,10,james.lopez518@example.com,+1 (714) 983-6563,"Bengaluru, India",Georgia Institute of Technology,B.E. in Information Technology,"CSS3, Web Workers, TypeScript, Three.js, React, WebGL",Meta Front-End Professional,76,Strong Candidate,RES-0271_James_Lopez.pdf
RES-0272,Siddharth Clark,Mobile Applications Engineer,Mobile,6,siddharth.clark830@example.com,+1 (743) 686-7997,"Hyderabad, India",Delhi Technological University (DTU),B.S. in Computer Science,"Kotlin, Swift, Firebase, State Management, React Native, Flutter, Dart, Mobile CI/CD",iOS App Development Certificate,74,Developing,RES-0272_Siddharth_Clark.pdf
RES-0273,Hannah Davis,Java Enterprise & Distributed Systems Architect,Enterprise Systems,12,hannah.davis969@example.com,+1 (853) 745-8106,"Dublin, Ireland",Purdue University,B.Tech in Computer Science and Engineering,"Microservices, Spring Boot, Docker, gRPC, Kafka, PostgreSQL, Hibernate",Oracle Certified Professional: Java SE Developer,80,Strong Candidate,RES-0273_Hannah_Davis.pdf
RES-0274,Liam Malhotra,Embedded Systems & IoT Firmware Engineer,Hardware / IoT,8,liam.malhotra163@example.com,+1 (396) 228-5023,"Berlin, Germany",University of Washington,M.S. in Robotics and Autonomous Systems,"C/C++, Embedded Linux, PCB Debugging, FreeRTOS, I2C/SPI/UART, Python, ARM Cortex",Embedded Linux Developer Certificate,87,Strong Candidate,RES-0274_Liam_Malhotra.pdf
RES-0275,Sebastian Takahashi,Blockchain & Smart Contract Engineer,Web3 / Blockchain,12,sebastian.takahashi75@example.com,+1 (616) 572-2479,"Zurich, Switzerland",BITS Pilani,M.S. in Software Engineering,"Rust, Ethers.js, Web3.js, IPFS, Ethereum, Smart Contract Security, Solidity, Hardhat",Certified Ethereum Developer,74,Developing,RES-0275_Sebastian_Takahashi.pdf
RES-0276,Amelia Jackson,Site Reliability Engineer (SRE),DevOps / Reliability,9,amelia.jackson428@example.com,+1 (460) 803-1916,"Chicago, IL",Harvard University,M.S. in Electrical and Computer Engineering,"Terraform, OpenTelemetry, Incident Management, Python, Kubernetes, Go, Chaos Engineering",Google Cloud Professional DevOps Engineer,76,Strong Candidate,RES-0276_Amelia_Jackson.pdf
RES-0277,Noah Anderson,Python Backend Engineer,Backend,9,noah.anderson326@example.com,+1 (854) 917-6945,"Austin, TX",University of Toronto,M.Tech in Data Science & Artificial Intelligence,"Redis, AWS, Python, FastAPI, Django, Docker, Celery",PCEP – Certified Entry-Level Python Programmer,97,Mastered,RES-0277_Noah_Anderson.pdf
RES-0278,Karan Singhania,Full Stack React & Node Developer,Full Stack,2,karan.singhania442@example.com,+1 (302) 364-5275,"Denver, CO",ETH Zurich,M.S. in Electrical and Computer Engineering,"Tailwind CSS, Express, GraphQL, React 18, Next.js, Node.js, MongoDB, TypeScript",Meta Certified Front-End Developer,71,Developing,RES-0278_Karan_Singhania.pdf
RES-0279,Daniel Garcia,Data Scientist & AI/ML Engineer,AI / ML,11,daniel.garcia538@example.com,+1 (930) 986-3131,"Stockholm, Sweden",Imperial College London,B.S. in Cybersecurity and Information Assurance,"MLOps, TensorFlow, LLMs, PyTorch, NLP, Computer Vision, Pandas",TensorFlow Developer Certificate,97,Mastered,RES-0279_Daniel_Garcia.pdf
RES-0280,Ella Bose,Cloud & DevOps Solutions Architect,Cloud / DevOps,4,ella.bose636@example.com,+1 (841) 434-2457,"Tokyo, Japan",Harvard University,B.E. in Information Technology,"Grafana, Linux, CI/CD, Terraform, Kubernetes, AWS",Certified Kubernetes Administrator (CKA),71,Developing,RES-0280_Ella_Bose.pdf
RES-0281,William Singhania,SQL & Data Platform Engineer,Data Engineering,7,william.singhania218@example.com,+1 (395) 472-5717,"Chicago, IL",ETH Zurich,M.S. in Software Engineering,"dbt, Airflow, Kafka, Data Warehousing, Apache Spark, SQL, PostgreSQL, Python",Snowflake SnowPro Core Certification,70,Developing,RES-0281_William_Singhania.pdf
RES-0282,Aditi Lee,Cybersecurity & Security Operations Engineer,Cybersecurity,12,aditi.lee146@example.com,+1 (531) 909-7513,"Hyderabad, India",Harvard University,B.S. in Cybersecurity and Information Assurance,"Wireshark, SIEM, OWASP Top 10, SOC, Python, Network Security, Splunk, Penetration Testing",Certified Ethical Hacker (CEH),89,Mastered,RES-0282_Aditi_Lee.pdf
RES-0283,Divya Kapoor,Frontend Performance Specialist,Frontend,3,divya.kapoor923@example.com,+1 (772) 242-3938,"London, UK",University of Oxford,M.S. in Robotics and Autonomous Systems,"React, Vue.js, Web Workers, Three.js, WebGL, TypeScript",Meta Front-End Professional,87,Strong Candidate,RES-0283_Divya_Kapoor.pdf
RES-0284,Charlotte White,Mobile Applications Engineer,Mobile,3,charlotte.white330@example.com,+1 (646) 368-6169,"Chicago, IL",Massachusetts Institute of Technology (MIT),M.S. in Robotics and Autonomous Systems,"Swift, Dart, Flutter, State Management, React Native, Firebase",iOS App Development Certificate,71,Developing,RES-0284_Charlotte_White.pdf
RES-0285,Casey Malhotra,Java Enterprise & Distributed Systems Architect,Enterprise Systems,3,casey.malhotra367@example.com,+1 (295) 408-5654,"Bengaluru, India",IIIT Hyderabad,B.E. in Information Technology,"Kafka, Hibernate, Java 21, Docker, Spring Boot, gRPC, PostgreSQL, Microservices",Spring Certified Professional,94,Mastered,RES-0285_Casey_Malhotra.pdf
RES-0286,Deepika Chopra,Embedded Systems & IoT Firmware Engineer,Hardware / IoT,11,deepika.chopra39@example.com,+1 (283) 671-8861,"Tokyo, Japan",NIT Trichy,B.E. in Information Technology,"C/C++, I2C/SPI/UART, MQTT, ARM Cortex, FreeRTOS, PCB Debugging, Python",Arm Accredited Engineer (AAE),76,Strong Candidate,RES-0286_Deepika_Chopra.pdf
RES-0287,Michael Garcia,Blockchain & Smart Contract Engineer,Web3 / Blockchain,4,michael.garcia998@example.com,+1 (989) 608-2461,"San Francisco, CA",University of Illinois Urbana-Champaign,M.S. in Software Engineering,"Ethereum, Solidity, Smart Contract Security, Hardhat, Ethers.js, Web3.js, Rust",Certified Ethereum Developer,86,Strong Candidate,RES-0287_Michael_Garcia.pdf
RES-0288,Matthew Moore,Site Reliability Engineer (SRE),DevOps / Reliability,3,matthew.moore102@example.com,+1 (974) 632-7033,"Stockholm, Sweden",Delhi Technological University (DTU),B.S. in Cybersecurity and Information Assurance,"Incident Management, OpenTelemetry, Linux Kernel, Python, Chaos Engineering, Terraform",Certified Kubernetes Security Specialist (CKS),94,Mastered,RES-0288_Matthew_Moore.pdf
RES-0289,Mia White,Python Backend Engineer,Backend,2,mia.white447@example.com,+1 (502) 782-1781,"Amsterdam, Netherlands",Purdue University,B.Tech in Computer Science and Engineering,"Celery, FastAPI, PostgreSQL, Docker, Redis, Django, REST APIs",PCEP – Certified Entry-Level Python Programmer,93,Mastered,RES-0289_Mia_White.pdf
RES-0290,Emma Fischer,Full Stack React & Node Developer,Full Stack,6,emma.fischer412@example.com,+1 (246) 285-7819,"Berlin, Germany",UCLA,M.S. in Robotics and Autonomous Systems,"Next.js, Node.js, TypeScript, Tailwind CSS, GraphQL, React 18, Express, MongoDB",OpenJS Node.js Application Developer (JAD),95,Mastered,RES-0290_Emma_Fischer.pdf
RES-0291,Victoria Mukherjee,Data Scientist & AI/ML Engineer,AI / ML,5,victoria.mukherjee508@example.com,+1 (510) 833-6910,"Zurich, Switzerland",IIT Bombay,B.S. in Computer Science,"PyTorch, Python, Pandas, LLMs, MLOps, Computer Vision",AWS Certified Machine Learning - Specialty,72,Developing,RES-0291_Victoria_Mukherjee.pdf
RES-0292,Pranav Moore,Cloud & DevOps Solutions Architect,Cloud / DevOps,8,pranav.moore32@example.com,+1 (319) 370-3497,"Tokyo, Japan",Stanford University,M.S. in Robotics and Autonomous Systems,"Docker, Linux, Terraform, CI/CD, Ansible, AWS, Kubernetes, Prometheus",AWS Certified Solutions Architect - Professional,80,Strong Candidate,RES-0292_Pranav_Moore.pdf
RES-0293,Riya Thompson,SQL & Data Platform Engineer,Data Engineering,12,riya.thompson615@example.com,+1 (942) 826-8993,"Pune, India",Purdue University,B.Tech in Computer Science and Engineering,"Kafka, Apache Spark, Snowflake, SQL, dbt, Airflow, PostgreSQL, Python",Databricks Certified Data Engineer Associate,84,Strong Candidate,RES-0293_Riya_Thompson.pdf
RES-0294,William Ramirez,Cybersecurity & Security Operations Engineer,Cybersecurity,5,william.ramirez940@example.com,+1 (901) 547-8675,"Boston, MA",ETH Zurich,B.S. in Cybersecurity and Information Assurance,"Python, OWASP Top 10, Network Security, Splunk, Wireshark, SOC, SIEM, Penetration Testing",CompTIA Security+,74,Developing,RES-0294_William_Ramirez.pdf
RES-0295,Ella Reddy,Frontend Performance Specialist,Frontend,3,ella.reddy28@example.com,+1 (567) 467-6849,"Bengaluru, India",Imperial College London,B.Tech in Computer Science and Engineering,"React, Three.js, CSS3, TypeScript, Web Workers, WebGL, Vue.js",Meta Front-End Professional,97,Mastered,RES-0295_Ella_Reddy.pdf
RES-0296,Jacob Müller,Mobile Applications Engineer,Mobile,10,jacob.müller478@example.com,+1 (973) 313-2734,"Stockholm, Sweden",TUM Munich,B.S. in Computer Science,"Dart, State Management, Firebase, Flutter, Mobile CI/CD, Swift, Kotlin, React Native",iOS App Development Certificate,82,Strong Candidate,RES-0296_Jacob_Müller.pdf
RES-0297,Chloe Bhat,Java Enterprise & Distributed Systems Architect,Enterprise Systems,5,chloe.bhat797@example.com,+1 (206) 451-8760,"Toronto, Canada",UC Berkeley,M.S. in Software Engineering,"Docker, Microservices, PostgreSQL, Spring Boot, Hibernate, gRPC, Kafka, Java 21",Oracle Certified Professional: Java SE Developer,92,Mastered,RES-0297_Chloe_Bhat.pdf
RES-0298,Aditi Singhania,Embedded Systems & IoT Firmware Engineer,Hardware / IoT,6,aditi.singhania835@example.com,+1 (729) 271-2389,"Toronto, Canada",UCLA,B.S. in Cybersecurity and Information Assurance,"PCB Debugging, Python, C/C++, Embedded Linux, I2C/SPI/UART, FreeRTOS",Embedded Linux Developer Certificate,90,Mastered,RES-0298_Aditi_Singhania.pdf
RES-0299,Zoe Jackson,Blockchain & Smart Contract Engineer,Web3 / Blockchain,11,zoe.jackson669@example.com,+1 (410) 757-8244,Singapore,UCLA,B.S. in Cybersecurity and Information Assurance,"Rust, Solidity, Ethers.js, Ethereum, Hardhat, Web3.js, IPFS",Blockchain Council Certified Smart Contract Developer,96,Mastered,RES-0299_Zoe_Jackson.pdf
RES-0300,Yash Ramirez,Site Reliability Engineer (SRE),DevOps / Reliability,9,yash.ramirez274@example.com,+1 (447) 992-5979,"Sydney, Australia",Princeton University,B.S. in Computer Science,"Chaos Engineering, Incident Management, Linux Kernel, Kubernetes, Go, OpenTelemetry, Terraform",Google Cloud Professional DevOps Engineer,79,Strong Candidate,RES-0300_Yash_Ramirez.pdf
RES-0301,Sebastian Rodriguez,Python Backend Engineer,Backend,9,sebastian.rodriguez692@example.com,+1 (932) 786-3293,"Zurich, Switzerland",Carnegie Mellon University,M.Tech in Data Science & Artificial Intelligence,"PostgreSQL, Docker, AWS, Python, FastAPI, Celery, Redis, REST APIs",AWS Certified Developer - Associate,86,Strong Candidate,RES-0301_Sebastian_Rodriguez.pdf
RES-0302,Ella White,Full Stack React & Node Developer,Full Stack,8,ella.white807@example.com,+1 (604) 470-9172,"Sydney, Australia",Princeton University,M.S. in Robotics and Autonomous Systems,"Node.js, Next.js, TypeScript, Express, MongoDB, React 18",Meta Certified Front-End Developer,71,Developing,RES-0302_Ella_White.pdf
RES-0303,Chris Wilson,Data Scientist & AI/ML Engineer,AI / ML,2,chris.wilson595@example.com,+1 (496) 241-9565,"Boston, MA",University of Cambridge,M.S. in Electrical and Computer Engineering,"NLP, MLOps, Python, PyTorch, Pandas, Scikit-Learn, Computer Vision",AWS Certified Machine Learning - Specialty,70,Developing,RES-0303_Chris_Wilson.pdf
RES-0304,Pooja Taylor,Cloud & DevOps Solutions Architect,Cloud / DevOps,7,pooja.taylor502@example.com,+1 (786) 517-8411,"Toronto, Canada",TUM Munich,M.S. in Robotics and Autonomous Systems,"Terraform, Linux, CI/CD, Prometheus, Docker, Grafana, Ansible, Kubernetes",AWS Certified Solutions Architect - Professional,78,Strong Candidate,RES-0304_Pooja_Taylor.pdf
RES-0305,Yash Patel,SQL & Data Platform Engineer,Data Engineering,3,yash.patel991@example.com,+1 (886) 653-5544,"Seattle, WA",IIIT Hyderabad,B.Tech in Computer Science and Engineering,"Airflow, Apache Spark, Kafka, SQL, PostgreSQL, Python, Snowflake, Data Warehousing",Snowflake SnowPro Core Certification,75,Strong Candidate,RES-0305_Yash_Patel.pdf
RES-0306,Aiden Jackson,Cybersecurity & Security Operations Engineer,Cybersecurity,10,aiden.jackson96@example.com,+1 (746) 821-6249,"Zurich, Switzerland",University of Waterloo,B.Tech in Computer Science and Engineering,"Python, Network Security, Splunk, OWASP Top 10, SIEM, Penetration Testing",Certified Ethical Hacker (CEH),76,Strong Candidate,RES-0306_Aiden_Jackson.pdf
RES-0307,Jordan Chopra,Frontend Performance Specialist,Frontend,10,jordan.chopra324@example.com,+1 (617) 894-3772,"New York, NY",IIT Delhi,M.S. in Electrical and Computer Engineering,"Three.js, WebGL, TypeScript, Vue.js, React, Performance Optimization",Meta Front-End Professional,98,Mastered,RES-0307_Jordan_Chopra.pdf
RES-0308,Sam Davis,Mobile Applications Engineer,Mobile,8,sam.davis72@example.com,+1 (525) 675-7669,"Seattle, WA",ETH Zurich,B.Tech in Computer Science and Engineering,"Kotlin, State Management, Mobile CI/CD, Flutter, Dart, React Native",Google Associate Android Developer,85,Strong Candidate,RES-0308_Sam_Davis.pdf
RES-0309,Sophia Dubois,Java Enterprise & Distributed Systems Architect,Enterprise Systems,1,sophia.dubois261@example.com,+1 (750) 633-8401,"New York, NY",TUM Munich,M.S. in Robotics and Autonomous Systems,"Microservices, Java 21, Docker, Kafka, gRPC, Hibernate, Spring Boot, PostgreSQL",Spring Certified Professional,77,Strong Candidate,RES-0309_Sophia_Dubois.pdf
RES-0310,Jordan Thomas,Embedded Systems & IoT Firmware Engineer,Hardware / IoT,4,jordan.thomas725@example.com,+1 (325) 343-5578,"Sydney, Australia",Vellore Institute of Technology (VIT),M.S. in Electrical and Computer Engineering,"MQTT, PCB Debugging, I2C/SPI/UART, ARM Cortex, FreeRTOS, C/C++, Embedded Linux, Python",Arm Accredited Engineer (AAE),89,Mastered,RES-0310_Jordan_Thomas.pdf
RES-0311,Michael Taylor,Blockchain & Smart Contract Engineer,Web3 / Blockchain,9,michael.taylor579@example.com,+1 (913) 920-9011,"Zurich, Switzerland",Imperial College London,B.S. in Computer Science,"Rust, Ethers.js, Solidity, Hardhat, Web3.js, Smart Contract Security, Ethereum, IPFS",Blockchain Council Certified Smart Contract Developer,92,Mastered,RES-0311_Michael_Taylor.pdf
RES-0312,Amelia Joshi,Site Reliability Engineer (SRE),DevOps / Reliability,10,amelia.joshi953@example.com,+1 (926) 566-4137,"Seattle, WA",Imperial College London,B.E. in Information Technology,"Linux Kernel, Kubernetes, Go, Terraform, OpenTelemetry, Chaos Engineering",Certified Kubernetes Security Specialist (CKS),89,Mastered,RES-0312_Amelia_Joshi.pdf
RES-0313,Jackson Joshi,Python Backend Engineer,Backend,10,jackson.joshi708@example.com,+1 (817) 778-3875,"Seattle, WA",Princeton University,M.S. in Software Engineering,"PostgreSQL, Redis, FastAPI, Docker, Python, Django, AWS",Docker Certified Associate,76,Strong Candidate,RES-0313_Jackson_Joshi.pdf
RES-0314,Chris Joshi,Full Stack React & Node Developer,Full Stack,1,chris.joshi540@example.com,+1 (677) 707-6922,"Denver, CO",Massachusetts Institute of Technology (MIT),M.Tech in Data Science & Artificial Intelligence,"GraphQL, Node.js, React 18, Express, TypeScript, Next.js, Tailwind CSS",Meta Certified Front-End Developer,77,Strong Candidate,RES-0314_Chris_Joshi.pdf
RES-0315,Siddharth Rao,Data Scientist & AI/ML Engineer,AI / ML,1,siddharth.rao650@example.com,+1 (299) 228-8863,"Sydney, Australia",TUM Munich,M.S. in Electrical and Computer Engineering,"MLOps, Scikit-Learn, TensorFlow, Python, Computer Vision, PyTorch",TensorFlow Developer Certificate,70,Developing,RES-0315_Siddharth_Rao.pdf
RES-0316,Neha Chen,Cloud & DevOps Solutions Architect,Cloud / DevOps,1,neha.chen44@example.com,+1 (586) 520-2065,"Boston, MA",Massachusetts Institute of Technology (MIT),M.S. in Robotics and Autonomous Systems,"Grafana, Kubernetes, AWS, Prometheus, Linux, CI/CD, Ansible, Terraform",Certified Kubernetes Administrator (CKA),82,Strong Candidate,RES-0316_Neha_Chen.pdf
RES-0317,Sneha Martin,SQL & Data Platform Engineer,Data Engineering,11,sneha.martin824@example.com,+1 (638) 835-2659,"Toronto, Canada",University of Toronto,B.Tech in Computer Science and Engineering,"dbt, Apache Spark, PostgreSQL, Data Warehousing, Airflow, Kafka, Snowflake, SQL",Snowflake SnowPro Core Certification,72,Developing,RES-0317_Sneha_Martin.pdf
RES-0318,Pooja Reddy,Cybersecurity & Security Operations Engineer,Cybersecurity,11,pooja.reddy140@example.com,+1 (519) 798-8140,"Denver, CO",University of Cambridge,M.S. in Electrical and Computer Engineering,"Penetration Testing, Splunk, Network Security, SOC, Wireshark, OWASP Top 10, Python, SIEM",Offensive Security Certified Professional (OSCP),74,Developing,RES-0318_Pooja_Reddy.pdf
RES-0319,Olivia Dubois,Frontend Performance Specialist,Frontend,10,olivia.dubois80@example.com,+1 (549) 393-8794,"Tokyo, Japan",IIIT Hyderabad,M.S. in Electrical and Computer Engineering,"Three.js, WebGL, Vue.js, React, TypeScript, CSS3, Performance Optimization",Meta Front-End Professional,91,Mastered,RES-0319_Olivia_Dubois.pdf
RES-0320,Karan Müller,Mobile Applications Engineer,Mobile,1,karan.müller767@example.com,+1 (584) 410-7558,"Bengaluru, India",Stanford University,M.S. in Electrical and Computer Engineering,"Dart, State Management, React Native, Swift, Mobile CI/CD, Firebase",iOS App Development Certificate,91,Mastered,RES-0320_Karan_Müller.pdf
RES-0321,Michael Lopez,Java Enterprise & Distributed Systems Architect,Enterprise Systems,1,michael.lopez877@example.com,+1 (767) 451-3925,"Hyderabad, India",TUM Munich,M.S. in Software Engineering,"Java 21, Docker, PostgreSQL, Spring Boot, Kafka, Microservices",Oracle Certified Professional: Java SE Developer,98,Mastered,RES-0321_Michael_Lopez.pdf
RES-0322,Harsh Müller,Embedded Systems & IoT Firmware Engineer,Hardware / IoT,3,harsh.müller648@example.com,+1 (644) 928-2071,"Austin, TX",Imperial College London,M.S. in Software Engineering,"PCB Debugging, I2C/SPI/UART, FreeRTOS, Python, ARM Cortex, MQTT, C/C++, Embedded Linux",Arm Accredited Engineer (AAE),74,Developing,RES-0322_Harsh_Müller.pdf
RES-0323,Alex Dubois,Blockchain & Smart Contract Engineer,Web3 / Blockchain,9,alex.dubois491@example.com,+1 (879) 829-2062,"Bengaluru, India",UCLA,B.S. in Cybersecurity and Information Assurance,"Web3.js, Hardhat, Ethers.js, IPFS, Rust, Smart Contract Security, Ethereum, Solidity",Blockchain Council Certified Smart Contract Developer,82,Strong Candidate,RES-0323_Alex_Dubois.pdf
RES-0324,Liam Thomas,Site Reliability Engineer (SRE),DevOps / Reliability,3,liam.thomas233@example.com,+1 (513) 635-7178,"Dublin, Ireland",National University of Singapore,M.S. in Electrical and Computer Engineering,"Python, Kubernetes, OpenTelemetry, Chaos Engineering, Terraform, Go",Certified Kubernetes Security Specialist (CKS),78,Strong Candidate,RES-0324_Liam_Thomas.pdf
RES-0325,Ethan Anderson,Python Backend Engineer,Backend,11,ethan.anderson35@example.com,+1 (383) 652-4830,"London, UK",Georgia Institute of Technology,B.S. in Computer Science,"AWS, FastAPI, Celery, Django, REST APIs, Python, PostgreSQL",AWS Certified Developer - Associate,74,Developing,RES-0325_Ethan_Anderson.pdf
RES-0326,Victoria Kapoor,Full Stack React & Node Developer,Full Stack,1,victoria.kapoor885@example.com,+1 (970) 933-9898,"London, UK",University of Cambridge,B.E. in Information Technology,"MongoDB, GraphQL, Next.js, React 18, Express, Node.js, Tailwind CSS",OpenJS Node.js Application Developer (JAD),91,Mastered,RES-0326_Victoria_Kapoor.pdf
RES-0327,Hannah Lopez,Data Scientist & AI/ML Engineer,AI / ML,12,hannah.lopez820@example.com,+1 (287) 520-4077,"Sydney, Australia",IIT Madras,B.S. in Cybersecurity and Information Assurance,"Python, Pandas, PyTorch, NLP, Computer Vision, TensorFlow, Scikit-Learn, LLMs",AWS Certified Machine Learning - Specialty,86,Strong Candidate,RES-0327_Hannah_Lopez.pdf
RES-0328,Rohan Clark,Cloud & DevOps Solutions Architect,Cloud / DevOps,10,rohan.clark814@example.com,+1 (232) 342-3518,"Toronto, Canada",University of Illinois Urbana-Champaign,B.S. in Cybersecurity and Information Assurance,"Kubernetes, Grafana, Linux, Docker, AWS, Terraform, Prometheus",Certified Kubernetes Administrator (CKA),68,Developing,RES-0328_Rohan_Clark.pdf
RES-0329,Emma Williams,SQL & Data Platform Engineer,Data Engineering,5,emma.williams81@example.com,+1 (595) 490-4373,"Pune, India",University of Toronto,B.S. in Computer Science,"PostgreSQL, Snowflake, Python, dbt, Kafka, Apache Spark, SQL, Data Warehousing",Databricks Certified Data Engineer Associate,73,Developing,RES-0329_Emma_Williams.pdf
RES-0330,Victoria Clark,Cybersecurity & Security Operations Engineer,Cybersecurity,12,victoria.clark971@example.com,+1 (517) 801-4325,"Denver, CO",National University of Singapore,M.S. in Robotics and Autonomous Systems,"SOC, SIEM, Network Security, Wireshark, Splunk, Penetration Testing",Certified Ethical Hacker (CEH),79,Strong Candidate,RES-0330_Victoria_Clark.pdf
RES-0331,Sebastian Thomas,Frontend Performance Specialist,Frontend,10,sebastian.thomas637@example.com,+1 (379) 625-5081,"Bengaluru, India",University of Toronto,B.S. in Cybersecurity and Information Assurance,"Vue.js, Web Workers, Three.js, TypeScript, WebGL, CSS3, Performance Optimization, React",Google Mobile Web Specialist,79,Strong Candidate,RES-0331_Sebastian_Thomas.pdf
RES-0332,Kavya Kulkarni,Mobile Applications Engineer,Mobile,8,kavya.kulkarni117@example.com,+1 (716) 984-6341,"Sydney, Australia",National University of Singapore,M.S. in Software Engineering,"State Management, Flutter, Mobile CI/CD, Swift, Kotlin, Dart",iOS App Development Certificate,83,Strong Candidate,RES-0332_Kavya_Kulkarni.pdf
RES-0333,Hannah Iyer,Java Enterprise & Distributed Systems Architect,Enterprise Systems,3,hannah.iyer94@example.com,+1 (761) 872-4969,"Tokyo, Japan",TUM Munich,M.S. in Robotics and Autonomous Systems,"Microservices, Docker, Java 21, Hibernate, PostgreSQL, Kafka",Spring Certified Professional,79,Strong Candidate,RES-0333_Hannah_Iyer.pdf
RES-0334,Michael Brown,Embedded Systems & IoT Firmware Engineer,Hardware / IoT,8,michael.brown741@example.com,+1 (235) 891-9721,"Hyderabad, India",TUM Munich,B.Tech in Computer Science and Engineering,"Embedded Linux, ARM Cortex, I2C/SPI/UART, FreeRTOS, PCB Debugging, C/C++, MQTT, Python",Embedded Linux Developer Certificate,78,Strong Candidate,RES-0334_Michael_Brown.pdf
RES-0335,David Joshi,Blockchain & Smart Contract Engineer,Web3 / Blockchain,12,david.joshi695@example.com,+1 (264) 425-2582,"Bengaluru, India",Massachusetts Institute of Technology (MIT),M.S. in Software Engineering,"Web3.js, Ethereum, Ethers.js, Rust, Smart Contract Security, IPFS",Blockchain Council Certified Smart Contract Developer,88,Mastered,RES-0335_David_Joshi.pdf
RES-0336,Arjun Sharma,Site Reliability Engineer (SRE),DevOps / Reliability,11,arjun.sharma408@example.com,+1 (417) 669-4606,"Seattle, WA",Delhi Technological University (DTU),B.E. in Information Technology,"Python, Linux Kernel, OpenTelemetry, Kubernetes, Incident Management, Go",Certified Kubernetes Security Specialist (CKS),95,Mastered,RES-0336_Arjun_Sharma.pdf
RES-0337,Ishaan Iyer,Python Backend Engineer,Backend,9,ishaan.iyer353@example.com,+1 (218) 823-8354,"Zurich, Switzerland",Purdue University,M.Tech in Data Science & Artificial Intelligence,"PostgreSQL, Python, Redis, REST APIs, Django, FastAPI",Docker Certified Associate,74,Developing,RES-0337_Ishaan_Iyer.pdf
RES-0338,Avery Anderson,Full Stack React & Node Developer,Full Stack,8,avery.anderson219@example.com,+1 (857) 238-4900,"Stockholm, Sweden",IIT Bombay,M.S. in Electrical and Computer Engineering,"React 18, Next.js, Express, Node.js, GraphQL, Tailwind CSS, TypeScript, MongoDB",Meta Certified Front-End Developer,73,Developing,RES-0338_Avery_Anderson.pdf
RES-0339,Jacob Rao,Data Scientist & AI/ML Engineer,AI / ML,1,jacob.rao16@example.com,+1 (266) 703-2146,"Hyderabad, India",IIT Madras,M.S. in Software Engineering,"LLMs, Scikit-Learn, PyTorch, NLP, Python, MLOps",DeepLearning.AI ML Specialization,87,Strong Candidate,RES-0339_Jacob_Rao.pdf
RES-0340,Mia Martinez,Cloud & DevOps Solutions Architect,Cloud / DevOps,8,mia.martinez302@example.com,+1 (790) 659-4299,"London, UK",Georgia Institute of Technology,B.S. in Computer Science,"Ansible, Linux, Docker, CI/CD, Prometheus, Grafana",AWS Certified Solutions Architect - Professional,76,Strong Candidate,RES-0340_Mia_Martinez.pdf
RES-0341,Gaurav Martin,SQL & Data Platform Engineer,Data Engineering,10,gaurav.martin323@example.com,+1 (664) 490-7146,"Amsterdam, Netherlands",UC Berkeley,M.S. in Robotics and Autonomous Systems,"Python, dbt, Apache Spark, Data Warehousing, PostgreSQL, Airflow, Snowflake, Kafka",Databricks Certified Data Engineer Associate,81,Strong Candidate,RES-0341_Gaurav_Martin.pdf
RES-0342,Vikram Chen,Cybersecurity & Security Operations Engineer,Cybersecurity,7,vikram.chen137@example.com,+1 (594) 779-3660,"Hyderabad, India",UCLA,B.E. in Information Technology,"Python, Wireshark, SOC, Network Security, Penetration Testing, OWASP Top 10, SIEM, Splunk",Certified Ethical Hacker (CEH),98,Mastered,RES-0342_Vikram_Chen.pdf
RES-0343,Casey Miller,Frontend Performance Specialist,Frontend,2,casey.miller263@example.com,+1 (816) 792-3644,"San Francisco, CA",Delhi Technological University (DTU),B.S. in Computer Science,"Performance Optimization, Web Workers, Three.js, TypeScript, React, WebGL, CSS3",Meta Front-End Professional,91,Mastered,RES-0343_Casey_Miller.pdf
RES-0344,Mason Kulkarni,Mobile Applications Engineer,Mobile,6,mason.kulkarni907@example.com,+1 (945) 291-2790,"Dublin, Ireland",National University of Singapore,M.S. in Software Engineering,"Mobile CI/CD, Firebase, React Native, Flutter, Dart, Swift, Kotlin, State Management",Google Associate Android Developer,73,Developing,RES-0344_Mason_Kulkarni.pdf
RES-0345,Riley Williams,Java Enterprise & Distributed Systems Architect,Enterprise Systems,10,riley.williams508@example.com,+1 (386) 714-2806,"Tokyo, Japan",IIT Delhi,M.Tech in Data Science & Artificial Intelligence,"Microservices, Docker, Spring Boot, gRPC, Kafka, PostgreSQL, Java 21, Hibernate",Oracle Certified Professional: Java SE Developer,83,Strong Candidate,RES-0345_Riley_Williams.pdf
RES-0346,Riya Joshi,Embedded Systems & IoT Firmware Engineer,Hardware / IoT,1,riya.joshi788@example.com,+1 (303) 209-2000,"London, UK",Carnegie Mellon University,B.Tech in Computer Science and Engineering,"PCB Debugging, MQTT, Python, FreeRTOS, ARM Cortex, Embedded Linux",Embedded Linux Developer Certificate,98,Mastered,RES-0346_Riya_Joshi.pdf
RES-0347,Akash Menon,Blockchain & Smart Contract Engineer,Web3 / Blockchain,6,akash.menon418@example.com,+1 (587) 825-1937,Singapore,Stanford University,B.S. in Computer Science,"IPFS, Web3.js, Rust, Solidity, Ethers.js, Ethereum, Smart Contract Security, Hardhat",Blockchain Council Certified Smart Contract Developer,68,Developing,RES-0347_Akash_Menon.pdf
RES-0348,Akash Takahashi,Site Reliability Engineer (SRE),DevOps / Reliability,10,akash.takahashi56@example.com,+1 (953) 533-8279,"Pune, India",University of Illinois Urbana-Champaign,M.S. in Robotics and Autonomous Systems,"Incident Management, OpenTelemetry, Terraform, Go, Linux Kernel, Python",Certified Kubernetes Security Specialist (CKS),77,Strong Candidate,RES-0348_Akash_Takahashi.pdf
RES-0349,Noah Takahashi,Python Backend Engineer,Backend,11,noah.takahashi488@example.com,+1 (372) 656-2895,"Chicago, IL",BITS Pilani,M.Tech in Data Science & Artificial Intelligence,"FastAPI, AWS, PostgreSQL, Docker, Python, REST APIs, Celery, Django",PCEP – Certified Entry-Level Python Programmer,70,Developing,RES-0349_Noah_Takahashi.pdf
RES-0350,Karan Takahashi,Full Stack React & Node Developer,Full Stack,7,karan.takahashi239@example.com,+1 (789) 984-2059,"Toronto, Canada",Delhi Technological University (DTU),B.S. in Cybersecurity and Information Assurance,"MongoDB, GraphQL, TypeScript, Tailwind CSS, Node.js, React 18, Next.js, Express",Meta Certified Front-End Developer,86,Strong Candidate,RES-0350_Karan_Takahashi.pdf
RES-0351,Aarav Martinez,Data Scientist & AI/ML Engineer,AI / ML,7,aarav.martinez73@example.com,+1 (804) 748-4110,"Zurich, Switzerland",UCLA,M.S. in Electrical and Computer Engineering,"TensorFlow, Scikit-Learn, Python, MLOps, Computer Vision, Pandas, PyTorch, NLP",AWS Certified Machine Learning - Specialty,77,Strong Candidate,RES-0351_Aarav_Martinez.pdf
RES-0352,Tanvi Deshmukh,Cloud & DevOps Solutions Architect,Cloud / DevOps,8,tanvi.deshmukh136@example.com,+1 (480) 923-8836,"Hyderabad, India",Harvard University,B.E. in Information Technology,"Prometheus, Terraform, Grafana, Linux, Kubernetes, CI/CD",HashiCorp Certified: Terraform Associate,78,Strong Candidate,RES-0352_Tanvi_Deshmukh.pdf
RES-0353,Logan Joshi,SQL & Data Platform Engineer,Data Engineering,2,logan.joshi494@example.com,+1 (556) 975-7412,"Zurich, Switzerland",University of Cambridge,B.E. in Information Technology,"SQL, Data Warehousing, PostgreSQL, Apache Spark, Snowflake, Python",Databricks Certified Data Engineer Associate,74,Developing,RES-0353_Logan_Joshi.pdf
RES-0354,Ava Müller,Cybersecurity & Security Operations Engineer,Cybersecurity,12,ava.müller776@example.com,+1 (400) 952-1149,Singapore,Vellore Institute of Technology (VIT),B.S. in Computer Science,"OWASP Top 10, Network Security, Python, Splunk, SIEM, SOC",Certified Ethical Hacker (CEH),75,Strong Candidate,RES-0354_Ava_Müller.pdf
RES-0355,Vikram Malhotra,Frontend Performance Specialist,Frontend,3,vikram.malhotra256@example.com,+1 (606) 700-5959,"Stockholm, Sweden",UCLA,B.S. in Cybersecurity and Information Assurance,"React, Performance Optimization, WebGL, Web Workers, Vue.js, Three.js, CSS3, TypeScript",Google Mobile Web Specialist,76,Strong Candidate,RES-0355_Vikram_Malhotra.pdf
RES-0356,Taylor Dubois,Mobile Applications Engineer,Mobile,5,taylor.dubois617@example.com,+1 (385) 593-8932,"Sydney, Australia",Carnegie Mellon University,M.S. in Software Engineering,"React Native, Swift, Firebase, Flutter, Mobile CI/CD, State Management, Dart, Kotlin",Google Associate Android Developer,71,Developing,RES-0356_Taylor_Dubois.pdf
RES-0357,Pooja Kapoor,Java Enterprise & Distributed Systems Architect,Enterprise Systems,9,pooja.kapoor598@example.com,+1 (411) 868-3641,"Seattle, WA",UCLA,B.E. in Information Technology,"Hibernate, Microservices, gRPC, Spring Boot, Kafka, Docker",Oracle Certified Professional: Java SE Developer,90,Mastered,RES-0357_Pooja_Kapoor.pdf
RES-0358,Arjun White,Embedded Systems & IoT Firmware Engineer,Hardware / IoT,4,arjun.white942@example.com,+1 (560) 820-9818,"Denver, CO",Vellore Institute of Technology (VIT),B.S. in Computer Science,"C/C++, Embedded Linux, PCB Debugging, FreeRTOS, I2C/SPI/UART, Python",Arm Accredited Engineer (AAE),80,Strong Candidate,RES-0358_Arjun_White.pdf
RES-0359,Daniel Thomas,Blockchain & Smart Contract Engineer,Web3 / Blockchain,9,daniel.thomas477@example.com,+1 (285) 460-7968,"Boston, MA",UC Berkeley,M.Tech in Data Science & Artificial Intelligence,"Hardhat, Web3.js, Ethereum, Ethers.js, Rust, Smart Contract Security, Solidity",Blockchain Council Certified Smart Contract Developer,89,Mastered,RES-0359_Daniel_Thomas.pdf
RES-0360,Noah Taylor,Site Reliability Engineer (SRE),DevOps / Reliability,6,noah.taylor77@example.com,+1 (537) 855-2457,Singapore,IIT Bombay,B.E. in Information Technology,"Chaos Engineering, Go, Terraform, OpenTelemetry, Python, Linux Kernel",Certified Kubernetes Security Specialist (CKS),90,Mastered,RES-0360_Noah_Taylor.pdf
RES-0361,Aria Takahashi,Python Backend Engineer,Backend,3,aria.takahashi298@example.com,+1 (764) 477-2623,"New York, NY",UCLA,M.S. in Electrical and Computer Engineering,"AWS, Celery, PostgreSQL, Redis, FastAPI, Django, Python",Docker Certified Associate,90,Mastered,RES-0361_Aria_Takahashi.pdf
RES-0362,Mia Joshi,Full Stack React & Node Developer,Full Stack,8,mia.joshi633@example.com,+1 (628) 923-8500,"Bengaluru, India",Imperial College London,M.S. in Electrical and Computer Engineering,"Next.js, Express, GraphQL, TypeScript, Node.js, MongoDB, React 18",OpenJS Node.js Application Developer (JAD),70,Developing,RES-0362_Mia_Joshi.pdf
RES-0363,Alexander Sanchez,Data Scientist & AI/ML Engineer,AI / ML,12,alexander.sanchez961@example.com,+1 (704) 210-7946,"Denver, CO",University of Waterloo,M.S. in Software Engineering,"LLMs, PyTorch, Scikit-Learn, Python, NLP, MLOps, TensorFlow, Pandas",DeepLearning.AI ML Specialization,98,Mastered,RES-0363_Alexander_Sanchez.pdf
RES-0364,Sophia Joshi,Cloud & DevOps Solutions Architect,Cloud / DevOps,2,sophia.joshi962@example.com,+1 (982) 736-4687,"Bengaluru, India",TUM Munich,M.S. in Electrical and Computer Engineering,"AWS, Grafana, Docker, Ansible, Kubernetes, Terraform, Linux",Certified Kubernetes Administrator (CKA),76,Strong Candidate,RES-0364_Sophia_Joshi.pdf
RES-0365,Ava Sharma,SQL & Data Platform Engineer,Data Engineering,5,ava.sharma765@example.com,+1 (846) 782-7449,"Hyderabad, India",University of Toronto,B.Tech in Computer Science and Engineering,"PostgreSQL, Kafka, SQL, Airflow, dbt, Snowflake, Apache Spark",Databricks Certified Data Engineer Associate,83,Strong Candidate,RES-0365_Ava_Sharma.pdf
RES-0366,Olivia Nair,Cybersecurity & Security Operations Engineer,Cybersecurity,8,olivia.nair551@example.com,+1 (726) 357-7729,"Austin, TX",IIT Bombay,B.Tech in Computer Science and Engineering,"Network Security, SOC, OWASP Top 10, Penetration Testing, Wireshark, Splunk, Python",CompTIA Security+,68,Developing,RES-0366_Olivia_Nair.pdf
RES-0367,Shruti Watanabe,Frontend Performance Specialist,Frontend,5,shruti.watanabe901@example.com,+1 (926) 403-2813,"Hyderabad, India",IIT Bombay,B.Tech in Computer Science and Engineering,"Web Workers, TypeScript, React, CSS3, WebGL, Vue.js, Three.js, Performance Optimization",Meta Front-End Professional,72,Developing,RES-0367_Shruti_Watanabe.pdf
RES-0368,Sam Gupta,Mobile Applications Engineer,Mobile,9,sam.gupta821@example.com,+1 (221) 329-3548,Singapore,UCLA,B.Tech in Computer Science and Engineering,"Firebase, Swift, Kotlin, Flutter, Mobile CI/CD, Dart",iOS App Development Certificate,76,Strong Candidate,RES-0368_Sam_Gupta.pdf
RES-0369,Sam Takahashi,Java Enterprise & Distributed Systems Architect,Enterprise Systems,8,sam.takahashi279@example.com,+1 (917) 453-8031,"Hyderabad, India",Harvard University,B.S. in Computer Science,"Microservices, Spring Boot, Hibernate, Docker, PostgreSQL, Java 21, gRPC, Kafka",Oracle Certified Professional: Java SE Developer,81,Strong Candidate,RES-0369_Sam_Takahashi.pdf
RES-0370,Harsh Martinez,Embedded Systems & IoT Firmware Engineer,Hardware / IoT,7,harsh.martinez726@example.com,+1 (848) 436-4633,"Toronto, Canada",Massachusetts Institute of Technology (MIT),M.S. in Robotics and Autonomous Systems,"C/C++, FreeRTOS, Python, PCB Debugging, MQTT, Embedded Linux, ARM Cortex, I2C/SPI/UART",Arm Accredited Engineer (AAE),76,Strong Candidate,RES-0370_Harsh_Martinez.pdf
RES-0371,Victoria Gupta,Blockchain & Smart Contract Engineer,Web3 / Blockchain,6,victoria.gupta451@example.com,+1 (389) 458-9049,Singapore,Carnegie Mellon University,B.E. in Information Technology,"Ethereum, Smart Contract Security, IPFS, Web3.js, Ethers.js, Solidity",Blockchain Council Certified Smart Contract Developer,74,Developing,RES-0371_Victoria_Gupta.pdf
RES-0372,Grace Zhang,Site Reliability Engineer (SRE),DevOps / Reliability,12,grace.zhang111@example.com,+1 (276) 759-6618,"Berlin, Germany",UCLA,M.S. in Robotics and Autonomous Systems,"Kubernetes, Go, Python, Incident Management, OpenTelemetry, Linux Kernel, Chaos Engineering, Terraform",Google Cloud Professional DevOps Engineer,87,Strong Candidate,RES-0372_Grace_Zhang.pdf
RES-0373,Amelia Deshmukh,Python Backend Engineer,Backend,12,amelia.deshmukh142@example.com,+1 (496) 246-1996,"Hyderabad, India",University of Waterloo,B.S. in Cybersecurity and Information Assurance,"FastAPI, Django, PostgreSQL, Redis, Celery, Docker, AWS, REST APIs",AWS Certified Developer - Associate,77,Strong Candidate,RES-0373_Amelia_Deshmukh.pdf
RES-0374,William Rodriguez,Full Stack React & Node Developer,Full Stack,4,william.rodriguez735@example.com,+1 (474) 765-2951,"Bengaluru, India",University of Washington,B.Tech in Computer Science and Engineering,"Node.js, GraphQL, TypeScript, MongoDB, React 18, Next.js",Meta Certified Front-End Developer,98,Mastered,RES-0374_William_Rodriguez.pdf
RES-0375,Noah Miller,Data Scientist & AI/ML Engineer,AI / ML,1,noah.miller749@example.com,+1 (336) 618-5831,"Toronto, Canada",TUM Munich,B.Tech in Computer Science and Engineering,"NLP, TensorFlow, MLOps, Python, LLMs, Pandas, Computer Vision, PyTorch",DeepLearning.AI ML Specialization,74,Developing,RES-0375_Noah_Miller.pdf
RES-0376,Aiden Rao,Cloud & DevOps Solutions Architect,Cloud / DevOps,4,aiden.rao837@example.com,+1 (970) 604-3550,"Tokyo, Japan",Georgia Institute of Technology,B.S. in Cybersecurity and Information Assurance,"Kubernetes, Ansible, Linux, Docker, Grafana, CI/CD, AWS",HashiCorp Certified: Terraform Associate,70,Developing,RES-0376_Aiden_Rao.pdf
RES-0377,Casey Iyer,SQL & Data Platform Engineer,Data Engineering,12,casey.iyer446@example.com,+1 (451) 665-7594,"Austin, TX",Princeton University,M.S. in Software Engineering,"Apache Spark, Data Warehousing, dbt, PostgreSQL, Kafka, Airflow",Snowflake SnowPro Core Certification,85,Strong Candidate,RES-0377_Casey_Iyer.pdf
RES-0378,Meera Weber,Cybersecurity & Security Operations Engineer,Cybersecurity,10,meera.weber734@example.com,+1 (287) 407-3281,"Chicago, IL",TUM Munich,M.S. in Robotics and Autonomous Systems,"SOC, Splunk, OWASP Top 10, SIEM, Penetration Testing, Network Security, Wireshark",CompTIA Security+,68,Developing,RES-0378_Meera_Weber.pdf
RES-0379,Isabella Moore,Frontend Performance Specialist,Frontend,11,isabella.moore404@example.com,+1 (350) 561-5699,"Pune, India",Vellore Institute of Technology (VIT),B.S. in Cybersecurity and Information Assurance,"CSS3, React, TypeScript, Performance Optimization, Web Workers, Three.js",Meta Front-End Professional,84,Strong Candidate,RES-0379_Isabella_Moore.pdf
RES-0380,Karan Lewis,Mobile Applications Engineer,Mobile,10,karan.lewis195@example.com,+1 (895) 635-3461,"Berlin, Germany",Georgia Institute of Technology,B.E. in Information Technology,"State Management, Firebase, React Native, Mobile CI/CD, Flutter, Swift, Kotlin",Google Associate Android Developer,72,Developing,RES-0380_Karan_Lewis.pdf
RES-0381,Jordan Hernandez,Java Enterprise & Distributed Systems Architect,Enterprise Systems,6,jordan.hernandez140@example.com,+1 (386) 985-7308,Singapore,ETH Zurich,M.S. in Robotics and Autonomous Systems,"PostgreSQL, Spring Boot, gRPC, Docker, Kafka, Hibernate, Microservices",Spring Certified Professional,90,Mastered,RES-0381_Jordan_Hernandez.pdf
RES-0382,Jordan Garcia,Embedded Systems & IoT Firmware Engineer,Hardware / IoT,9,jordan.garcia380@example.com,+1 (202) 408-1281,Singapore,IIT Bombay,M.S. in Robotics and Autonomous Systems,"I2C/SPI/UART, FreeRTOS, Embedded Linux, PCB Debugging, ARM Cortex, C/C++",Embedded Linux Developer Certificate,90,Mastered,RES-0382_Jordan_Garcia.pdf
RES-0383,Logan Wilson,Blockchain & Smart Contract Engineer,Web3 / Blockchain,10,logan.wilson65@example.com,+1 (918) 308-2208,"Chicago, IL",Stanford University,M.S. in Software Engineering,"Rust, Smart Contract Security, Solidity, Web3.js, Hardhat, Ethers.js",Certified Ethereum Developer,77,Strong Candidate,RES-0383_Logan_Wilson.pdf
RES-0384,Sam Chopra,Site Reliability Engineer (SRE),DevOps / Reliability,3,sam.chopra71@example.com,+1 (857) 232-3843,"Denver, CO",University of Illinois Urbana-Champaign,B.Tech in Computer Science and Engineering,"Linux Kernel, Chaos Engineering, Incident Management, Kubernetes, Terraform, OpenTelemetry, Go, Python",Certified Kubernetes Security Specialist (CKS),73,Developing,RES-0384_Sam_Chopra.pdf
RES-0385,Ella Lewis,Python Backend Engineer,Backend,6,ella.lewis871@example.com,+1 (279) 909-8674,"Chicago, IL",TUM Munich,B.S. in Cybersecurity and Information Assurance,"Docker, Celery, FastAPI, Django, Python, Redis",AWS Certified Developer - Associate,74,Developing,RES-0385_Ella_Lewis.pdf
RES-0386,Matthew Sharma,Full Stack React & Node Developer,Full Stack,4,matthew.sharma784@example.com,+1 (516) 392-4305,"New York, NY",UC Berkeley,B.E. in Information Technology,"React 18, Next.js, Express, GraphQL, MongoDB, TypeScript, Tailwind CSS, Node.js",Meta Certified Front-End Developer,78,Strong Candidate,RES-0386_Matthew_Sharma.pdf
RES-0387,Mason Tanaka,Data Scientist & AI/ML Engineer,AI / ML,1,mason.tanaka769@example.com,+1 (715) 303-9227,"Boston, MA",University of Waterloo,B.S. in Cybersecurity and Information Assurance,"NLP, TensorFlow, PyTorch, Pandas, Scikit-Learn, Python",DeepLearning.AI ML Specialization,98,Mastered,RES-0387_Mason_Tanaka.pdf
RES-0388,Tanvi White,Cloud & DevOps Solutions Architect,Cloud / DevOps,8,tanvi.white756@example.com,+1 (823) 867-9573,"Toronto, Canada",University of Oxford,M.S. in Software Engineering,"Grafana, AWS, Prometheus, Linux, Docker, Kubernetes, Ansible, Terraform",AWS Certified Solutions Architect - Professional,82,Strong Candidate,RES-0388_Tanvi_White.pdf
RES-0389,Arjun Smith,SQL & Data Platform Engineer,Data Engineering,10,arjun.smith966@example.com,+1 (502) 365-2116,"London, UK",Georgia Institute of Technology,M.S. in Electrical and Computer Engineering,"Python, Airflow, dbt, Snowflake, Data Warehousing, Apache Spark",Snowflake SnowPro Core Certification,84,Strong Candidate,RES-0389_Arjun_Smith.pdf
RES-0390,Madison Hernandez,Cybersecurity & Security Operations Engineer,Cybersecurity,8,madison.hernandez392@example.com,+1 (285) 898-7769,"Denver, CO",Vellore Institute of Technology (VIT),B.E. in Information Technology,"SIEM, Python, Splunk, Wireshark, SOC, Network Security, Penetration Testing, OWASP Top 10",Certified Ethical Hacker (CEH),82,Strong Candidate,RES-0390_Madison_Hernandez.pdf
RES-0391,Simran Tanaka,Frontend Performance Specialist,Frontend,12,simran.tanaka847@example.com,+1 (676) 311-2406,"Bengaluru, India",University of Illinois Urbana-Champaign,B.S. in Computer Science,"Performance Optimization, Vue.js, TypeScript, CSS3, Three.js, WebGL",Meta Front-End Professional,88,Mastered,RES-0391_Simran_Tanaka.pdf
RES-0392,Ava Hernandez,Mobile Applications Engineer,Mobile,6,ava.hernandez591@example.com,+1 (232) 815-7230,"New York, NY",University of Waterloo,B.S. in Cybersecurity and Information Assurance,"Flutter, Mobile CI/CD, Firebase, Swift, React Native, Dart",Google Associate Android Developer,89,Mastered,RES-0392_Ava_Hernandez.pdf
RES-0393,Charlotte Johnson,Java Enterprise & Distributed Systems Architect,Enterprise Systems,5,charlotte.johnson860@example.com,+1 (255) 294-8021,"Toronto, Canada",IIT Madras,M.S. in Software Engineering,"gRPC, Kafka, Hibernate, Spring Boot, Docker, PostgreSQL, Microservices",Oracle Certified Professional: Java SE Developer,68,Developing,RES-0393_Charlotte_Johnson.pdf
RES-0394,Avery Tanaka,Embedded Systems & IoT Firmware Engineer,Hardware / IoT,11,avery.tanaka479@example.com,+1 (351) 711-6184,"Austin, TX",National University of Singapore,B.S. in Cybersecurity and Information Assurance,"Python, PCB Debugging, Embedded Linux, ARM Cortex, C/C++, MQTT",Arm Accredited Engineer (AAE),74,Developing,RES-0394_Avery_Tanaka.pdf
RES-0395,David Joshi,Blockchain & Smart Contract Engineer,Web3 / Blockchain,5,david.joshi600@example.com,+1 (214) 579-6960,"San Francisco, CA",Purdue University,B.E. in Information Technology,"Smart Contract Security, Web3.js, Hardhat, IPFS, Ethers.js, Rust",Blockchain Council Certified Smart Contract Developer,85,Strong Candidate,RES-0395_David_Joshi.pdf
RES-0396,Matthew Smith,Site Reliability Engineer (SRE),DevOps / Reliability,11,matthew.smith565@example.com,+1 (646) 590-5669,"Sydney, Australia",Harvard University,B.E. in Information Technology,"Python, Terraform, Go, Incident Management, Chaos Engineering, Kubernetes",Google Cloud Professional DevOps Engineer,95,Mastered,RES-0396_Matthew_Smith.pdf
RES-0397,Chloe Brown,Python Backend Engineer,Backend,4,chloe.brown238@example.com,+1 (995) 665-7243,"Austin, TX",Carnegie Mellon University,M.S. in Robotics and Autonomous Systems,"Celery, AWS, Python, Django, FastAPI, Docker, Redis",Docker Certified Associate,72,Developing,RES-0397_Chloe_Brown.pdf
RES-0398,Divya Fischer,Full Stack React & Node Developer,Full Stack,3,divya.fischer846@example.com,+1 (731) 959-6201,"Toronto, Canada",BITS Pilani,B.S. in Cybersecurity and Information Assurance,"Express, Next.js, Tailwind CSS, GraphQL, React 18, Node.js, TypeScript",Meta Certified Front-End Developer,90,Mastered,RES-0398_Divya_Fischer.pdf
RES-0399,Pat Thompson,Data Scientist & AI/ML Engineer,AI / ML,9,pat.thompson131@example.com,+1 (846) 790-7422,"London, UK",University of Oxford,M.S. in Software Engineering,"Python, Computer Vision, LLMs, Pandas, NLP, PyTorch",TensorFlow Developer Certificate,73,Developing,RES-0399_Pat_Thompson.pdf
RES-0400,Liam Bose,Cloud & DevOps Solutions Architect,Cloud / DevOps,4,liam.bose929@example.com,+1 (427) 504-4175,"Amsterdam, Netherlands",UCLA,B.S. in Cybersecurity and Information Assurance,"CI/CD, Kubernetes, Ansible, Prometheus, AWS, Linux",AWS Certified Solutions Architect - Professional,83,Strong Candidate,RES-0400_Liam_Bose.pdf
RES-0401,Akash Chen,SQL & Data Platform Engineer,Data Engineering,1,akash.chen868@example.com,+1 (412) 600-2649,"Chicago, IL",UC Berkeley,B.S. in Cybersecurity and Information Assurance,"Apache Spark, dbt, Kafka, Python, Data Warehousing, Snowflake, Airflow, SQL",Snowflake SnowPro Core Certification,71,Developing,RES-0401_Akash_Chen.pdf
RES-0402,Meera Gonzalez,Cybersecurity & Security Operations Engineer,Cybersecurity,3,meera.gonzalez505@example.com,+1 (828) 814-9953,"San Francisco, CA",Carnegie Mellon University,B.E. in Information Technology,"SIEM, Wireshark, OWASP Top 10, Splunk, Python, Network Security",CompTIA Security+,74,Developing,RES-0402_Meera_Gonzalez.pdf
RES-0403,Jordan Gonzalez,Frontend Performance Specialist,Frontend,12,jordan.gonzalez735@example.com,+1 (764) 867-5822,"Tokyo, Japan",ETH Zurich,M.S. in Robotics and Autonomous Systems,"WebGL, Vue.js, React, Web Workers, Performance Optimization, Three.js, TypeScript",Meta Front-End Professional,87,Strong Candidate,RES-0403_Jordan_Gonzalez.pdf
RES-0404,Sneha Moore,Mobile Applications Engineer,Mobile,8,sneha.moore214@example.com,+1 (780) 561-7126,"Seattle, WA",Massachusetts Institute of Technology (MIT),M.S. in Software Engineering,"Mobile CI/CD, React Native, Kotlin, Firebase, State Management, Dart, Flutter",Google Associate Android Developer,79,Strong Candidate,RES-0404_Sneha_Moore.pdf
RES-0405,Casey Bhat,Java Enterprise & Distributed Systems Architect,Enterprise Systems,12,casey.bhat331@example.com,+1 (325) 209-6219,"San Francisco, CA",IIT Madras,M.S. in Electrical and Computer Engineering,"Kafka, Hibernate, Java 21, gRPC, Microservices, Docker, PostgreSQL",Oracle Certified Professional: Java SE Developer,78,Strong Candidate,RES-0405_Casey_Bhat.pdf
RES-0406,Arjun Williams,Embedded Systems & IoT Firmware Engineer,Hardware / IoT,5,arjun.williams211@example.com,+1 (250) 705-9169,"New York, NY",Carnegie Mellon University,B.S. in Cybersecurity and Information Assurance,"I2C/SPI/UART, MQTT, ARM Cortex, Embedded Linux, C/C++, PCB Debugging",Arm Accredited Engineer (AAE),78,Strong Candidate,RES-0406_Arjun_Williams.pdf
RES-0407,Rohan Iyer,Blockchain & Smart Contract Engineer,Web3 / Blockchain,6,rohan.iyer491@example.com,+1 (297) 625-5931,"London, UK",University of Illinois Urbana-Champaign,M.S. in Electrical and Computer Engineering,"Smart Contract Security, Ethers.js, Solidity, Hardhat, Ethereum, IPFS, Rust",Blockchain Council Certified Smart Contract Developer,71,Developing,RES-0407_Rohan_Iyer.pdf
RES-0408,Deepika Takahashi,Site Reliability Engineer (SRE),DevOps / Reliability,2,deepika.takahashi714@example.com,+1 (941) 646-4708,"Bengaluru, India",Princeton University,M.Tech in Data Science & Artificial Intelligence,"Go, Incident Management, Linux Kernel, Kubernetes, Terraform, OpenTelemetry, Chaos Engineering",Google Cloud Professional DevOps Engineer,97,Mastered,RES-0408_Deepika_Takahashi.pdf
RES-0409,Riley Ramirez,Python Backend Engineer,Backend,10,riley.ramirez481@example.com,+1 (322) 329-6231,"Boston, MA",Delhi Technological University (DTU),B.S. in Cybersecurity and Information Assurance,"AWS, PostgreSQL, Redis, REST APIs, Docker, Django",PCEP – Certified Entry-Level Python Programmer,89,Mastered,RES-0409_Riley_Ramirez.pdf
RES-0410,James Deshmukh,Full Stack React & Node Developer,Full Stack,1,james.deshmukh89@example.com,+1 (276) 706-1987,"Hyderabad, India",University of Toronto,M.Tech in Data Science & Artificial Intelligence,"GraphQL, React 18, Node.js, TypeScript, Tailwind CSS, Next.js",OpenJS Node.js Application Developer (JAD),82,Strong Candidate,RES-0410_James_Deshmukh.pdf
RES-0411,Madison Thompson,Data Scientist & AI/ML Engineer,AI / ML,5,madison.thompson217@example.com,+1 (998) 609-4079,"Seattle, WA",IIT Delhi,B.S. in Cybersecurity and Information Assurance,"PyTorch, TensorFlow, Scikit-Learn, Python, Pandas, LLMs, NLP, Computer Vision",TensorFlow Developer Certificate,79,Strong Candidate,RES-0411_Madison_Thompson.pdf
RES-0412,Lily Brown,Cloud & DevOps Solutions Architect,Cloud / DevOps,6,lily.brown164@example.com,+1 (606) 714-8059,"Denver, CO",University of Toronto,B.Tech in Computer Science and Engineering,"AWS, Grafana, Prometheus, Docker, Kubernetes, Terraform",AWS Certified Solutions Architect - Professional,88,Mastered,RES-0412_Lily_Brown.pdf
RES-0413,Mia Malhotra,SQL & Data Platform Engineer,Data Engineering,5,mia.malhotra234@example.com,+1 (317) 254-1584,"Dublin, Ireland",UC Berkeley,M.Tech in Data Science & Artificial Intelligence,"dbt, Data Warehousing, SQL, Python, PostgreSQL, Apache Spark, Snowflake",Databricks Certified Data Engineer Associate,71,Developing,RES-0413_Mia_Malhotra.pdf
RES-0414,Emma Thompson,Cybersecurity & Security Operations Engineer,Cybersecurity,12,emma.thompson939@example.com,+1 (917) 837-8811,"Berlin, Germany",IIT Delhi,M.Tech in Data Science & Artificial Intelligence,"Penetration Testing, Splunk, SOC, Network Security, OWASP Top 10, SIEM",Offensive Security Certified Professional (OSCP),87,Strong Candidate,RES-0414_Emma_Thompson.pdf
RES-0415,Shruti Lee,Frontend Performance Specialist,Frontend,2,shruti.lee607@example.com,+1 (201) 700-5055,"Chicago, IL",TUM Munich,B.Tech in Computer Science and Engineering,"Three.js, Performance Optimization, React, CSS3, Web Workers, TypeScript, Vue.js, WebGL",Meta Front-End Professional,76,Strong Candidate,RES-0415_Shruti_Lee.pdf
RES-0416,Akash Martin,Mobile Applications Engineer,Mobile,11,akash.martin23@example.com,+1 (561) 508-6467,"Denver, CO",Carnegie Mellon University,M.S. in Robotics and Autonomous Systems,"Flutter, Dart, Swift, Mobile CI/CD, Kotlin, Firebase, React Native, State Management",Google Associate Android Developer,98,Mastered,RES-0416_Akash_Martin.pdf
RES-0417,Harsh Johnson,Java Enterprise & Distributed Systems Architect,Enterprise Systems,10,harsh.johnson281@example.com,+1 (895) 557-6426,"Zurich, Switzerland",National University of Singapore,B.S. in Cybersecurity and Information Assurance,"PostgreSQL, Docker, Hibernate, Java 21, Kafka, Spring Boot",Spring Certified Professional,87,Strong Candidate,RES-0417_Harsh_Johnson.pdf
RES-0418,Ella Menon,Embedded Systems & IoT Firmware Engineer,Hardware / IoT,5,ella.menon176@example.com,+1 (510) 698-5722,"Seattle, WA",University of Toronto,B.Tech in Computer Science and Engineering,"Embedded Linux, C/C++, ARM Cortex, FreeRTOS, PCB Debugging, Python, MQTT",Arm Accredited Engineer (AAE),72,Developing,RES-0418_Ella_Menon.pdf
RES-0419,Olivia Moore,Blockchain & Smart Contract Engineer,Web3 / Blockchain,8,olivia.moore609@example.com,+1 (282) 497-4585,"New York, NY",BITS Pilani,M.S. in Electrical and Computer Engineering,"IPFS, Hardhat, Smart Contract Security, Solidity, Ethereum, Rust, Web3.js, Ethers.js",Blockchain Council Certified Smart Contract Developer,77,Strong Candidate,RES-0419_Olivia_Moore.pdf
RES-0420,Evelyn Nair,Site Reliability Engineer (SRE),DevOps / Reliability,3,evelyn.nair314@example.com,+1 (780) 843-8555,"Amsterdam, Netherlands",Imperial College London,B.S. in Cybersecurity and Information Assurance,"Python, Linux Kernel, Chaos Engineering, OpenTelemetry, Kubernetes, Incident Management, Terraform",Google Cloud Professional DevOps Engineer,70,Developing,RES-0420_Evelyn_Nair.pdf
RES-0421,Riley Robinson,Python Backend Engineer,Backend,3,riley.robinson938@example.com,+1 (509) 448-9391,Singapore,Massachusetts Institute of Technology (MIT),B.E. in Information Technology,"Django, Celery, Docker, Python, PostgreSQL, Redis, REST APIs",AWS Certified Developer - Associate,95,Mastered,RES-0421_Riley_Robinson.pdf
RES-0422,Neha Malhotra,Full Stack React & Node Developer,Full Stack,12,neha.malhotra768@example.com,+1 (798) 890-9369,"New York, NY",Purdue University,M.Tech in Data Science & Artificial Intelligence,"GraphQL, TypeScript, MongoDB, Tailwind CSS, Node.js, Express, Next.js, React 18",OpenJS Node.js Application Developer (JAD),75,Strong Candidate,RES-0422_Neha_Malhotra.pdf
RES-0423,James Gupta,Data Scientist & AI/ML Engineer,AI / ML,1,james.gupta495@example.com,+1 (225) 717-8271,"Zurich, Switzerland",University of Cambridge,B.S. in Computer Science,"Scikit-Learn, NLP, Computer Vision, MLOps, LLMs, Python",AWS Certified Machine Learning - Specialty,83,Strong Candidate,RES-0423_James_Gupta.pdf
RES-0424,Ishaan Rodriguez,Cloud & DevOps Solutions Architect,Cloud / DevOps,11,ishaan.rodriguez306@example.com,+1 (883) 302-9076,Singapore,University of Illinois Urbana-Champaign,B.E. in Information Technology,"Ansible, Grafana, Linux, Docker, Kubernetes, AWS",Certified Kubernetes Administrator (CKA),98,Mastered,RES-0424_Ishaan_Rodriguez.pdf
RES-0425,Riley Martin,SQL & Data Platform Engineer,Data Engineering,3,riley.martin913@example.com,+1 (940) 669-5536,"San Francisco, CA",Purdue University,M.S. in Electrical and Computer Engineering,"dbt, Kafka, Python, Airflow, SQL, PostgreSQL, Data Warehousing, Snowflake",Databricks Certified Data Engineer Associate,97,Mastered,RES-0425_Riley_Martin.pdf
RES-0426,Ishaan Anderson,Cybersecurity & Security Operations Engineer,Cybersecurity,12,ishaan.anderson995@example.com,+1 (683) 820-3955,"Dublin, Ireland",IIT Bombay,B.E. in Information Technology,"Python, Wireshark, OWASP Top 10, Network Security, SIEM, SOC, Penetration Testing, Splunk",CompTIA Security+,91,Mastered,RES-0426_Ishaan_Anderson.pdf
RES-0427,Sneha Kulkarni,Frontend Performance Specialist,Frontend,1,sneha.kulkarni440@example.com,+1 (265) 263-5103,"Austin, TX",University of Toronto,B.S. in Computer Science,"TypeScript, React, Vue.js, CSS3, WebGL, Performance Optimization, Three.js, Web Workers",Google Mobile Web Specialist,81,Strong Candidate,RES-0427_Sneha_Kulkarni.pdf
RES-0428,Harsh Müller,Mobile Applications Engineer,Mobile,4,harsh.müller818@example.com,+1 (396) 288-1397,"Austin, TX",Imperial College London,B.Tech in Computer Science and Engineering,"Firebase, Mobile CI/CD, Swift, Kotlin, Flutter, Dart",Google Associate Android Developer,87,Strong Candidate,RES-0428_Harsh_Müller.pdf
RES-0429,Ella Weber,Java Enterprise & Distributed Systems Architect,Enterprise Systems,2,ella.weber151@example.com,+1 (268) 649-8004,"Zurich, Switzerland",IIT Bombay,B.S. in Computer Science,"Spring Boot, Java 21, Kafka, gRPC, Docker, Microservices, Hibernate",Oracle Certified Professional: Java SE Developer,98,Mastered,RES-0429_Ella_Weber.pdf
RES-0430,Alexander Iyer,Embedded Systems & IoT Firmware Engineer,Hardware / IoT,9,alexander.iyer557@example.com,+1 (789) 447-9482,"Stockholm, Sweden",University of Illinois Urbana-Champaign,B.E. in Information Technology,"Embedded Linux, MQTT, ARM Cortex, FreeRTOS, C/C++, I2C/SPI/UART, Python, PCB Debugging",Embedded Linux Developer Certificate,70,Developing,RES-0430_Alexander_Iyer.pdf
RES-0431,Jackson Tanaka,Blockchain & Smart Contract Engineer,Web3 / Blockchain,2,jackson.tanaka634@example.com,+1 (919) 983-1579,Singapore,NIT Trichy,B.S. in Cybersecurity and Information Assurance,"Smart Contract Security, Rust, Ethereum, Solidity, Ethers.js, Hardhat",Blockchain Council Certified Smart Contract Developer,97,Mastered,RES-0431_Jackson_Tanaka.pdf
RES-0432,Neha Verma,Site Reliability Engineer (SRE),DevOps / Reliability,9,neha.verma802@example.com,+1 (400) 747-7215,"San Francisco, CA",Massachusetts Institute of Technology (MIT),M.S. in Robotics and Autonomous Systems,"Kubernetes, OpenTelemetry, Incident Management, Terraform, Python, Go, Chaos Engineering",Certified Kubernetes Security Specialist (CKS),86,Strong Candidate,RES-0432_Neha_Verma.pdf
RES-0433,Aditi Jones,Python Backend Engineer,Backend,1,aditi.jones432@example.com,+1 (965) 970-9785,"Dublin, Ireland",Princeton University,B.Tech in Computer Science and Engineering,"FastAPI, Python, AWS, PostgreSQL, Celery, Django",AWS Certified Developer - Associate,89,Mastered,RES-0433_Aditi_Jones.pdf
RES-0434,Chris Menon,Full Stack React & Node Developer,Full Stack,8,chris.menon88@example.com,+1 (278) 456-9907,"Hyderabad, India",BITS Pilani,M.S. in Electrical and Computer Engineering,"Tailwind CSS, MongoDB, Next.js, Node.js, TypeScript, GraphQL, Express",OpenJS Node.js Application Developer (JAD),74,Developing,RES-0434_Chris_Menon.pdf
RES-0435,Riley Fischer,Data Scientist & AI/ML Engineer,AI / ML,6,riley.fischer543@example.com,+1 (436) 512-4453,"Austin, TX",Massachusetts Institute of Technology (MIT),M.S. in Software Engineering,"MLOps, LLMs, Python, Computer Vision, Scikit-Learn, Pandas, PyTorch, TensorFlow",DeepLearning.AI ML Specialization,80,Strong Candidate,RES-0435_Riley_Fischer.pdf
RES-0436,Jacob Patel,Cloud & DevOps Solutions Architect,Cloud / DevOps,9,jacob.patel239@example.com,+1 (410) 588-4021,"Sydney, Australia",Vellore Institute of Technology (VIT),B.Tech in Computer Science and Engineering,"Prometheus, AWS, CI/CD, Terraform, Linux, Kubernetes, Ansible, Docker",HashiCorp Certified: Terraform Associate,95,Mastered,RES-0436_Jacob_Patel.pdf
RES-0437,Simran Martin,SQL & Data Platform Engineer,Data Engineering,3,simran.martin444@example.com,+1 (786) 936-9501,"London, UK",University of Toronto,B.S. in Cybersecurity and Information Assurance,"Snowflake, PostgreSQL, SQL, Kafka, Data Warehousing, Python",Snowflake SnowPro Core Certification,89,Mastered,RES-0437_Simran_Martin.pdf
RES-0438,Benjamin Dubois,Cybersecurity & Security Operations Engineer,Cybersecurity,5,benjamin.dubois678@example.com,+1 (990) 822-1202,"Austin, TX",TUM Munich,M.S. in Electrical and Computer Engineering,"SOC, Network Security, SIEM, OWASP Top 10, Python, Splunk",CompTIA Security+,98,Mastered,RES-0438_Benjamin_Dubois.pdf
RES-0439,Siddharth Jackson,Frontend Performance Specialist,Frontend,8,siddharth.jackson194@example.com,+1 (464) 984-5524,"London, UK",BITS Pilani,M.S. in Software Engineering,"TypeScript, React, CSS3, Web Workers, Performance Optimization, Vue.js",Meta Front-End Professional,89,Mastered,RES-0439_Siddharth_Jackson.pdf
RES-0440,Shruti Harris,Mobile Applications Engineer,Mobile,2,shruti.harris745@example.com,+1 (245) 814-4845,Singapore,Purdue University,B.S. in Computer Science,"Dart, State Management, Mobile CI/CD, React Native, Kotlin, Swift, Firebase, Flutter",iOS App Development Certificate,96,Mastered,RES-0440_Shruti_Harris.pdf
RES-0441,Divya Lee,Java Enterprise & Distributed Systems Architect,Enterprise Systems,6,divya.lee975@example.com,+1 (501) 836-1510,"Bengaluru, India",University of Cambridge,B.Tech in Computer Science and Engineering,"Java 21, gRPC, Hibernate, Spring Boot, Microservices, Kafka, PostgreSQL, Docker",Spring Certified Professional,85,Strong Candidate,RES-0441_Divya_Lee.pdf
RES-0442,Chris Weber,Embedded Systems & IoT Firmware Engineer,Hardware / IoT,9,chris.weber909@example.com,+1 (740) 252-8738,"Denver, CO",University of Oxford,M.S. in Robotics and Autonomous Systems,"MQTT, Embedded Linux, FreeRTOS, PCB Debugging, I2C/SPI/UART, C/C++, Python, ARM Cortex",Arm Accredited Engineer (AAE),97,Mastered,RES-0442_Chris_Weber.pdf
RES-0443,Akash Bose,Blockchain & Smart Contract Engineer,Web3 / Blockchain,4,akash.bose505@example.com,+1 (819) 435-8355,"Sydney, Australia",University of Washington,M.S. in Software Engineering,"Ethereum, Ethers.js, Smart Contract Security, Web3.js, IPFS, Rust, Solidity",Certified Ethereum Developer,73,Developing,RES-0443_Akash_Bose.pdf
RES-0444,Chris Taylor,Site Reliability Engineer (SRE),DevOps / Reliability,3,chris.taylor279@example.com,+1 (983) 767-8698,"Austin, TX",TUM Munich,B.Tech in Computer Science and Engineering,"Kubernetes, Go, Python, Chaos Engineering, OpenTelemetry, Incident Management, Linux Kernel, Terraform",Google Cloud Professional DevOps Engineer,91,Mastered,RES-0444_Chris_Taylor.pdf
RES-0445,Pooja Iyer,Python Backend Engineer,Backend,12,pooja.iyer766@example.com,+1 (563) 659-7699,"Tokyo, Japan",University of Cambridge,B.S. in Cybersecurity and Information Assurance,"Django, AWS, Docker, Redis, Celery, Python, PostgreSQL, REST APIs",Docker Certified Associate,98,Mastered,RES-0445_Pooja_Iyer.pdf
RES-0446,Taylor Jones,Full Stack React & Node Developer,Full Stack,9,taylor.jones314@example.com,+1 (705) 549-1791,"Dublin, Ireland",University of Cambridge,B.S. in Cybersecurity and Information Assurance,"Node.js, TypeScript, React 18, MongoDB, Express, GraphQL, Next.js",OpenJS Node.js Application Developer (JAD),96,Mastered,RES-0446_Taylor_Jones.pdf
RES-0447,Sophia Rodriguez,Data Scientist & AI/ML Engineer,AI / ML,11,sophia.rodriguez971@example.com,+1 (465) 820-2738,"Pune, India",IIT Bombay,B.E. in Information Technology,"LLMs, TensorFlow, Python, NLP, Computer Vision, PyTorch, Pandas, Scikit-Learn",TensorFlow Developer Certificate,97,Mastered,RES-0447_Sophia_Rodriguez.pdf
RES-0448,Sam Singhania,Cloud & DevOps Solutions Architect,Cloud / DevOps,5,sam.singhania733@example.com,+1 (322) 655-8082,"Chicago, IL",IIT Bombay,B.S. in Computer Science,"Kubernetes, Prometheus, Grafana, AWS, Linux, Ansible, CI/CD, Docker",HashiCorp Certified: Terraform Associate,71,Developing,RES-0448_Sam_Singhania.pdf
RES-0449,Anjali Hernandez,SQL & Data Platform Engineer,Data Engineering,4,anjali.hernandez204@example.com,+1 (771) 876-1583,"San Francisco, CA",IIIT Hyderabad,M.S. in Software Engineering,"dbt, Airflow, SQL, Apache Spark, Data Warehousing, Kafka",Databricks Certified Data Engineer Associate,83,Strong Candidate,RES-0449_Anjali_Hernandez.pdf
RES-0450,Ella Robinson,Cybersecurity & Security Operations Engineer,Cybersecurity,12,ella.robinson223@example.com,+1 (927) 382-1635,"Sydney, Australia",NIT Trichy,B.E. in Information Technology,"Network Security, Python, Penetration Testing, SOC, Splunk, Wireshark, SIEM, OWASP Top 10",Offensive Security Certified Professional (OSCP),71,Developing,RES-0450_Ella_Robinson.pdf
RES-0451,Alexander Taylor,Frontend Performance Specialist,Frontend,3,alexander.taylor467@example.com,+1 (533) 453-7960,"Austin, TX",University of Oxford,M.S. in Robotics and Autonomous Systems,"Performance Optimization, Web Workers, React, WebGL, Three.js, Vue.js, CSS3",Google Mobile Web Specialist,89,Mastered,RES-0451_Alexander_Taylor.pdf
RES-0452,Arjun Taylor,Mobile Applications Engineer,Mobile,1,arjun.taylor410@example.com,+1 (652) 635-7531,"London, UK",University of Waterloo,B.E. in Information Technology,"Flutter, React Native, Swift, Firebase, Dart, Mobile CI/CD, State Management",Google Associate Android Developer,93,Mastered,RES-0452_Arjun_Taylor.pdf
RES-0453,Gaurav Nair,Java Enterprise & Distributed Systems Architect,Enterprise Systems,2,gaurav.nair809@example.com,+1 (921) 541-6778,"Amsterdam, Netherlands",Purdue University,B.Tech in Computer Science and Engineering,"Kafka, Spring Boot, Hibernate, gRPC, Docker, PostgreSQL, Java 21, Microservices",Spring Certified Professional,92,Mastered,RES-0453_Gaurav_Nair.pdf
RES-0454,Harsh Gupta,Embedded Systems & IoT Firmware Engineer,Hardware / IoT,5,harsh.gupta523@example.com,+1 (607) 696-1692,"Bengaluru, India",Stanford University,B.E. in Information Technology,"ARM Cortex, C/C++, FreeRTOS, PCB Debugging, Python, I2C/SPI/UART, Embedded Linux, MQTT",Embedded Linux Developer Certificate,71,Developing,RES-0454_Harsh_Gupta.pdf
RES-0455,Scarlett Dubois,Blockchain & Smart Contract Engineer,Web3 / Blockchain,7,scarlett.dubois410@example.com,+1 (398) 820-6114,"Toronto, Canada",University of Cambridge,B.Tech in Computer Science and Engineering,"Rust, Ethereum, Web3.js, Ethers.js, Hardhat, Smart Contract Security",Blockchain Council Certified Smart Contract Developer,80,Strong Candidate,RES-0455_Scarlett_Dubois.pdf
RES-0456,Rohan Perez,Site Reliability Engineer (SRE),DevOps / Reliability,8,rohan.perez755@example.com,+1 (603) 581-9955,"Austin, TX",IIIT Hyderabad,M.Tech in Data Science & Artificial Intelligence,"OpenTelemetry, Linux Kernel, Kubernetes, Terraform, Go, Incident Management, Python",Google Cloud Professional DevOps Engineer,80,Strong Candidate,RES-0456_Rohan_Perez.pdf
RES-0457,Henry Fischer,Python Backend Engineer,Backend,8,henry.fischer494@example.com,+1 (735) 940-4808,"New York, NY",ETH Zurich,B.E. in Information Technology,"Django, Python, AWS, Docker, Redis, PostgreSQL, REST APIs",PCEP – Certified Entry-Level Python Programmer,90,Mastered,RES-0457_Henry_Fischer.pdf
RES-0458,Ishaan Thompson,Full Stack React & Node Developer,Full Stack,7,ishaan.thompson578@example.com,+1 (957) 950-2334,"Austin, TX",University of Illinois Urbana-Champaign,B.S. in Computer Science,"Node.js, Next.js, Tailwind CSS, React 18, TypeScript, MongoDB",OpenJS Node.js Application Developer (JAD),80,Strong Candidate,RES-0458_Ishaan_Thompson.pdf
RES-0459,Aditi Rodriguez,Data Scientist & AI/ML Engineer,AI / ML,6,aditi.rodriguez130@example.com,+1 (645) 501-5441,"Denver, CO",IIIT Hyderabad,M.S. in Electrical and Computer Engineering,"NLP, Scikit-Learn, Computer Vision, LLMs, TensorFlow, Pandas",AWS Certified Machine Learning - Specialty,81,Strong Candidate,RES-0459_Aditi_Rodriguez.pdf
RES-0460,Michael Chopra,Cloud & DevOps Solutions Architect,Cloud / DevOps,4,michael.chopra491@example.com,+1 (268) 205-6109,"Hyderabad, India",University of Washington,B.S. in Computer Science,"AWS, Ansible, CI/CD, Kubernetes, Linux, Terraform",HashiCorp Certified: Terraform Associate,79,Strong Candidate,RES-0460_Michael_Chopra.pdf
RES-0461,Madison Bhat,SQL & Data Platform Engineer,Data Engineering,2,madison.bhat422@example.com,+1 (460) 774-9864,"Hyderabad, India",Carnegie Mellon University,M.S. in Software Engineering,"Snowflake, Airflow, Python, PostgreSQL, Apache Spark, dbt, Data Warehousing",Databricks Certified Data Engineer Associate,70,Developing,RES-0461_Madison_Bhat.pdf
RES-0462,Henry Chopra,Cybersecurity & Security Operations Engineer,Cybersecurity,2,henry.chopra156@example.com,+1 (368) 686-1004,"Toronto, Canada",IIT Bombay,B.Tech in Computer Science and Engineering,"OWASP Top 10, Python, Network Security, Penetration Testing, Wireshark, SOC, SIEM",CompTIA Security+,94,Mastered,RES-0462_Henry_Chopra.pdf
RES-0463,Anjali Hernandez,Frontend Performance Specialist,Frontend,11,anjali.hernandez553@example.com,+1 (280) 819-4504,"Bengaluru, India",Harvard University,B.E. in Information Technology,"CSS3, WebGL, Web Workers, Vue.js, TypeScript, Three.js, React",Meta Front-End Professional,80,Strong Candidate,RES-0463_Anjali_Hernandez.pdf
RES-0464,Divya Johnson,Mobile Applications Engineer,Mobile,6,divya.johnson965@example.com,+1 (965) 210-4208,"Tokyo, Japan",Stanford University,M.Tech in Data Science & Artificial Intelligence,"Dart, React Native, Mobile CI/CD, Kotlin, Flutter, Firebase, State Management",Google Associate Android Developer,86,Strong Candidate,RES-0464_Divya_Johnson.pdf
RES-0465,Ananya Takahashi,Java Enterprise & Distributed Systems Architect,Enterprise Systems,3,ananya.takahashi745@example.com,+1 (682) 822-8446,"Chicago, IL",Princeton University,M.S. in Robotics and Autonomous Systems,"Spring Boot, Java 21, Microservices, Docker, gRPC, PostgreSQL, Hibernate, Kafka",Oracle Certified Professional: Java SE Developer,95,Mastered,RES-0465_Ananya_Takahashi.pdf
RES-0466,David Bose,Embedded Systems & IoT Firmware Engineer,Hardware / IoT,12,david.bose638@example.com,+1 (955) 217-6450,"Toronto, Canada",IIIT Hyderabad,M.S. in Software Engineering,"C/C++, I2C/SPI/UART, ARM Cortex, PCB Debugging, Python, MQTT, FreeRTOS",Arm Accredited Engineer (AAE),73,Developing,RES-0466_David_Bose.pdf
RES-0467,Aarav Martinez,Blockchain & Smart Contract Engineer,Web3 / Blockchain,8,aarav.martinez290@example.com,+1 (774) 559-2928,"Toronto, Canada",IIIT Hyderabad,B.S. in Computer Science,"Rust, Solidity, Smart Contract Security, IPFS, Web3.js, Hardhat",Certified Ethereum Developer,91,Mastered,RES-0467_Aarav_Martinez.pdf
RES-0468,Pat Martinez,Site Reliability Engineer (SRE),DevOps / Reliability,5,pat.martinez64@example.com,+1 (588) 922-5703,"Bengaluru, India",IIIT Hyderabad,M.S. in Software Engineering,"OpenTelemetry, Kubernetes, Python, Incident Management, Terraform, Chaos Engineering",Google Cloud Professional DevOps Engineer,69,Developing,RES-0468_Pat_Martinez.pdf
RES-0469,Aiden Anderson,Python Backend Engineer,Backend,6,aiden.anderson169@example.com,+1 (750) 782-4451,"Sydney, Australia",IIT Madras,B.E. in Information Technology,"AWS, Redis, Python, REST APIs, FastAPI, Django, Celery, Docker",PCEP – Certified Entry-Level Python Programmer,79,Strong Candidate,RES-0469_Aiden_Anderson.pdf
RES-0470,Jackson Anderson,Full Stack React & Node Developer,Full Stack,11,jackson.anderson684@example.com,+1 (802) 234-6281,"Austin, TX",Stanford University,M.S. in Electrical and Computer Engineering,"Tailwind CSS, Node.js, GraphQL, React 18, TypeScript, Express, MongoDB",Meta Certified Front-End Developer,83,Strong Candidate,RES-0470_Jackson_Anderson.pdf
RES-0471,Mia Miller,Data Scientist & AI/ML Engineer,AI / ML,11,mia.miller750@example.com,+1 (582) 815-6535,"Chicago, IL",University of Cambridge,B.S. in Cybersecurity and Information Assurance,"LLMs, PyTorch, Scikit-Learn, Computer Vision, TensorFlow, Pandas",DeepLearning.AI ML Specialization,72,Developing,RES-0471_Mia_Miller.pdf
RES-0472,Karan Dubois,Cloud & DevOps Solutions Architect,Cloud / DevOps,6,karan.dubois992@example.com,+1 (255) 292-6067,"Boston, MA",University of Illinois Urbana-Champaign,M.S. in Robotics and Autonomous Systems,"Terraform, Docker, Kubernetes, Linux, Prometheus, AWS",AWS Certified Solutions Architect - Professional,73,Developing,RES-0472_Karan_Dubois.pdf
RES-0473,Varun Gupta,SQL & Data Platform Engineer,Data Engineering,8,varun.gupta492@example.com,+1 (763) 903-7456,"Hyderabad, India",TUM Munich,B.S. in Cybersecurity and Information Assurance,"Apache Spark, Data Warehousing, SQL, Snowflake, Python, dbt",Databricks Certified Data Engineer Associate,92,Mastered,RES-0473_Varun_Gupta.pdf
RES-0474,Liam Wilson,Cybersecurity & Security Operations Engineer,Cybersecurity,10,liam.wilson380@example.com,+1 (548) 713-1026,"Stockholm, Sweden",UC Berkeley,B.S. in Cybersecurity and Information Assurance,"SOC, Splunk, SIEM, OWASP Top 10, Penetration Testing, Wireshark",CompTIA Security+,69,Developing,RES-0474_Liam_Wilson.pdf
RES-0475,Charlotte Taylor,Frontend Performance Specialist,Frontend,8,charlotte.taylor193@example.com,+1 (367) 607-9476,"Austin, TX",Georgia Institute of Technology,B.S. in Computer Science,"Performance Optimization, CSS3, TypeScript, React, Vue.js, Web Workers",Meta Front-End Professional,81,Strong Candidate,RES-0475_Charlotte_Taylor.pdf
RES-0476,Charlotte Chatterjee,Mobile Applications Engineer,Mobile,6,charlotte.chatterjee659@example.com,+1 (318) 818-8377,"Denver, CO",Harvard University,M.S. in Robotics and Autonomous Systems,"Firebase, Flutter, Dart, Swift, Kotlin, React Native, Mobile CI/CD, State Management",Google Associate Android Developer,77,Strong Candidate,RES-0476_Charlotte_Chatterjee.pdf
RES-0477,Pooja Malhotra,Java Enterprise & Distributed Systems Architect,Enterprise Systems,10,pooja.malhotra898@example.com,+1 (701) 671-7014,"New York, NY",National University of Singapore,M.S. in Electrical and Computer Engineering,"Hibernate, Docker, Java 21, gRPC, Microservices, PostgreSQL, Spring Boot, Kafka",Spring Certified Professional,85,Strong Candidate,RES-0477_Pooja_Malhotra.pdf
RES-0478,Lucas Garcia,Embedded Systems & IoT Firmware Engineer,Hardware / IoT,12,lucas.garcia189@example.com,+1 (286) 747-2549,"Boston, MA",Delhi Technological University (DTU),M.S. in Software Engineering,"I2C/SPI/UART, ARM Cortex, Python, MQTT, Embedded Linux, FreeRTOS, PCB Debugging",Arm Accredited Engineer (AAE),78,Strong Candidate,RES-0478_Lucas_Garcia.pdf
RES-0479,Sebastian Moore,Blockchain & Smart Contract Engineer,Web3 / Blockchain,7,sebastian.moore420@example.com,+1 (222) 388-5208,"Seattle, WA",Imperial College London,B.S. in Computer Science,"Ethers.js, Smart Contract Security, IPFS, Web3.js, Rust, Ethereum, Solidity",Blockchain Council Certified Smart Contract Developer,87,Strong Candidate,RES-0479_Sebastian_Moore.pdf
RES-0480,Zoe Chen,Site Reliability Engineer (SRE),DevOps / Reliability,7,zoe.chen195@example.com,+1 (894) 491-5467,"San Francisco, CA",Stanford University,M.Tech in Data Science & Artificial Intelligence,"Kubernetes, Linux Kernel, Terraform, OpenTelemetry, Incident Management, Go, Chaos Engineering, Python",Certified Kubernetes Security Specialist (CKS),88,Mastered,RES-0480_Zoe_Chen.pdf
RES-0481,Matthew Lopez,Python Backend Engineer,Backend,6,matthew.lopez564@example.com,+1 (598) 687-1205,"Toronto, Canada",Georgia Institute of Technology,M.S. in Electrical and Computer Engineering,"REST APIs, AWS, FastAPI, Redis, Celery, PostgreSQL",PCEP – Certified Entry-Level Python Programmer,77,Strong Candidate,RES-0481_Matthew_Lopez.pdf
RES-0482,Harper Kulkarni,Full Stack React & Node Developer,Full Stack,3,harper.kulkarni332@example.com,+1 (662) 890-8657,"San Francisco, CA",NIT Trichy,M.S. in Software Engineering,"MongoDB, GraphQL, React 18, Node.js, Express, Tailwind CSS, TypeScript",Meta Certified Front-End Developer,73,Developing,RES-0482_Harper_Kulkarni.pdf
RES-0483,Daniel Bhat,Data Scientist & AI/ML Engineer,AI / ML,4,daniel.bhat806@example.com,+1 (952) 610-7693,Singapore,NIT Trichy,B.S. in Cybersecurity and Information Assurance,"PyTorch, Pandas, NLP, Computer Vision, MLOps, Scikit-Learn, Python",AWS Certified Machine Learning - Specialty,92,Mastered,RES-0483_Daniel_Bhat.pdf
RES-0484,Hannah Bose,Cloud & DevOps Solutions Architect,Cloud / DevOps,11,hannah.bose186@example.com,+1 (899) 300-7280,"Dublin, Ireland",ETH Zurich,B.S. in Cybersecurity and Information Assurance,"AWS, Docker, Kubernetes, CI/CD, Prometheus, Linux, Terraform, Grafana",AWS Certified Solutions Architect - Professional,91,Mastered,RES-0484_Hannah_Bose.pdf
RES-0485,Matthew Watanabe,SQL & Data Platform Engineer,Data Engineering,3,matthew.watanabe818@example.com,+1 (869) 598-9377,"Hyderabad, India",Georgia Institute of Technology,M.S. in Robotics and Autonomous Systems,"Snowflake, Python, Kafka, Apache Spark, SQL, Data Warehousing",Databricks Certified Data Engineer Associate,82,Strong Candidate,RES-0485_Matthew_Watanabe.pdf
RES-0486,Tanvi Bose,Cybersecurity & Security Operations Engineer,Cybersecurity,8,tanvi.bose123@example.com,+1 (818) 539-3609,"Pune, India",Stanford University,B.S. in Computer Science,"OWASP Top 10, SOC, Wireshark, Network Security, Python, SIEM, Splunk, Penetration Testing",Offensive Security Certified Professional (OSCP),94,Mastered,RES-0486_Tanvi_Bose.pdf
RES-0487,Pooja Wilson,Frontend Performance Specialist,Frontend,2,pooja.wilson419@example.com,+1 (933) 723-8209,"Sydney, Australia",IIT Bombay,B.S. in Computer Science,"React, Web Workers, CSS3, Vue.js, WebGL, Three.js, Performance Optimization, TypeScript",Google Mobile Web Specialist,82,Strong Candidate,RES-0487_Pooja_Wilson.pdf
RES-0488,Riya Kulkarni,Mobile Applications Engineer,Mobile,12,riya.kulkarni260@example.com,+1 (975) 466-6610,"Berlin, Germany",University of Oxford,M.S. in Robotics and Autonomous Systems,"Kotlin, State Management, React Native, Mobile CI/CD, Flutter, Swift, Firebase, Dart",Google Associate Android Developer,89,Mastered,RES-0488_Riya_Kulkarni.pdf
RES-0489,Harper Chopra,Java Enterprise & Distributed Systems Architect,Enterprise Systems,5,harper.chopra771@example.com,+1 (911) 331-3400,"Stockholm, Sweden",National University of Singapore,B.S. in Cybersecurity and Information Assurance,"Kafka, Hibernate, Microservices, Spring Boot, Java 21, Docker",Spring Certified Professional,86,Strong Candidate,RES-0489_Harper_Chopra.pdf
RES-0490,Tanvi Hernandez,Embedded Systems & IoT Firmware Engineer,Hardware / IoT,9,tanvi.hernandez545@example.com,+1 (583) 587-8950,"Bengaluru, India",IIT Delhi,M.S. in Robotics and Autonomous Systems,"C/C++, I2C/SPI/UART, Python, FreeRTOS, Embedded Linux, ARM Cortex, PCB Debugging",Arm Accredited Engineer (AAE),94,Mastered,RES-0490_Tanvi_Hernandez.pdf
RES-0491,Harsh Tanaka,Blockchain & Smart Contract Engineer,Web3 / Blockchain,7,harsh.tanaka243@example.com,+1 (959) 407-6956,"New York, NY",University of Oxford,B.S. in Computer Science,"Rust, IPFS, Solidity, Hardhat, Smart Contract Security, Web3.js, Ethers.js",Certified Ethereum Developer,85,Strong Candidate,RES-0491_Harsh_Tanaka.pdf
RES-0492,Amelia Nair,Site Reliability Engineer (SRE),DevOps / Reliability,9,amelia.nair770@example.com,+1 (394) 950-2043,"Boston, MA",Massachusetts Institute of Technology (MIT),B.E. in Information Technology,"Linux Kernel, OpenTelemetry, Go, Chaos Engineering, Incident Management, Python",Certified Kubernetes Security Specialist (CKS),87,Strong Candidate,RES-0492_Amelia_Nair.pdf
RES-0493,Riya Martinez,Python Backend Engineer,Backend,12,riya.martinez592@example.com,+1 (209) 795-8041,"Austin, TX",UCLA,M.S. in Robotics and Autonomous Systems,"REST APIs, Python, Django, PostgreSQL, Redis, Celery, FastAPI, AWS",PCEP – Certified Entry-Level Python Programmer,89,Mastered,RES-0493_Riya_Martinez.pdf
RES-0494,Ella Thompson,Full Stack React & Node Developer,Full Stack,8,ella.thompson326@example.com,+1 (840) 650-2826,"Bengaluru, India",University of Oxford,B.Tech in Computer Science and Engineering,"GraphQL, Express, TypeScript, Tailwind CSS, React 18, Next.js, Node.js, MongoDB",OpenJS Node.js Application Developer (JAD),78,Strong Candidate,RES-0494_Ella_Thompson.pdf
RES-0495,Harsh Lee,Data Scientist & AI/ML Engineer,AI / ML,11,harsh.lee115@example.com,+1 (901) 507-4445,"Dublin, Ireland",University of Oxford,M.S. in Software Engineering,"TensorFlow, LLMs, NLP, Pandas, PyTorch, MLOps, Scikit-Learn",AWS Certified Machine Learning - Specialty,72,Developing,RES-0495_Harsh_Lee.pdf
RES-0496,Evelyn Lopez,Cloud & DevOps Solutions Architect,Cloud / DevOps,5,evelyn.lopez754@example.com,+1 (562) 963-6166,"Tokyo, Japan",IIIT Hyderabad,B.S. in Cybersecurity and Information Assurance,"AWS, Grafana, Linux, Docker, Terraform, Kubernetes, Prometheus",Certified Kubernetes Administrator (CKA),81,Strong Candidate,RES-0496_Evelyn_Lopez.pdf
RES-0497,Gaurav Hernandez,SQL & Data Platform Engineer,Data Engineering,10,gaurav.hernandez581@example.com,+1 (773) 956-4267,"Hyderabad, India",National University of Singapore,M.S. in Robotics and Autonomous Systems,"Snowflake, Kafka, Python, dbt, Airflow, Data Warehousing",Snowflake SnowPro Core Certification,69,Developing,RES-0497_Gaurav_Hernandez.pdf
RES-0498,Meera Davis,Cybersecurity & Security Operations Engineer,Cybersecurity,8,meera.davis560@example.com,+1 (578) 648-5656,"Austin, TX",Princeton University,M.S. in Software Engineering,"OWASP Top 10, SOC, Splunk, Python, Penetration Testing, Network Security, SIEM, Wireshark",Certified Ethical Hacker (CEH),72,Developing,RES-0498_Meera_Davis.pdf
RES-0499,Siddharth Takahashi,Frontend Performance Specialist,Frontend,8,siddharth.takahashi814@example.com,+1 (916) 928-6143,Singapore,IIT Delhi,M.Tech in Data Science & Artificial Intelligence,"CSS3, Vue.js, Performance Optimization, React, Web Workers, Three.js",Google Mobile Web Specialist,68,Developing,RES-0499_Siddharth_Takahashi.pdf
RES-0500,Jackson Moore,Mobile Applications Engineer,Mobile,5,jackson.moore42@example.com,+1 (716) 534-9827,"Chicago, IL",Delhi Technological University (DTU),M.S. in Electrical and Computer Engineering,"Dart, Kotlin, Flutter, Mobile CI/CD, State Management, React Native",Google Associate Android Developer,88,Mastered,RES-0500_Jackson_Moore.pdf
RES-0501,Karan Iyer,Java Enterprise & Distributed Systems Architect,Enterprise Systems,9,karan.iyer196@example.com,+1 (863) 789-6567,"Tokyo, Japan",Stanford University,B.S. in Cybersecurity and Information Assurance,"Java 21, Hibernate, Kafka, gRPC, Docker, PostgreSQL, Spring Boot",Spring Certified Professional,92,Mastered,RES-0501_Karan_Iyer.pdf
RES-0502,Aria Zhang,Embedded Systems & IoT Firmware Engineer,Hardware / IoT,3,aria.zhang373@example.com,+1 (932) 790-3500,"Hyderabad, India",University of Cambridge,M.Tech in Data Science & Artificial Intelligence,"C/C++, PCB Debugging, Embedded Linux, MQTT, FreeRTOS, Python",Embedded Linux Developer Certificate,92,Mastered,RES-0502_Aria_Zhang.pdf
RES-0503,Shruti Verma,Blockchain & Smart Contract Engineer,Web3 / Blockchain,8,shruti.verma150@example.com,+1 (650) 326-7145,"San Francisco, CA",University of Illinois Urbana-Champaign,M.Tech in Data Science & Artificial Intelligence,"IPFS, Rust, Smart Contract Security, Hardhat, Solidity, Ethers.js, Ethereum",Certified Ethereum Developer,70,Developing,RES-0503_Shruti_Verma.pdf
RES-0504,Tanvi Wilson,Site Reliability Engineer (SRE),DevOps / Reliability,1,tanvi.wilson499@example.com,+1 (461) 720-2834,"Tokyo, Japan",University of Illinois Urbana-Champaign,B.Tech in Computer Science and Engineering,"Python, Kubernetes, Terraform, Incident Management, Go, Linux Kernel, Chaos Engineering",Certified Kubernetes Security Specialist (CKS),69,Developing,RES-0504_Tanvi_Wilson.pdf
RES-0505,Casey Weber,Python Backend Engineer,Backend,9,casey.weber264@example.com,+1 (381) 778-1151,"Boston, MA",IIT Bombay,M.S. in Software Engineering,"Python, PostgreSQL, Celery, Docker, Django, Redis",Docker Certified Associate,79,Strong Candidate,RES-0505_Casey_Weber.pdf
RES-0506,Sam Dubois,Full Stack React & Node Developer,Full Stack,7,sam.dubois176@example.com,+1 (230) 709-4343,"Berlin, Germany",TUM Munich,M.S. in Electrical and Computer Engineering,"React 18, MongoDB, GraphQL, Node.js, Tailwind CSS, TypeScript, Express",Meta Certified Front-End Developer,79,Strong Candidate,RES-0506_Sam_Dubois.pdf
RES-0507,William Nair,Data Scientist & AI/ML Engineer,AI / ML,7,william.nair439@example.com,+1 (267) 315-8793,"Tokyo, Japan",IIT Bombay,M.S. in Robotics and Autonomous Systems,"Python, NLP, Scikit-Learn, Computer Vision, TensorFlow, PyTorch, Pandas, MLOps",DeepLearning.AI ML Specialization,93,Mastered,RES-0507_William_Nair.pdf
RES-0508,Casey Jones,Cloud & DevOps Solutions Architect,Cloud / DevOps,5,casey.jones685@example.com,+1 (284) 961-2553,"Zurich, Switzerland",BITS Pilani,B.S. in Computer Science,"CI/CD, Prometheus, Ansible, Docker, Linux, Terraform",AWS Certified Solutions Architect - Professional,93,Mastered,RES-0508_Casey_Jones.pdf
RES-0509,Olivia Johnson,SQL & Data Platform Engineer,Data Engineering,3,olivia.johnson24@example.com,+1 (346) 849-1558,"Pune, India",University of Oxford,B.S. in Cybersecurity and Information Assurance,"Python, Kafka, Apache Spark, SQL, Airflow, dbt, Data Warehousing",Snowflake SnowPro Core Certification,96,Mastered,RES-0509_Olivia_Johnson.pdf
RES-0510,Emma Miller,Cybersecurity & Security Operations Engineer,Cybersecurity,11,emma.miller359@example.com,+1 (699) 990-9993,"Tokyo, Japan",Vellore Institute of Technology (VIT),B.S. in Computer Science,"Wireshark, SIEM, Penetration Testing, Network Security, OWASP Top 10, Python, SOC, Splunk",CompTIA Security+,81,Strong Candidate,RES-0510_Emma_Miller.pdf
RES-0511,Noah Nair,Frontend Performance Specialist,Frontend,4,noah.nair999@example.com,+1 (716) 386-7513,"Denver, CO",TUM Munich,M.S. in Software Engineering,"WebGL, Web Workers, Performance Optimization, Vue.js, React, Three.js",Google Mobile Web Specialist,89,Mastered,RES-0511_Noah_Nair.pdf
RES-0512,Sophia Rao,Mobile Applications Engineer,Mobile,10,sophia.rao659@example.com,+1 (833) 431-3491,"Amsterdam, Netherlands",IIT Madras,B.S. in Cybersecurity and Information Assurance,"Kotlin, Swift, State Management, Mobile CI/CD, Firebase, Dart, React Native",Google Associate Android Developer,69,Developing,RES-0512_Sophia_Rao.pdf
RES-0513,Mason Kapoor,Java Enterprise & Distributed Systems Architect,Enterprise Systems,3,mason.kapoor157@example.com,+1 (692) 364-4972,"Zurich, Switzerland",University of Illinois Urbana-Champaign,B.S. in Cybersecurity and Information Assurance,"PostgreSQL, Java 21, Spring Boot, Microservices, gRPC, Kafka",Oracle Certified Professional: Java SE Developer,84,Strong Candidate,RES-0513_Mason_Kapoor.pdf
RES-0514,Evelyn White,Embedded Systems & IoT Firmware Engineer,Hardware / IoT,11,evelyn.white115@example.com,+1 (990) 843-8718,"Pune, India",University of Cambridge,M.S. in Robotics and Autonomous Systems,"Python, Embedded Linux, C/C++, FreeRTOS, MQTT, I2C/SPI/UART, PCB Debugging, ARM Cortex",Arm Accredited Engineer (AAE),70,Developing,RES-0514_Evelyn_White.pdf
RES-0515,Victoria Lewis,Blockchain & Smart Contract Engineer,Web3 / Blockchain,7,victoria.lewis895@example.com,+1 (571) 447-9102,"Sydney, Australia",Delhi Technological University (DTU),B.Tech in Computer Science and Engineering,"Ethers.js, Ethereum, Web3.js, Smart Contract Security, IPFS, Rust, Hardhat",Blockchain Council Certified Smart Contract Developer,89,Mastered,RES-0515_Victoria_Lewis.pdf
RES-0516,Ethan Gupta,Site Reliability Engineer (SRE),DevOps / Reliability,9,ethan.gupta809@example.com,+1 (925) 699-7157,"Stockholm, Sweden",Massachusetts Institute of Technology (MIT),B.S. in Cybersecurity and Information Assurance,"Python, Chaos Engineering, Go, Incident Management, Linux Kernel, OpenTelemetry, Kubernetes, Terraform",Certified Kubernetes Security Specialist (CKS),74,Developing,RES-0516_Ethan_Gupta.pdf
RES-0517,Jackson Johnson,Python Backend Engineer,Backend,7,jackson.johnson34@example.com,+1 (845) 536-2618,"Berlin, Germany",Princeton University,B.Tech in Computer Science and Engineering,"Docker, AWS, Django, FastAPI, Celery, PostgreSQL, Python",PCEP – Certified Entry-Level Python Programmer,92,Mastered,RES-0517_Jackson_Johnson.pdf
RES-0518,Varun Bhat,Full Stack React & Node Developer,Full Stack,6,varun.bhat845@example.com,+1 (376) 711-2456,"Toronto, Canada",University of Oxford,M.Tech in Data Science & Artificial Intelligence,"TypeScript, Tailwind CSS, Express, Node.js, MongoDB, Next.js",Meta Certified Front-End Developer,92,Mastered,RES-0518_Varun_Bhat.pdf
RES-0519,Daniel Smith,Data Scientist & AI/ML Engineer,AI / ML,5,daniel.smith340@example.com,+1 (216) 314-4109,"Dublin, Ireland",UCLA,B.E. in Information Technology,"Computer Vision, PyTorch, MLOps, Python, Pandas, Scikit-Learn",AWS Certified Machine Learning - Specialty,87,Strong Candidate,RES-0519_Daniel_Smith.pdf
RES-0520,Jackson Nair,Cloud & DevOps Solutions Architect,Cloud / DevOps,9,jackson.nair341@example.com,+1 (430) 653-1668,"Pune, India",Vellore Institute of Technology (VIT),M.S. in Software Engineering,"Ansible, Docker, Grafana, Prometheus, Kubernetes, CI/CD",AWS Certified Solutions Architect - Professional,85,Strong Candidate,RES-0520_Jackson_Nair.pdf
RES-0521,Noah Clark,SQL & Data Platform Engineer,Data Engineering,7,noah.clark206@example.com,+1 (622) 390-9496,"Dublin, Ireland",Princeton University,B.S. in Cybersecurity and Information Assurance,"Airflow, Data Warehousing, Snowflake, Python, Apache Spark, Kafka, dbt",Databricks Certified Data Engineer Associate,85,Strong Candidate,RES-0521_Noah_Clark.pdf
RES-0522,Arjun Gupta,Cybersecurity & Security Operations Engineer,Cybersecurity,4,arjun.gupta836@example.com,+1 (818) 433-6707,"Amsterdam, Netherlands",National University of Singapore,M.S. in Robotics and Autonomous Systems,"SOC, Wireshark, Network Security, Python, OWASP Top 10, SIEM",CompTIA Security+,70,Developing,RES-0522_Arjun_Gupta.pdf
RES-0523,Shruti Iyer,Frontend Performance Specialist,Frontend,12,shruti.iyer987@example.com,+1 (936) 482-5128,"San Francisco, CA",ETH Zurich,M.S. in Robotics and Autonomous Systems,"Performance Optimization, React, Web Workers, WebGL, Vue.js, Three.js",Meta Front-End Professional,90,Mastered,RES-0523_Shruti_Iyer.pdf
RES-0524,Shruti Ramirez,Mobile Applications Engineer,Mobile,7,shruti.ramirez132@example.com,+1 (993) 272-2042,"Denver, CO",Princeton University,M.S. in Software Engineering,"React Native, Mobile CI/CD, Dart, Flutter, Swift, State Management, Kotlin, Firebase",Google Associate Android Developer,71,Developing,RES-0524_Shruti_Ramirez.pdf
RES-0525,Evelyn Gonzalez,Java Enterprise & Distributed Systems Architect,Enterprise Systems,2,evelyn.gonzalez191@example.com,+1 (924) 640-5128,"Chicago, IL",National University of Singapore,M.S. in Software Engineering,"PostgreSQL, gRPC, Docker, Java 21, Microservices, Spring Boot",Oracle Certified Professional: Java SE Developer,71,Developing,RES-0525_Evelyn_Gonzalez.pdf
RES-0526,Sophia Sharma,Embedded Systems & IoT Firmware Engineer,Hardware / IoT,7,sophia.sharma996@example.com,+1 (741) 212-1076,"Toronto, Canada",Stanford University,B.E. in Information Technology,"I2C/SPI/UART, PCB Debugging, C/C++, Embedded Linux, MQTT, FreeRTOS, ARM Cortex, Python",Arm Accredited Engineer (AAE),84,Strong Candidate,RES-0526_Sophia_Sharma.pdf
RES-0527,Avery Schneider,Blockchain & Smart Contract Engineer,Web3 / Blockchain,2,avery.schneider848@example.com,+1 (655) 231-1635,"Amsterdam, Netherlands",University of Cambridge,B.E. in Information Technology,"Ethereum, Ethers.js, IPFS, Rust, Solidity, Web3.js, Hardhat, Smart Contract Security",Blockchain Council Certified Smart Contract Developer,78,Strong Candidate,RES-0527_Avery_Schneider.pdf
RES-0528,Mia Wilson,Site Reliability Engineer (SRE),DevOps / Reliability,1,mia.wilson154@example.com,+1 (445) 702-4085,"Zurich, Switzerland",Massachusetts Institute of Technology (MIT),M.S. in Electrical and Computer Engineering,"Python, Terraform, Chaos Engineering, Go, Kubernetes, OpenTelemetry, Linux Kernel",Certified Kubernetes Security Specialist (CKS),80,Strong Candidate,RES-0528_Mia_Wilson.pdf
RES-0529,Lily Anderson,Python Backend Engineer,Backend,6,lily.anderson94@example.com,+1 (702) 224-9048,"Austin, TX",NIT Trichy,M.S. in Robotics and Autonomous Systems,"Redis, Python, AWS, REST APIs, FastAPI, Docker, Celery",Docker Certified Associate,74,Developing,RES-0529_Lily_Anderson.pdf
RES-0530,Shruti Harris,Full Stack React & Node Developer,Full Stack,3,shruti.harris63@example.com,+1 (900) 644-9329,"Denver, CO",Vellore Institute of Technology (VIT),M.S. in Electrical and Computer Engineering,"TypeScript, Express, GraphQL, Tailwind CSS, Node.js, React 18",Meta Certified Front-End Developer,89,Mastered,RES-0530_Shruti_Harris.pdf
RES-0531,Karan Johnson,Data Scientist & AI/ML Engineer,AI / ML,3,karan.johnson409@example.com,+1 (433) 580-7585,"New York, NY",NIT Trichy,M.S. in Software Engineering,"NLP, Computer Vision, Pandas, LLMs, TensorFlow, PyTorch, MLOps, Scikit-Learn",AWS Certified Machine Learning - Specialty,88,Mastered,RES-0531_Karan_Johnson.pdf
RES-0532,Lucas Patel,Cloud & DevOps Solutions Architect,Cloud / DevOps,2,lucas.patel722@example.com,+1 (985) 659-3111,"Pune, India",Carnegie Mellon University,B.S. in Computer Science,"Kubernetes, Terraform, CI/CD, Ansible, Linux, Prometheus, Docker",HashiCorp Certified: Terraform Associate,71,Developing,RES-0532_Lucas_Patel.pdf
RES-0533,Chris Thomas,SQL & Data Platform Engineer,Data Engineering,3,chris.thomas852@example.com,+1 (406) 288-9158,"Hyderabad, India",University of Waterloo,B.Tech in Computer Science and Engineering,"dbt, PostgreSQL, Data Warehousing, SQL, Apache Spark, Python",Snowflake SnowPro Core Certification,92,Mastered,RES-0533_Chris_Thomas.pdf
RES-0534,James Mukherjee,Cybersecurity & Security Operations Engineer,Cybersecurity,6,james.mukherjee335@example.com,+1 (244) 782-1232,"Boston, MA",IIT Delhi,B.E. in Information Technology,"SIEM, Network Security, OWASP Top 10, Splunk, Penetration Testing, Python",CompTIA Security+,87,Strong Candidate,RES-0534_James_Mukherjee.pdf
RES-0535,Harsh Rodriguez,Frontend Performance Specialist,Frontend,1,harsh.rodriguez580@example.com,+1 (364) 346-9964,"Toronto, Canada",Vellore Institute of Technology (VIT),B.S. in Computer Science,"TypeScript, Three.js, Web Workers, React, Vue.js, Performance Optimization, CSS3, WebGL",Google Mobile Web Specialist,92,Mastered,RES-0535_Harsh_Rodriguez.pdf
RES-0536,Jackson Malhotra,Mobile Applications Engineer,Mobile,9,jackson.malhotra887@example.com,+1 (429) 980-1576,"Dublin, Ireland",Stanford University,B.S. in Computer Science,"Mobile CI/CD, React Native, Firebase, Kotlin, Swift, Dart, Flutter",iOS App Development Certificate,75,Strong Candidate,RES-0536_Jackson_Malhotra.pdf
RES-0537,Casey Rodriguez,Java Enterprise & Distributed Systems Architect,Enterprise Systems,3,casey.rodriguez662@example.com,+1 (948) 378-7364,"London, UK",Princeton University,M.S. in Electrical and Computer Engineering,"Microservices, Java 21, Kafka, PostgreSQL, Spring Boot, Hibernate, Docker",Spring Certified Professional,78,Strong Candidate,RES-0537_Casey_Rodriguez.pdf
RES-0538,Deepika Menon,Embedded Systems & IoT Firmware Engineer,Hardware / IoT,4,deepika.menon418@example.com,+1 (336) 940-9682,"Hyderabad, India",Harvard University,M.Tech in Data Science & Artificial Intelligence,"I2C/SPI/UART, ARM Cortex, MQTT, PCB Debugging, FreeRTOS, Python",Embedded Linux Developer Certificate,69,Developing,RES-0538_Deepika_Menon.pdf
RES-0539,Olivia Brown,Blockchain & Smart Contract Engineer,Web3 / Blockchain,7,olivia.brown355@example.com,+1 (764) 360-7296,"Denver, CO",University of Toronto,M.S. in Software Engineering,"IPFS, Ethers.js, Web3.js, Rust, Ethereum, Hardhat",Certified Ethereum Developer,92,Mastered,RES-0539_Olivia_Brown.pdf
RES-0540,Riya Hernandez,Site Reliability Engineer (SRE),DevOps / Reliability,11,riya.hernandez635@example.com,+1 (981) 827-9693,"New York, NY",Imperial College London,B.S. in Computer Science,"Go, Terraform, Linux Kernel, Kubernetes, Incident Management, Python",Google Cloud Professional DevOps Engineer,83,Strong Candidate,RES-0540_Riya_Hernandez.pdf
RES-0541,Meera Singhania,Python Backend Engineer,Backend,3,meera.singhania189@example.com,+1 (496) 510-2662,"Amsterdam, Netherlands",IIT Delhi,M.S. in Software Engineering,"Celery, Django, Redis, AWS, PostgreSQL, REST APIs, Docker, Python",AWS Certified Developer - Associate,92,Mastered,RES-0541_Meera_Singhania.pdf
RES-0542,Rohan Ramirez,Full Stack React & Node Developer,Full Stack,1,rohan.ramirez714@example.com,+1 (571) 651-3979,"Tokyo, Japan",Vellore Institute of Technology (VIT),M.S. in Robotics and Autonomous Systems,"TypeScript, Node.js, React 18, GraphQL, Next.js, MongoDB, Express",OpenJS Node.js Application Developer (JAD),79,Strong Candidate,RES-0542_Rohan_Ramirez.pdf
RES-0543,Victoria Müller,Data Scientist & AI/ML Engineer,AI / ML,6,victoria.müller516@example.com,+1 (216) 836-7844,"Bengaluru, India",IIT Madras,B.E. in Information Technology,"Python, MLOps, TensorFlow, PyTorch, LLMs, Pandas, Computer Vision, Scikit-Learn",AWS Certified Machine Learning - Specialty,72,Developing,RES-0543_Victoria_Müller.pdf
RES-0544,Madison Sharma,Cloud & DevOps Solutions Architect,Cloud / DevOps,4,madison.sharma762@example.com,+1 (787) 219-5959,"Zurich, Switzerland",University of Illinois Urbana-Champaign,M.S. in Robotics and Autonomous Systems,"CI/CD, Grafana, Terraform, Ansible, Linux, Docker, Kubernetes, Prometheus",AWS Certified Solutions Architect - Professional,93,Mastered,RES-0544_Madison_Sharma.pdf
RES-0545,Arjun Takahashi,SQL & Data Platform Engineer,Data Engineering,4,arjun.takahashi531@example.com,+1 (316) 223-3105,"Austin, TX",IIT Delhi,B.S. in Computer Science,"dbt, Apache Spark, Data Warehousing, PostgreSQL, Kafka, Airflow",Databricks Certified Data Engineer Associate,69,Developing,RES-0545_Arjun_Takahashi.pdf
RES-0546,Riley Williams,Cybersecurity & Security Operations Engineer,Cybersecurity,12,riley.williams950@example.com,+1 (963) 283-4040,"Seattle, WA",Stanford University,B.S. in Computer Science,"Network Security, Splunk, SIEM, Python, SOC, OWASP Top 10, Wireshark, Penetration Testing",CompTIA Security+,84,Strong Candidate,RES-0546_Riley_Williams.pdf
RES-0547,Aarav Nair,Frontend Performance Specialist,Frontend,10,aarav.nair190@example.com,+1 (402) 469-3357,"Amsterdam, Netherlands",Harvard University,M.Tech in Data Science & Artificial Intelligence,"WebGL, React, Vue.js, Performance Optimization, Three.js, CSS3",Meta Front-End Professional,84,Strong Candidate,RES-0547_Aarav_Nair.pdf
RES-0548,Aarav Bose,Mobile Applications Engineer,Mobile,2,aarav.bose921@example.com,+1 (899) 457-5611,"Bengaluru, India",UC Berkeley,B.Tech in Computer Science and Engineering,"Flutter, Kotlin, Swift, State Management, Firebase, Mobile CI/CD, React Native, Dart",iOS App Development Certificate,91,Mastered,RES-0548_Aarav_Bose.pdf
RES-0549,Ishaan Wilson,Java Enterprise & Distributed Systems Architect,Enterprise Systems,9,ishaan.wilson521@example.com,+1 (507) 981-9013,"Toronto, Canada",BITS Pilani,M.Tech in Data Science & Artificial Intelligence,"PostgreSQL, Kafka, Docker, gRPC, Microservices, Spring Boot",Spring Certified Professional,95,Mastered,RES-0549_Ishaan_Wilson.pdf
RES-0550,Avery Thomas,Embedded Systems & IoT Firmware Engineer,Hardware / IoT,10,avery.thomas384@example.com,+1 (214) 644-3830,"Boston, MA",IIT Madras,M.S. in Software Engineering,"Python, Embedded Linux, FreeRTOS, I2C/SPI/UART, PCB Debugging, C/C++, ARM Cortex",Embedded Linux Developer Certificate,98,Mastered,RES-0550_Avery_Thomas.pdf
RES-0551,Daniel Perez,Blockchain & Smart Contract Engineer,Web3 / Blockchain,6,daniel.perez691@example.com,+1 (261) 561-2736,"Seattle, WA",NIT Trichy,M.S. in Robotics and Autonomous Systems,"Smart Contract Security, IPFS, Rust, Hardhat, Ethers.js, Solidity",Blockchain Council Certified Smart Contract Developer,87,Strong Candidate,RES-0551_Daniel_Perez.pdf
RES-0552,Pat White,Site Reliability Engineer (SRE),DevOps / Reliability,6,pat.white298@example.com,+1 (549) 942-7117,"Boston, MA",UC Berkeley,M.S. in Robotics and Autonomous Systems,"Terraform, Python, Linux Kernel, Kubernetes, Incident Management, OpenTelemetry, Chaos Engineering",Google Cloud Professional DevOps Engineer,94,Mastered,RES-0552_Pat_White.pdf
RES-0553,Mia Perez,Python Backend Engineer,Backend,2,mia.perez586@example.com,+1 (681) 219-6135,"Denver, CO",UCLA,B.S. in Cybersecurity and Information Assurance,"FastAPI, REST APIs, PostgreSQL, Redis, Django, Python, AWS",PCEP – Certified Entry-Level Python Programmer,75,Strong Candidate,RES-0553_Mia_Perez.pdf
RES-0554,William Rao,Full Stack React & Node Developer,Full Stack,3,william.rao13@example.com,+1 (535) 564-8906,"Amsterdam, Netherlands",University of Oxford,B.E. in Information Technology,"Express, MongoDB, Tailwind CSS, TypeScript, React 18, Next.js, GraphQL",Meta Certified Front-End Developer,72,Developing,RES-0554_William_Rao.pdf
RES-0555,Harper Verma,Data Scientist & AI/ML Engineer,AI / ML,6,harper.verma39@example.com,+1 (867) 859-7904,"Seattle, WA",UCLA,M.S. in Robotics and Autonomous Systems,"MLOps, Computer Vision, NLP, PyTorch, LLMs, Scikit-Learn",AWS Certified Machine Learning - Specialty,86,Strong Candidate,RES-0555_Harper_Verma.pdf
RES-0556,Pat Hernandez,Cloud & DevOps Solutions Architect,Cloud / DevOps,9,pat.hernandez989@example.com,+1 (217) 326-1858,"Toronto, Canada",Georgia Institute of Technology,M.S. in Robotics and Autonomous Systems,"Grafana, AWS, Prometheus, Docker, Terraform, Linux, Ansible, Kubernetes",HashiCorp Certified: Terraform Associate,83,Strong Candidate,RES-0556_Pat_Hernandez.pdf
RES-0557,Siddharth Zhang,SQL & Data Platform Engineer,Data Engineering,3,siddharth.zhang79@example.com,+1 (343) 355-2675,"Denver, CO",UC Berkeley,M.Tech in Data Science & Artificial Intelligence,"Kafka, Apache Spark, dbt, Snowflake, PostgreSQL, Data Warehousing, Python",Snowflake SnowPro Core Certification,71,Developing,RES-0557_Siddharth_Zhang.pdf
RES-0558,Charlotte Jones,Cybersecurity & Security Operations Engineer,Cybersecurity,11,charlotte.jones255@example.com,+1 (257) 860-1396,"New York, NY",University of Waterloo,M.Tech in Data Science & Artificial Intelligence,"Network Security, Splunk, OWASP Top 10, Wireshark, Penetration Testing, Python",Certified Ethical Hacker (CEH),69,Developing,RES-0558_Charlotte_Jones.pdf
RES-0559,Olivia Ramirez,Frontend Performance Specialist,Frontend,6,olivia.ramirez46@example.com,+1 (413) 435-9052,"San Francisco, CA",IIIT Hyderabad,B.S. in Computer Science,"Vue.js, WebGL, React, Web Workers, TypeScript, CSS3, Three.js, Performance Optimization",Meta Front-End Professional,80,Strong Candidate,RES-0559_Olivia_Ramirez.pdf
RES-0560,Chris Bose,Mobile Applications Engineer,Mobile,11,chris.bose302@example.com,+1 (662) 229-8299,"Stockholm, Sweden",IIT Madras,B.S. in Cybersecurity and Information Assurance,"Mobile CI/CD, State Management, Flutter, Dart, Kotlin, React Native",iOS App Development Certificate,77,Strong Candidate,RES-0560_Chris_Bose.pdf
RES-0561,Aditi Brown,Java Enterprise & Distributed Systems Architect,Enterprise Systems,12,aditi.brown859@example.com,+1 (385) 541-4380,"Chicago, IL",Princeton University,B.S. in Cybersecurity and Information Assurance,"Microservices, Kafka, Docker, Hibernate, gRPC, PostgreSQL, Java 21",Oracle Certified Professional: Java SE Developer,82,Strong Candidate,RES-0561_Aditi_Brown.pdf
RES-0562,Gaurav Mukherjee,Embedded Systems & IoT Firmware Engineer,Hardware / IoT,4,gaurav.mukherjee591@example.com,+1 (363) 299-1877,Singapore,ETH Zurich,M.Tech in Data Science & Artificial Intelligence,"Embedded Linux, FreeRTOS, ARM Cortex, C/C++, PCB Debugging, MQTT, I2C/SPI/UART",Embedded Linux Developer Certificate,71,Developing,RES-0562_Gaurav_Mukherjee.pdf
RES-0563,Jordan Mukherjee,Blockchain & Smart Contract Engineer,Web3 / Blockchain,1,jordan.mukherjee250@example.com,+1 (666) 793-5475,"London, UK",UC Berkeley,M.S. in Robotics and Autonomous Systems,"Hardhat, Solidity, Smart Contract Security, Web3.js, IPFS, Ethers.js",Blockchain Council Certified Smart Contract Developer,98,Mastered,RES-0563_Jordan_Mukherjee.pdf
RES-0564,Amelia Singhania,Site Reliability Engineer (SRE),DevOps / Reliability,1,amelia.singhania298@example.com,+1 (936) 690-4321,"London, UK",IIT Madras,B.E. in Information Technology,"Go, Incident Management, Linux Kernel, Chaos Engineering, OpenTelemetry, Kubernetes, Python",Certified Kubernetes Security Specialist (CKS),94,Mastered,RES-0564_Amelia_Singhania.pdf
RES-0565,Pranav Harris,Python Backend Engineer,Backend,9,pranav.harris177@example.com,+1 (582) 874-7082,"Amsterdam, Netherlands",University of Oxford,M.S. in Software Engineering,"Celery, Django, Redis, PostgreSQL, REST APIs, Docker, FastAPI",PCEP – Certified Entry-Level Python Programmer,96,Mastered,RES-0565_Pranav_Harris.pdf
RES-0566,Riley Lopez,Full Stack React & Node Developer,Full Stack,9,riley.lopez956@example.com,+1 (567) 860-8644,"Tokyo, Japan",Massachusetts Institute of Technology (MIT),M.S. in Software Engineering,"Node.js, Next.js, GraphQL, MongoDB, TypeScript, Tailwind CSS, React 18, Express",OpenJS Node.js Application Developer (JAD),76,Strong Candidate,RES-0566_Riley_Lopez.pdf
RES-0567,Noah Menon,Data Scientist & AI/ML Engineer,AI / ML,8,noah.menon974@example.com,+1 (368) 957-4715,"Toronto, Canada",University of Oxford,B.S. in Computer Science,"LLMs, Computer Vision, NLP, Pandas, Scikit-Learn, PyTorch, TensorFlow",AWS Certified Machine Learning - Specialty,90,Mastered,RES-0567_Noah_Menon.pdf
RES-0568,Aarav Tanaka,Cloud & DevOps Solutions Architect,Cloud / DevOps,2,aarav.tanaka822@example.com,+1 (716) 310-9113,"Boston, MA",BITS Pilani,B.E. in Information Technology,"Docker, Kubernetes, Grafana, Ansible, AWS, CI/CD, Linux",Certified Kubernetes Administrator (CKA),98,Mastered,RES-0568_Aarav_Tanaka.pdf
RES-0569,Chris Moore,SQL & Data Platform Engineer,Data Engineering,12,chris.moore977@example.com,+1 (566) 877-7602,"San Francisco, CA",University of Oxford,B.E. in Information Technology,"Airflow, Data Warehousing, SQL, Python, dbt, PostgreSQL",Databricks Certified Data Engineer Associate,81,Strong Candidate,RES-0569_Chris_Moore.pdf
RES-0570,Scarlett Robinson,Cybersecurity & Security Operations Engineer,Cybersecurity,7,scarlett.robinson911@example.com,+1 (559) 901-9033,"San Francisco, CA",University of Waterloo,B.Tech in Computer Science and Engineering,"SOC, Penetration Testing, Wireshark, SIEM, Python, Network Security",Offensive Security Certified Professional (OSCP),77,Strong Candidate,RES-0570_Scarlett_Robinson.pdf
RES-0571,Noah Bhat,Frontend Performance Specialist,Frontend,1,noah.bhat730@example.com,+1 (662) 421-7727,"Austin, TX",IIIT Hyderabad,M.S. in Software Engineering,"CSS3, TypeScript, Three.js, React, WebGL, Web Workers",Meta Front-End Professional,73,Developing,RES-0571_Noah_Bhat.pdf
RES-0572,Grace Rodriguez,Mobile Applications Engineer,Mobile,6,grace.rodriguez884@example.com,+1 (366) 240-5756,"Stockholm, Sweden",Carnegie Mellon University,B.S. in Cybersecurity and Information Assurance,"Swift, State Management, Mobile CI/CD, Dart, Flutter, Kotlin",Google Associate Android Developer,93,Mastered,RES-0572_Grace_Rodriguez.pdf
RES-0573,Sam Gupta,Java Enterprise & Distributed Systems Architect,Enterprise Systems,8,sam.gupta178@example.com,+1 (342) 335-1387,"Tokyo, Japan",Imperial College London,M.S. in Electrical and Computer Engineering,"PostgreSQL, gRPC, Hibernate, Java 21, Kafka, Spring Boot",Oracle Certified Professional: Java SE Developer,83,Strong Candidate,RES-0573_Sam_Gupta.pdf
RES-0574,Zoe Thompson,Embedded Systems & IoT Firmware Engineer,Hardware / IoT,3,zoe.thompson951@example.com,+1 (449) 340-2982,"San Francisco, CA",IIIT Hyderabad,B.S. in Computer Science,"Python, I2C/SPI/UART, MQTT, FreeRTOS, PCB Debugging, Embedded Linux",Arm Accredited Engineer (AAE),72,Developing,RES-0574_Zoe_Thompson.pdf
RES-0575,Lucas Sharma,Blockchain & Smart Contract Engineer,Web3 / Blockchain,9,lucas.sharma390@example.com,+1 (261) 722-1199,"Austin, TX",IIIT Hyderabad,B.E. in Information Technology,"Ethereum, Smart Contract Security, Rust, Hardhat, Web3.js, Solidity, Ethers.js",Blockchain Council Certified Smart Contract Developer,95,Mastered,RES-0575_Lucas_Sharma.pdf
RES-0576,Nikhil Chopra,Site Reliability Engineer (SRE),DevOps / Reliability,2,nikhil.chopra891@example.com,+1 (978) 269-8826,"Denver, CO",BITS Pilani,M.S. in Software Engineering,"Incident Management, Python, Kubernetes, OpenTelemetry, Go, Terraform, Chaos Engineering",Google Cloud Professional DevOps Engineer,91,Mastered,RES-0576_Nikhil_Chopra.pdf
RES-0577,Pat Lee,Python Backend Engineer,Backend,10,pat.lee639@example.com,+1 (721) 616-3576,"Pune, India",University of Waterloo,B.E. in Information Technology,"Python, Celery, AWS, Redis, REST APIs, FastAPI, Django",AWS Certified Developer - Associate,97,Mastered,RES-0577_Pat_Lee.pdf
RES-0578,Evelyn Weber,Full Stack React & Node Developer,Full Stack,12,evelyn.weber981@example.com,+1 (681) 723-8991,"Zurich, Switzerland",University of Waterloo,M.S. in Software Engineering,"GraphQL, Node.js, Next.js, Tailwind CSS, React 18, TypeScript, MongoDB, Express",OpenJS Node.js Application Developer (JAD),74,Developing,RES-0578_Evelyn_Weber.pdf
RES-0579,Karan White,Data Scientist & AI/ML Engineer,AI / ML,7,karan.white702@example.com,+1 (621) 485-5323,"Stockholm, Sweden",UCLA,M.Tech in Data Science & Artificial Intelligence,"NLP, Scikit-Learn, Pandas, Computer Vision, TensorFlow, LLMs",TensorFlow Developer Certificate,73,Developing,RES-0579_Karan_White.pdf
RES-0580,Aditya Wilson,Cloud & DevOps Solutions Architect,Cloud / DevOps,8,aditya.wilson261@example.com,+1 (601) 695-5435,"Dublin, Ireland",IIT Bombay,M.S. in Electrical and Computer Engineering,"CI/CD, Kubernetes, Docker, Linux, Grafana, AWS",AWS Certified Solutions Architect - Professional,74,Developing,RES-0580_Aditya_Wilson.pdf
RES-0581,Ethan Reddy,SQL & Data Platform Engineer,Data Engineering,7,ethan.reddy447@example.com,+1 (843) 701-2770,"Chicago, IL",University of Oxford,B.S. in Cybersecurity and Information Assurance,"Apache Spark, Kafka, Data Warehousing, PostgreSQL, Python, Airflow",Databricks Certified Data Engineer Associate,68,Developing,RES-0581_Ethan_Reddy.pdf
RES-0582,Sam Lopez,Cybersecurity & Security Operations Engineer,Cybersecurity,4,sam.lopez649@example.com,+1 (936) 483-5656,"Sydney, Australia",BITS Pilani,M.Tech in Data Science & Artificial Intelligence,"Wireshark, SOC, Penetration Testing, Splunk, OWASP Top 10, SIEM, Network Security, Python",CompTIA Security+,71,Developing,RES-0582_Sam_Lopez.pdf
RES-0583,Mia Weber,Frontend Performance Specialist,Frontend,3,mia.weber426@example.com,+1 (426) 447-8528,"Stockholm, Sweden",BITS Pilani,M.S. in Software Engineering,"WebGL, Web Workers, Vue.js, CSS3, Three.js, React",Google Mobile Web Specialist,95,Mastered,RES-0583_Mia_Weber.pdf
RES-0584,Henry Kulkarni,Mobile Applications Engineer,Mobile,11,henry.kulkarni399@example.com,+1 (223) 754-5451,"Hyderabad, India",ETH Zurich,M.S. in Robotics and Autonomous Systems,"Firebase, React Native, Flutter, Swift, Kotlin, Dart, State Management, Mobile CI/CD",Google Associate Android Developer,76,Strong Candidate,RES-0584_Henry_Kulkarni.pdf
RES-0585,Mia Singhania,Java Enterprise & Distributed Systems Architect,Enterprise Systems,11,mia.singhania307@example.com,+1 (436) 588-8695,"San Francisco, CA",Delhi Technological University (DTU),M.Tech in Data Science & Artificial Intelligence,"Java 21, Kafka, Hibernate, Microservices, PostgreSQL, Spring Boot, gRPC",Spring Certified Professional,97,Mastered,RES-0585_Mia_Singhania.pdf
RES-0586,Charlotte Lee,Embedded Systems & IoT Firmware Engineer,Hardware / IoT,9,charlotte.lee171@example.com,+1 (372) 424-9473,"Stockholm, Sweden",Massachusetts Institute of Technology (MIT),M.Tech in Data Science & Artificial Intelligence,"C/C++, PCB Debugging, Embedded Linux, Python, I2C/SPI/UART, MQTT, FreeRTOS",Embedded Linux Developer Certificate,75,Strong Candidate,RES-0586_Charlotte_Lee.pdf
RES-0587,Mason Martinez,Blockchain & Smart Contract Engineer,Web3 / Blockchain,10,mason.martinez180@example.com,+1 (733) 268-4798,"Seattle, WA",IIIT Hyderabad,B.Tech in Computer Science and Engineering,"Ethereum, Smart Contract Security, Ethers.js, Hardhat, Web3.js, Solidity, IPFS, Rust",Certified Ethereum Developer,91,Mastered,RES-0587_Mason_Martinez.pdf
RES-0588,Michael Chopra,Site Reliability Engineer (SRE),DevOps / Reliability,3,michael.chopra556@example.com,+1 (391) 451-1143,"Toronto, Canada",Purdue University,B.E. in Information Technology,"Go, OpenTelemetry, Python, Incident Management, Linux Kernel, Chaos Engineering, Terraform, Kubernetes",Certified Kubernetes Security Specialist (CKS),73,Developing,RES-0588_Michael_Chopra.pdf
RES-0589,Victoria Kulkarni,Python Backend Engineer,Backend,5,victoria.kulkarni53@example.com,+1 (268) 586-3226,"San Francisco, CA",Purdue University,M.S. in Robotics and Autonomous Systems,"Celery, AWS, Redis, PostgreSQL, REST APIs, Django, Docker, FastAPI",PCEP – Certified Entry-Level Python Programmer,94,Mastered,RES-0589_Victoria_Kulkarni.pdf
RES-0590,Sebastian Malhotra,Full Stack React & Node Developer,Full Stack,6,sebastian.malhotra628@example.com,+1 (622) 591-7159,"Berlin, Germany",University of Oxford,B.Tech in Computer Science and Engineering,"Express, GraphQL, Tailwind CSS, TypeScript, MongoDB, Node.js",Meta Certified Front-End Developer,80,Strong Candidate,RES-0590_Sebastian_Malhotra.pdf
RES-0591,Hannah Singhania,Data Scientist & AI/ML Engineer,AI / ML,7,hannah.singhania486@example.com,+1 (580) 409-8590,"Boston, MA",BITS Pilani,B.Tech in Computer Science and Engineering,"PyTorch, NLP, TensorFlow, Python, Computer Vision, Scikit-Learn, LLMs, MLOps",TensorFlow Developer Certificate,78,Strong Candidate,RES-0591_Hannah_Singhania.pdf
RES-0592,David Martinez,Cloud & DevOps Solutions Architect,Cloud / DevOps,3,david.martinez954@example.com,+1 (718) 369-1181,"Austin, TX",Massachusetts Institute of Technology (MIT),B.E. in Information Technology,"Linux, Prometheus, AWS, Docker, Ansible, Terraform",HashiCorp Certified: Terraform Associate,81,Strong Candidate,RES-0592_David_Martinez.pdf
RES-0593,Nikhil Patel,SQL & Data Platform Engineer,Data Engineering,3,nikhil.patel692@example.com,+1 (998) 761-9289,"Seattle, WA",University of Oxford,B.S. in Cybersecurity and Information Assurance,"Airflow, Snowflake, Apache Spark, Data Warehousing, PostgreSQL, dbt, Kafka",Databricks Certified Data Engineer Associate,81,Strong Candidate,RES-0593_Nikhil_Patel.pdf
RES-0594,Avery Moore,Cybersecurity & Security Operations Engineer,Cybersecurity,2,avery.moore570@example.com,+1 (781) 461-4450,"San Francisco, CA",Massachusetts Institute of Technology (MIT),M.S. in Software Engineering,"Splunk, SOC, Network Security, OWASP Top 10, Python, SIEM, Penetration Testing",Offensive Security Certified Professional (OSCP),88,Mastered,RES-0594_Avery_Moore.pdf
RES-0595,Deepika White,Frontend Performance Specialist,Frontend,10,deepika.white169@example.com,+1 (883) 898-9520,"London, UK",BITS Pilani,M.Tech in Data Science & Artificial Intelligence,"CSS3, Vue.js, Performance Optimization, Three.js, Web Workers, React, WebGL",Google Mobile Web Specialist,96,Mastered,RES-0595_Deepika_White.pdf
RES-0596,Avery Zhang,Mobile Applications Engineer,Mobile,7,avery.zhang110@example.com,+1 (914) 755-9287,Singapore,ETH Zurich,B.S. in Cybersecurity and Information Assurance,"Dart, State Management, Mobile CI/CD, Kotlin, Swift, React Native, Flutter",iOS App Development Certificate,71,Developing,RES-0596_Avery_Zhang.pdf
RES-0597,Evelyn Garcia,Java Enterprise & Distributed Systems Architect,Enterprise Systems,7,evelyn.garcia508@example.com,+1 (703) 605-4506,"Zurich, Switzerland",University of Cambridge,M.Tech in Data Science & Artificial Intelligence,"PostgreSQL, Spring Boot, Hibernate, Microservices, Kafka, Java 21",Oracle Certified Professional: Java SE Developer,69,Developing,RES-0597_Evelyn_Garcia.pdf
RES-0598,Aarav Lee,Embedded Systems & IoT Firmware Engineer,Hardware / IoT,11,aarav.lee191@example.com,+1 (233) 336-5774,Singapore,Vellore Institute of Technology (VIT),M.S. in Electrical and Computer Engineering,"FreeRTOS, Python, PCB Debugging, C/C++, MQTT, I2C/SPI/UART",Arm Accredited Engineer (AAE),87,Strong Candidate,RES-0598_Aarav_Lee.pdf
RES-0599,Harsh Iyer,Blockchain & Smart Contract Engineer,Web3 / Blockchain,8,harsh.iyer861@example.com,+1 (827) 491-3271,"Seattle, WA",IIT Delhi,B.E. in Information Technology,"Rust, Hardhat, Ethers.js, Smart Contract Security, Ethereum, Solidity, Web3.js, IPFS",Certified Ethereum Developer,93,Mastered,RES-0599_Harsh_Iyer.pdf
RES-0600,Evelyn Menon,Site Reliability Engineer (SRE),DevOps / Reliability,12,evelyn.menon344@example.com,+1 (415) 446-8557,"Boston, MA",Massachusetts Institute of Technology (MIT),M.S. in Software Engineering,"Python, Linux Kernel, Go, OpenTelemetry, Terraform, Incident Management, Kubernetes, Chaos Engineering",Google Cloud Professional DevOps Engineer,97,Mastered,RES-0600_Evelyn_Menon.pdf
RES-0601,James Tanaka,Python Backend Engineer,Backend,7,james.tanaka494@example.com,+1 (871) 234-6967,"Bengaluru, India",Georgia Institute of Technology,M.Tech in Data Science & Artificial Intelligence,"Redis, Celery, FastAPI, PostgreSQL, Docker, AWS",Docker Certified Associate,98,Mastered,RES-0601_James_Tanaka.pdf
RES-0602,Benjamin Taylor,Full Stack React & Node Developer,Full Stack,3,benjamin.taylor105@example.com,+1 (698) 542-3427,"New York, NY",Purdue University,M.Tech in Data Science & Artificial Intelligence,"Express, Tailwind CSS, TypeScript, GraphQL, React 18, Next.js, MongoDB",OpenJS Node.js Application Developer (JAD),72,Developing,RES-0602_Benjamin_Taylor.pdf
RES-0603,Karan Joshi,Data Scientist & AI/ML Engineer,AI / ML,9,karan.joshi684@example.com,+1 (954) 961-9273,"London, UK",Purdue University,B.S. in Cybersecurity and Information Assurance,"Scikit-Learn, Computer Vision, MLOps, Pandas, Python, LLMs, TensorFlow, PyTorch",DeepLearning.AI ML Specialization,97,Mastered,RES-0603_Karan_Joshi.pdf
RES-0604,Hannah Chen,Cloud & DevOps Solutions Architect,Cloud / DevOps,10,hannah.chen915@example.com,+1 (823) 785-4783,"Toronto, Canada",University of Toronto,M.Tech in Data Science & Artificial Intelligence,"AWS, Docker, Prometheus, CI/CD, Terraform, Ansible, Kubernetes, Linux",HashiCorp Certified: Terraform Associate,93,Mastered,RES-0604_Hannah_Chen.pdf
RES-0605,Amelia Harris,SQL & Data Platform Engineer,Data Engineering,12,amelia.harris843@example.com,+1 (759) 626-1267,"Denver, CO",UCLA,B.E. in Information Technology,"Python, dbt, Airflow, Kafka, Data Warehousing, Snowflake",Snowflake SnowPro Core Certification,70,Developing,RES-0605_Amelia_Harris.pdf
RES-0606,Karan Bose,Cybersecurity & Security Operations Engineer,Cybersecurity,12,karan.bose261@example.com,+1 (691) 221-2629,"Boston, MA",IIT Delhi,B.E. in Information Technology,"Wireshark, Network Security, Splunk, OWASP Top 10, Python, Penetration Testing, SIEM, SOC",CompTIA Security+,95,Mastered,RES-0606_Karan_Bose.pdf
RES-0607,Aarav Garcia,Frontend Performance Specialist,Frontend,2,aarav.garcia77@example.com,+1 (997) 988-5424,"Bengaluru, India",University of Oxford,M.S. in Robotics and Autonomous Systems,"CSS3, Three.js, TypeScript, WebGL, Vue.js, Web Workers, React, Performance Optimization",Meta Front-End Professional,70,Developing,RES-0607_Aarav_Garcia.pdf
RES-0608,Daniel Chopra,Mobile Applications Engineer,Mobile,8,daniel.chopra360@example.com,+1 (364) 734-9762,"Hyderabad, India",Stanford University,M.S. in Electrical and Computer Engineering,"Mobile CI/CD, Flutter, Kotlin, Swift, Dart, State Management, React Native",iOS App Development Certificate,74,Developing,RES-0608_Daniel_Chopra.pdf
RES-0609,Pooja Patel,Java Enterprise & Distributed Systems Architect,Enterprise Systems,11,pooja.patel473@example.com,+1 (392) 203-6823,"San Francisco, CA",Delhi Technological University (DTU),M.S. in Electrical and Computer Engineering,"Java 21, Microservices, Kafka, gRPC, Spring Boot, Hibernate, Docker, PostgreSQL",Spring Certified Professional,75,Strong Candidate,RES-0609_Pooja_Patel.pdf
RES-0610,Evelyn Harris,Embedded Systems & IoT Firmware Engineer,Hardware / IoT,1,evelyn.harris851@example.com,+1 (635) 500-1637,"Austin, TX",Vellore Institute of Technology (VIT),B.E. in Information Technology,"MQTT, PCB Debugging, ARM Cortex, Embedded Linux, FreeRTOS, Python",Embedded Linux Developer Certificate,81,Strong Candidate,RES-0610_Evelyn_Harris.pdf
RES-0611,Rohan Verma,Blockchain & Smart Contract Engineer,Web3 / Blockchain,9,rohan.verma301@example.com,+1 (535) 389-2524,"Boston, MA",Georgia Institute of Technology,B.S. in Computer Science,"Web3.js, Ethereum, Solidity, Rust, Ethers.js, IPFS, Smart Contract Security",Certified Ethereum Developer,71,Developing,RES-0611_Rohan_Verma.pdf
RES-0612,Zoe Kulkarni,Site Reliability Engineer (SRE),DevOps / Reliability,11,zoe.kulkarni963@example.com,+1 (241) 519-7884,"Seattle, WA",National University of Singapore,M.S. in Electrical and Computer Engineering,"Python, Go, Chaos Engineering, Terraform, Incident Management, Linux Kernel",Certified Kubernetes Security Specialist (CKS),78,Strong Candidate,RES-0612_Zoe_Kulkarni.pdf
RES-0613,Sophia Johnson,Python Backend Engineer,Backend,8,sophia.johnson674@example.com,+1 (782) 917-2701,"San Francisco, CA",Princeton University,M.Tech in Data Science & Artificial Intelligence,"AWS, PostgreSQL, REST APIs, Python, Redis, Django",Docker Certified Associate,79,Strong Candidate,RES-0613_Sophia_Johnson.pdf
RES-0614,Riley Thomas,Full Stack React & Node Developer,Full Stack,4,riley.thomas614@example.com,+1 (621) 792-5713,"London, UK",Harvard University,B.S. in Computer Science,"GraphQL, React 18, MongoDB, Express, TypeScript, Node.js, Next.js, Tailwind CSS",Meta Certified Front-End Developer,91,Mastered,RES-0614_Riley_Thomas.pdf
RES-0615,Kavya Joshi,Data Scientist & AI/ML Engineer,AI / ML,10,kavya.joshi414@example.com,+1 (336) 423-5530,"Austin, TX",Delhi Technological University (DTU),B.Tech in Computer Science and Engineering,"Python, Computer Vision, LLMs, TensorFlow, PyTorch, Scikit-Learn",TensorFlow Developer Certificate,95,Mastered,RES-0615_Kavya_Joshi.pdf
RES-0616,Casey Brown,Cloud & DevOps Solutions Architect,Cloud / DevOps,8,casey.brown408@example.com,+1 (561) 392-4977,"Chicago, IL",ETH Zurich,B.E. in Information Technology,"Grafana, Ansible, Kubernetes, AWS, Prometheus, Docker",HashiCorp Certified: Terraform Associate,92,Mastered,RES-0616_Casey_Brown.pdf
RES-0617,Aditi Lee,SQL & Data Platform Engineer,Data Engineering,8,aditi.lee814@example.com,+1 (980) 742-2069,"Dublin, Ireland",University of Cambridge,M.S. in Electrical and Computer Engineering,"dbt, Airflow, Data Warehousing, SQL, Kafka, Snowflake, PostgreSQL",Databricks Certified Data Engineer Associate,71,Developing,RES-0617_Aditi_Lee.pdf
RES-0618,Ethan Mukherjee,Cybersecurity & Security Operations Engineer,Cybersecurity,11,ethan.mukherjee389@example.com,+1 (734) 460-2619,"London, UK",Princeton University,B.E. in Information Technology,"Splunk, SOC, Penetration Testing, Python, OWASP Top 10, Wireshark",Offensive Security Certified Professional (OSCP),78,Strong Candidate,RES-0618_Ethan_Mukherjee.pdf
RES-0619,Noah Taylor,Frontend Performance Specialist,Frontend,3,noah.taylor591@example.com,+1 (549) 201-8881,"Hyderabad, India",Princeton University,B.S. in Computer Science,"Three.js, Web Workers, Vue.js, CSS3, React, Performance Optimization, WebGL",Meta Front-End Professional,83,Strong Candidate,RES-0619_Noah_Taylor.pdf
RES-0620,Liam Harris,Mobile Applications Engineer,Mobile,1,liam.harris351@example.com,+1 (704) 433-8058,"Amsterdam, Netherlands",Carnegie Mellon University,B.S. in Computer Science,"Swift, State Management, Flutter, Dart, Mobile CI/CD, Kotlin",Google Associate Android Developer,74,Developing,RES-0620_Liam_Harris.pdf
RES-0621,Divya Gupta,Java Enterprise & Distributed Systems Architect,Enterprise Systems,5,divya.gupta47@example.com,+1 (462) 211-7703,"Austin, TX",IIT Madras,M.S. in Robotics and Autonomous Systems,"Spring Boot, Java 21, Microservices, Hibernate, gRPC, Docker",Spring Certified Professional,96,Mastered,RES-0621_Divya_Gupta.pdf
RES-0622,Karan Gupta,Embedded Systems & IoT Firmware Engineer,Hardware / IoT,5,karan.gupta100@example.com,+1 (715) 796-4757,"Dublin, Ireland",ETH Zurich,B.Tech in Computer Science and Engineering,"Python, MQTT, I2C/SPI/UART, Embedded Linux, C/C++, FreeRTOS, ARM Cortex",Arm Accredited Engineer (AAE),74,Developing,RES-0622_Karan_Gupta.pdf
RES-0623,Pat Rodriguez,Blockchain & Smart Contract Engineer,Web3 / Blockchain,10,pat.rodriguez481@example.com,+1 (262) 877-8364,"Pune, India",Massachusetts Institute of Technology (MIT),M.S. in Software Engineering,"Hardhat, Ethereum, Web3.js, IPFS, Smart Contract Security, Solidity, Ethers.js, Rust",Blockchain Council Certified Smart Contract Developer,92,Mastered,RES-0623_Pat_Rodriguez.pdf
RES-0624,Daniel Brown,Site Reliability Engineer (SRE),DevOps / Reliability,4,daniel.brown84@example.com,+1 (357) 625-2776,"Sydney, Australia",National University of Singapore,M.S. in Software Engineering,"Incident Management, OpenTelemetry, Python, Chaos Engineering, Linux Kernel, Terraform, Kubernetes, Go",Google Cloud Professional DevOps Engineer,92,Mastered,RES-0624_Daniel_Brown.pdf
RES-0625,Simran Martin,Python Backend Engineer,Backend,1,simran.martin959@example.com,+1 (293) 795-2889,"Boston, MA",Princeton University,M.Tech in Data Science & Artificial Intelligence,"AWS, REST APIs, PostgreSQL, Docker, Redis, FastAPI",AWS Certified Developer - Associate,75,Strong Candidate,RES-0625_Simran_Martin.pdf
RES-0626,Simran Sanchez,Full Stack React & Node Developer,Full Stack,5,simran.sanchez95@example.com,+1 (547) 737-9807,"Seattle, WA",University of Oxford,B.E. in Information Technology,"React 18, Express, MongoDB, TypeScript, Next.js, GraphQL",Meta Certified Front-End Developer,82,Strong Candidate,RES-0626_Simran_Sanchez.pdf
RES-0627,Sophia Joshi,Data Scientist & AI/ML Engineer,AI / ML,1,sophia.joshi292@example.com,+1 (545) 230-1542,"San Francisco, CA",Imperial College London,B.Tech in Computer Science and Engineering,"Pandas, TensorFlow, Computer Vision, LLMs, NLP, Python",TensorFlow Developer Certificate,69,Developing,RES-0627_Sophia_Joshi.pdf
RES-0628,Victoria Verma,Cloud & DevOps Solutions Architect,Cloud / DevOps,11,victoria.verma746@example.com,+1 (353) 561-6125,"Zurich, Switzerland",Imperial College London,B.S. in Computer Science,"CI/CD, Linux, Terraform, Kubernetes, AWS, Prometheus, Grafana, Docker",Certified Kubernetes Administrator (CKA),83,Strong Candidate,RES-0628_Victoria_Verma.pdf
RES-0629,Pooja Thompson,SQL & Data Platform Engineer,Data Engineering,1,pooja.thompson455@example.com,+1 (678) 226-1723,"Stockholm, Sweden",Vellore Institute of Technology (VIT),B.Tech in Computer Science and Engineering,"Data Warehousing, Kafka, Python, Snowflake, PostgreSQL, SQL",Databricks Certified Data Engineer Associate,72,Developing,RES-0629_Pooja_Thompson.pdf
RES-0630,Ethan Thompson,Cybersecurity & Security Operations Engineer,Cybersecurity,5,ethan.thompson243@example.com,+1 (529) 578-1802,Singapore,Imperial College London,M.S. in Software Engineering,"SIEM, Wireshark, Python, SOC, Network Security, OWASP Top 10, Splunk, Penetration Testing",CompTIA Security+,70,Developing,RES-0630_Ethan_Thompson.pdf
RES-0631,Neha Davis,Frontend Performance Specialist,Frontend,9,neha.davis831@example.com,+1 (248) 325-7417,"London, UK",University of Washington,B.S. in Computer Science,"TypeScript, Vue.js, Web Workers, Performance Optimization, React, Three.js, WebGL, CSS3",Google Mobile Web Specialist,72,Developing,RES-0631_Neha_Davis.pdf
RES-0632,Siddharth Chopra,Mobile Applications Engineer,Mobile,9,siddharth.chopra723@example.com,+1 (609) 833-5835,"Bengaluru, India",ETH Zurich,B.E. in Information Technology,"Swift, State Management, Firebase, Dart, React Native, Mobile CI/CD",iOS App Development Certificate,73,Developing,RES-0632_Siddharth_Chopra.pdf
RES-0633,Shruti Kulkarni,Java Enterprise & Distributed Systems Architect,Enterprise Systems,7,shruti.kulkarni392@example.com,+1 (975) 497-1693,"Bengaluru, India",Princeton University,M.Tech in Data Science & Artificial Intelligence,"Microservices, gRPC, Spring Boot, Java 21, Hibernate, PostgreSQL, Docker",Spring Certified Professional,79,Strong Candidate,RES-0633_Shruti_Kulkarni.pdf
RES-0634,Liam Sanchez,Embedded Systems & IoT Firmware Engineer,Hardware / IoT,6,liam.sanchez724@example.com,+1 (712) 731-3923,"London, UK",University of Toronto,M.S. in Software Engineering,"C/C++, I2C/SPI/UART, PCB Debugging, FreeRTOS, Python, Embedded Linux, ARM Cortex, MQTT",Arm Accredited Engineer (AAE),80,Strong Candidate,RES-0634_Liam_Sanchez.pdf
RES-0635,William Müller,Blockchain & Smart Contract Engineer,Web3 / Blockchain,8,william.müller154@example.com,+1 (304) 292-2549,"Stockholm, Sweden",Princeton University,M.S. in Robotics and Autonomous Systems,"Solidity, Ethers.js, Rust, Web3.js, Smart Contract Security, Ethereum",Certified Ethereum Developer,91,Mastered,RES-0635_William_Müller.pdf
RES-0636,Kavya Nair,Site Reliability Engineer (SRE),DevOps / Reliability,6,kavya.nair950@example.com,+1 (968) 826-9272,"Chicago, IL",Carnegie Mellon University,B.S. in Cybersecurity and Information Assurance,"Terraform, Linux Kernel, Chaos Engineering, Incident Management, Go, OpenTelemetry, Kubernetes, Python",Certified Kubernetes Security Specialist (CKS),75,Strong Candidate,RES-0636_Kavya_Nair.pdf
RES-0637,Gaurav Lopez,Python Backend Engineer,Backend,12,gaurav.lopez493@example.com,+1 (852) 919-9148,"London, UK",TUM Munich,B.E. in Information Technology,"Celery, Python, Redis, Docker, FastAPI, PostgreSQL",PCEP – Certified Entry-Level Python Programmer,71,Developing,RES-0637_Gaurav_Lopez.pdf
RES-0638,Yash Rodriguez,Full Stack React & Node Developer,Full Stack,6,yash.rodriguez241@example.com,+1 (436) 606-9681,"Chicago, IL",IIIT Hyderabad,B.Tech in Computer Science and Engineering,"Express, TypeScript, Tailwind CSS, MongoDB, Next.js, Node.js, React 18",Meta Certified Front-End Developer,90,Mastered,RES-0638_Yash_Rodriguez.pdf
RES-0639,Harper Kapoor,Data Scientist & AI/ML Engineer,AI / ML,11,harper.kapoor542@example.com,+1 (748) 617-1702,Singapore,UCLA,B.Tech in Computer Science and Engineering,"MLOps, Computer Vision, Scikit-Learn, LLMs, Python, NLP",TensorFlow Developer Certificate,80,Strong Candidate,RES-0639_Harper_Kapoor.pdf
RES-0640,Lucas Watanabe,Cloud & DevOps Solutions Architect,Cloud / DevOps,3,lucas.watanabe632@example.com,+1 (290) 981-1446,"Zurich, Switzerland",UC Berkeley,M.S. in Robotics and Autonomous Systems,"Docker, Kubernetes, Ansible, Grafana, Terraform, CI/CD, Prometheus, AWS",Certified Kubernetes Administrator (CKA),87,Strong Candidate,RES-0640_Lucas_Watanabe.pdf
RES-0641,James White,SQL & Data Platform Engineer,Data Engineering,4,james.white861@example.com,+1 (470) 497-1660,"Austin, TX",University of Washington,B.E. in Information Technology,"Python, dbt, Snowflake, Data Warehousing, Apache Spark, SQL, Kafka, PostgreSQL",Databricks Certified Data Engineer Associate,82,Strong Candidate,RES-0641_James_White.pdf
RES-0642,Rohan Lewis,Cybersecurity & Security Operations Engineer,Cybersecurity,10,rohan.lewis851@example.com,+1 (248) 719-7033,"Dublin, Ireland",Imperial College London,B.S. in Computer Science,"Penetration Testing, SIEM, Python, Network Security, SOC, Wireshark, OWASP Top 10, Splunk",Offensive Security Certified Professional (OSCP),70,Developing,RES-0642_Rohan_Lewis.pdf
RES-0643,Anjali Rodriguez,Frontend Performance Specialist,Frontend,4,anjali.rodriguez158@example.com,+1 (748) 574-7293,"Dublin, Ireland",University of Oxford,M.S. in Software Engineering,"TypeScript, Performance Optimization, Three.js, Vue.js, React, CSS3, Web Workers",Google Mobile Web Specialist,87,Strong Candidate,RES-0643_Anjali_Rodriguez.pdf
RES-0644,Rohan Sanchez,Mobile Applications Engineer,Mobile,7,rohan.sanchez494@example.com,+1 (358) 607-2928,"Tokyo, Japan",Delhi Technological University (DTU),B.Tech in Computer Science and Engineering,"Swift, React Native, Kotlin, Dart, Firebase, State Management, Mobile CI/CD, Flutter",Google Associate Android Developer,78,Strong Candidate,RES-0644_Rohan_Sanchez.pdf
RES-0645,Ananya Sanchez,Java Enterprise & Distributed Systems Architect,Enterprise Systems,11,ananya.sanchez833@example.com,+1 (350) 615-6877,"Amsterdam, Netherlands",ETH Zurich,M.S. in Software Engineering,"Docker, Hibernate, Kafka, Microservices, PostgreSQL, gRPC",Oracle Certified Professional: Java SE Developer,86,Strong Candidate,RES-0645_Ananya_Sanchez.pdf
RES-0646,Meera Zhang,Embedded Systems & IoT Firmware Engineer,Hardware / IoT,7,meera.zhang778@example.com,+1 (323) 457-4146,"London, UK",BITS Pilani,M.S. in Software Engineering,"MQTT, I2C/SPI/UART, C/C++, PCB Debugging, Embedded Linux, ARM Cortex, Python",Arm Accredited Engineer (AAE),84,Strong Candidate,RES-0646_Meera_Zhang.pdf
RES-0647,Olivia Iyer,Blockchain & Smart Contract Engineer,Web3 / Blockchain,1,olivia.iyer93@example.com,+1 (884) 397-6486,"San Francisco, CA",University of Illinois Urbana-Champaign,B.S. in Computer Science,"Ethers.js, Solidity, Ethereum, Smart Contract Security, IPFS, Web3.js, Rust, Hardhat",Blockchain Council Certified Smart Contract Developer,88,Mastered,RES-0647_Olivia_Iyer.pdf
RES-0648,Casey Reddy,Site Reliability Engineer (SRE),DevOps / Reliability,1,casey.reddy757@example.com,+1 (577) 425-5584,"London, UK",University of Toronto,M.S. in Robotics and Autonomous Systems,"Terraform, Python, Go, OpenTelemetry, Linux Kernel, Kubernetes, Chaos Engineering",Google Cloud Professional DevOps Engineer,91,Mastered,RES-0648_Casey_Reddy.pdf
RES-0649,Pranav Zhang,Python Backend Engineer,Backend,1,pranav.zhang403@example.com,+1 (248) 364-2094,"London, UK",Purdue University,B.S. in Cybersecurity and Information Assurance,"FastAPI, PostgreSQL, AWS, Celery, REST APIs, Docker, Python",AWS Certified Developer - Associate,85,Strong Candidate,RES-0649_Pranav_Zhang.pdf
RES-0650,Alex Martin,Full Stack React & Node Developer,Full Stack,10,alex.martin20@example.com,+1 (409) 368-2665,"Seattle, WA",Stanford University,M.S. in Software Engineering,"MongoDB, TypeScript, Next.js, Node.js, GraphQL, Express",OpenJS Node.js Application Developer (JAD),77,Strong Candidate,RES-0650_Alex_Martin.pdf
RES-0651,Charlotte Ramirez,Data Scientist & AI/ML Engineer,AI / ML,3,charlotte.ramirez60@example.com,+1 (943) 372-6292,"New York, NY",University of Cambridge,B.S. in Cybersecurity and Information Assurance,"Computer Vision, NLP, TensorFlow, Python, PyTorch, Scikit-Learn",TensorFlow Developer Certificate,89,Mastered,RES-0651_Charlotte_Ramirez.pdf
RES-0652,Nikhil Smith,Cloud & DevOps Solutions Architect,Cloud / DevOps,11,nikhil.smith947@example.com,+1 (391) 276-1229,"Bengaluru, India",University of Waterloo,B.S. in Computer Science,"Linux, Terraform, AWS, Prometheus, Kubernetes, Ansible, Docker, CI/CD",AWS Certified Solutions Architect - Professional,95,Mastered,RES-0652_Nikhil_Smith.pdf
RES-0653,Isabella Takahashi,SQL & Data Platform Engineer,Data Engineering,3,isabella.takahashi852@example.com,+1 (752) 448-2883,"Denver, CO",ETH Zurich,M.S. in Electrical and Computer Engineering,"Python, PostgreSQL, dbt, Kafka, Airflow, Data Warehousing",Databricks Certified Data Engineer Associate,84,Strong Candidate,RES-0653_Isabella_Takahashi.pdf
RES-0654,Casey Takahashi,Cybersecurity & Security Operations Engineer,Cybersecurity,9,casey.takahashi821@example.com,+1 (215) 573-1036,"Zurich, Switzerland",UC Berkeley,M.S. in Software Engineering,"Penetration Testing, Splunk, Python, SOC, Wireshark, Network Security",CompTIA Security+,80,Strong Candidate,RES-0654_Casey_Takahashi.pdf
RES-0655,Jackson Chopra,Frontend Performance Specialist,Frontend,10,jackson.chopra760@example.com,+1 (274) 735-3854,"Seattle, WA",University of Oxford,M.S. in Software Engineering,"TypeScript, Three.js, Performance Optimization, Web Workers, Vue.js, CSS3, React",Meta Front-End Professional,91,Mastered,RES-0655_Jackson_Chopra.pdf
RES-0656,Matthew Singhania,Mobile Applications Engineer,Mobile,5,matthew.singhania718@example.com,+1 (456) 719-5781,"Boston, MA",Princeton University,M.S. in Electrical and Computer Engineering,"Dart, Firebase, Flutter, React Native, Kotlin, State Management, Swift, Mobile CI/CD",iOS App Development Certificate,85,Strong Candidate,RES-0656_Matthew_Singhania.pdf
RES-0657,Emma Verma,Java Enterprise & Distributed Systems Architect,Enterprise Systems,2,emma.verma966@example.com,+1 (830) 662-5503,"Zurich, Switzerland",Princeton University,B.S. in Computer Science,"gRPC, Hibernate, Docker, Kafka, PostgreSQL, Microservices, Java 21",Spring Certified Professional,83,Strong Candidate,RES-0657_Emma_Verma.pdf
RES-0658,Vikram Dubois,Embedded Systems & IoT Firmware Engineer,Hardware / IoT,7,vikram.dubois668@example.com,+1 (744) 525-9591,"San Francisco, CA",Vellore Institute of Technology (VIT),M.S. in Software Engineering,"I2C/SPI/UART, C/C++, Python, FreeRTOS, PCB Debugging, MQTT",Embedded Linux Developer Certificate,73,Developing,RES-0658_Vikram_Dubois.pdf
RES-0659,Amelia Tanaka,Blockchain & Smart Contract Engineer,Web3 / Blockchain,5,amelia.tanaka564@example.com,+1 (380) 997-6613,Singapore,IIT Delhi,B.E. in Information Technology,"Smart Contract Security, Ethers.js, Hardhat, Rust, IPFS, Web3.js, Ethereum",Certified Ethereum Developer,85,Strong Candidate,RES-0659_Amelia_Tanaka.pdf
RES-0660,Aria Zhang,Site Reliability Engineer (SRE),DevOps / Reliability,2,aria.zhang115@example.com,+1 (548) 614-3693,"London, UK",IIT Delhi,M.S. in Electrical and Computer Engineering,"Linux Kernel, Python, Kubernetes, OpenTelemetry, Terraform, Incident Management, Go",Google Cloud Professional DevOps Engineer,71,Developing,RES-0660_Aria_Zhang.pdf
RES-0661,William Takahashi,Python Backend Engineer,Backend,6,william.takahashi972@example.com,+1 (716) 308-7409,Singapore,Delhi Technological University (DTU),B.Tech in Computer Science and Engineering,"Celery, Docker, Python, Redis, Django, PostgreSQL, REST APIs",PCEP – Certified Entry-Level Python Programmer,97,Mastered,RES-0661_William_Takahashi.pdf
RES-0662,Sam Chen,Full Stack React & Node Developer,Full Stack,4,sam.chen502@example.com,+1 (813) 695-3700,"New York, NY",IIIT Hyderabad,M.S. in Electrical and Computer Engineering,"TypeScript, MongoDB, Node.js, GraphQL, Express, Next.js",Meta Certified Front-End Developer,79,Strong Candidate,RES-0662_Sam_Chen.pdf
RES-0663,Madison Watanabe,Data Scientist & AI/ML Engineer,AI / ML,4,madison.watanabe229@example.com,+1 (629) 687-9593,"Austin, TX",University of Toronto,B.S. in Cybersecurity and Information Assurance,"Python, NLP, Computer Vision, PyTorch, LLMs, TensorFlow",TensorFlow Developer Certificate,85,Strong Candidate,RES-0663_Madison_Watanabe.pdf
RES-0664,Neha Lewis,Cloud & DevOps Solutions Architect,Cloud / DevOps,5,neha.lewis760@example.com,+1 (334) 975-8831,"San Francisco, CA",IIT Bombay,M.S. in Electrical and Computer Engineering,"Linux, Prometheus, Docker, Kubernetes, Ansible, Terraform, Grafana, CI/CD",Certified Kubernetes Administrator (CKA),72,Developing,RES-0664_Neha_Lewis.pdf
RES-0665,Aditya Singhania,SQL & Data Platform Engineer,Data Engineering,11,aditya.singhania355@example.com,+1 (722) 545-5581,"Amsterdam, Netherlands",Princeton University,M.S. in Electrical and Computer Engineering,"Kafka, Airflow, Apache Spark, Python, Data Warehousing, Snowflake, dbt",Snowflake SnowPro Core Certification,79,Strong Candidate,RES-0665_Aditya_Singhania.pdf
RES-0666,Isabella Ramirez,Cybersecurity & Security Operations Engineer,Cybersecurity,11,isabella.ramirez672@example.com,+1 (437) 274-4873,"Boston, MA",Imperial College London,B.S. in Computer Science,"Splunk, SOC, SIEM, Penetration Testing, Wireshark, OWASP Top 10, Python",Offensive Security Certified Professional (OSCP),95,Mastered,RES-0666_Isabella_Ramirez.pdf
RES-0667,Anjali White,Frontend Performance Specialist,Frontend,8,anjali.white641@example.com,+1 (592) 595-9038,"Boston, MA",ETH Zurich,M.Tech in Data Science & Artificial Intelligence,"CSS3, Web Workers, Vue.js, WebGL, React, Performance Optimization, TypeScript, Three.js",Meta Front-End Professional,91,Mastered,RES-0667_Anjali_White.pdf
RES-0668,Riley Williams,Mobile Applications Engineer,Mobile,3,riley.williams866@example.com,+1 (264) 329-4279,"Stockholm, Sweden",Delhi Technological University (DTU),B.Tech in Computer Science and Engineering,"Flutter, Swift, Firebase, State Management, Kotlin, React Native",Google Associate Android Developer,85,Strong Candidate,RES-0668_Riley_Williams.pdf
RES-0669,Sophia Bhat,Java Enterprise & Distributed Systems Architect,Enterprise Systems,3,sophia.bhat492@example.com,+1 (613) 731-2426,"Tokyo, Japan",Georgia Institute of Technology,M.S. in Software Engineering,"Hibernate, PostgreSQL, Microservices, gRPC, Docker, Spring Boot, Java 21",Spring Certified Professional,80,Strong Candidate,RES-0669_Sophia_Bhat.pdf
RES-0670,Noah Garcia,Embedded Systems & IoT Firmware Engineer,Hardware / IoT,3,noah.garcia757@example.com,+1 (304) 601-1869,"Amsterdam, Netherlands",Carnegie Mellon University,M.S. in Robotics and Autonomous Systems,"Embedded Linux, ARM Cortex, I2C/SPI/UART, Python, MQTT, PCB Debugging",Arm Accredited Engineer (AAE),91,Mastered,RES-0670_Noah_Garcia.pdf
RES-0671,Mason Watanabe,Blockchain & Smart Contract Engineer,Web3 / Blockchain,11,mason.watanabe185@example.com,+1 (303) 950-7997,"Toronto, Canada",Delhi Technological University (DTU),B.S. in Computer Science,"Ethereum, Rust, IPFS, Smart Contract Security, Ethers.js, Hardhat, Solidity, Web3.js",Blockchain Council Certified Smart Contract Developer,93,Mastered,RES-0671_Mason_Watanabe.pdf
RES-0672,Lucas Rodriguez,Site Reliability Engineer (SRE),DevOps / Reliability,5,lucas.rodriguez263@example.com,+1 (220) 784-6449,"London, UK",NIT Trichy,M.S. in Robotics and Autonomous Systems,"Kubernetes, OpenTelemetry, Chaos Engineering, Incident Management, Terraform, Go",Certified Kubernetes Security Specialist (CKS),92,Mastered,RES-0672_Lucas_Rodriguez.pdf
RES-0673,Harsh Chen,Python Backend Engineer,Backend,12,harsh.chen519@example.com,+1 (936) 315-4510,"Chicago, IL",IIT Bombay,M.S. in Electrical and Computer Engineering,"AWS, PostgreSQL, FastAPI, Celery, Python, Redis, REST APIs, Docker",PCEP – Certified Entry-Level Python Programmer,84,Strong Candidate,RES-0673_Harsh_Chen.pdf
RES-0674,Tanvi Thompson,Full Stack React & Node Developer,Full Stack,12,tanvi.thompson894@example.com,+1 (782) 648-6723,"Hyderabad, India",Vellore Institute of Technology (VIT),M.S. in Electrical and Computer Engineering,"Express, Tailwind CSS, Next.js, GraphQL, React 18, MongoDB",Meta Certified Front-End Developer,70,Developing,RES-0674_Tanvi_Thompson.pdf
RES-0675,Varun Fischer,Data Scientist & AI/ML Engineer,AI / ML,3,varun.fischer902@example.com,+1 (366) 415-2533,"San Francisco, CA",UCLA,M.S. in Software Engineering,"Pandas, Python, MLOps, TensorFlow, PyTorch, Scikit-Learn, NLP, Computer Vision",TensorFlow Developer Certificate,70,Developing,RES-0675_Varun_Fischer.pdf
RES-0676,Victoria Malhotra,Cloud & DevOps Solutions Architect,Cloud / DevOps,2,victoria.malhotra158@example.com,+1 (607) 249-3472,"Boston, MA",IIT Delhi,M.Tech in Data Science & Artificial Intelligence,"Ansible, Grafana, Docker, Prometheus, Kubernetes, AWS, Linux, Terraform",AWS Certified Solutions Architect - Professional,87,Strong Candidate,RES-0676_Victoria_Malhotra.pdf
RES-0677,Vikram Jackson,SQL & Data Platform Engineer,Data Engineering,4,vikram.jackson149@example.com,+1 (940) 551-9669,"Tokyo, Japan",NIT Trichy,M.Tech in Data Science & Artificial Intelligence,"PostgreSQL, Airflow, Python, Apache Spark, dbt, Data Warehousing",Databricks Certified Data Engineer Associate,92,Mastered,RES-0677_Vikram_Jackson.pdf
RES-0678,Alexander Johnson,Cybersecurity & Security Operations Engineer,Cybersecurity,11,alexander.johnson112@example.com,+1 (292) 491-1372,"Amsterdam, Netherlands",Delhi Technological University (DTU),B.S. in Cybersecurity and Information Assurance,"SIEM, Wireshark, Python, Penetration Testing, Splunk, SOC, Network Security",Certified Ethical Hacker (CEH),93,Mastered,RES-0678_Alexander_Johnson.pdf
RES-0679,Ava Singhania,Frontend Performance Specialist,Frontend,12,ava.singhania692@example.com,+1 (782) 810-6656,"Boston, MA",TUM Munich,M.S. in Robotics and Autonomous Systems,"WebGL, CSS3, TypeScript, React, Vue.js, Web Workers",Meta Front-End Professional,76,Strong Candidate,RES-0679_Ava_Singhania.pdf
RES-0680,Kavya Watanabe,Mobile Applications Engineer,Mobile,8,kavya.watanabe770@example.com,+1 (997) 359-1420,"Boston, MA",ETH Zurich,B.Tech in Computer Science and Engineering,"React Native, Swift, Dart, Kotlin, Mobile CI/CD, Firebase, Flutter, State Management",Google Associate Android Developer,95,Mastered,RES-0680_Kavya_Watanabe.pdf
RES-0681,Alexander White,Java Enterprise & Distributed Systems Architect,Enterprise Systems,3,alexander.white675@example.com,+1 (309) 550-6233,"London, UK",BITS Pilani,B.Tech in Computer Science and Engineering,"Java 21, Spring Boot, gRPC, PostgreSQL, Hibernate, Microservices, Docker",Spring Certified Professional,86,Strong Candidate,RES-0681_Alexander_White.pdf
RES-0682,Varun Wilson,Embedded Systems & IoT Firmware Engineer,Hardware / IoT,8,varun.wilson301@example.com,+1 (635) 376-5032,"London, UK",IIT Bombay,B.S. in Computer Science,"Python, ARM Cortex, C/C++, I2C/SPI/UART, MQTT, FreeRTOS, PCB Debugging",Arm Accredited Engineer (AAE),80,Strong Candidate,RES-0682_Varun_Wilson.pdf
RES-0683,Amelia Kulkarni,Blockchain & Smart Contract Engineer,Web3 / Blockchain,9,amelia.kulkarni975@example.com,+1 (292) 700-3652,"Sydney, Australia",University of Washington,B.Tech in Computer Science and Engineering,"Web3.js, Hardhat, Solidity, Rust, Smart Contract Security, Ethereum",Certified Ethereum Developer,75,Strong Candidate,RES-0683_Amelia_Kulkarni.pdf
RES-0684,Rahul Martin,Site Reliability Engineer (SRE),DevOps / Reliability,5,rahul.martin739@example.com,+1 (434) 540-2305,"New York, NY",Purdue University,M.S. in Electrical and Computer Engineering,"Chaos Engineering, Python, OpenTelemetry, Terraform, Go, Kubernetes, Incident Management",Certified Kubernetes Security Specialist (CKS),90,Mastered,RES-0684_Rahul_Martin.pdf
RES-0685,Logan Lewis,Python Backend Engineer,Backend,9,logan.lewis269@example.com,+1 (708) 230-4351,"Austin, TX",University of Oxford,B.Tech in Computer Science and Engineering,"PostgreSQL, Celery, FastAPI, AWS, Django, Docker, REST APIs, Redis",AWS Certified Developer - Associate,76,Strong Candidate,RES-0685_Logan_Lewis.pdf
RES-0686,Zoe Taylor,Full Stack React & Node Developer,Full Stack,1,zoe.taylor445@example.com,+1 (302) 518-6412,"Dublin, Ireland",Imperial College London,B.S. in Computer Science,"GraphQL, Tailwind CSS, Express, React 18, Node.js, Next.js, MongoDB",OpenJS Node.js Application Developer (JAD),86,Strong Candidate,RES-0686_Zoe_Taylor.pdf
RES-0687,Aarav Hernandez,Data Scientist & AI/ML Engineer,AI / ML,3,aarav.hernandez265@example.com,+1 (883) 924-2077,"Toronto, Canada",National University of Singapore,B.Tech in Computer Science and Engineering,"Python, NLP, Pandas, MLOps, Scikit-Learn, Computer Vision, TensorFlow, PyTorch",DeepLearning.AI ML Specialization,71,Developing,RES-0687_Aarav_Hernandez.pdf
RES-0688,Mason Chen,Cloud & DevOps Solutions Architect,Cloud / DevOps,5,mason.chen401@example.com,+1 (301) 352-4543,"Chicago, IL",University of Waterloo,B.Tech in Computer Science and Engineering,"Docker, Linux, Grafana, Kubernetes, Terraform, Ansible, AWS",AWS Certified Solutions Architect - Professional,90,Mastered,RES-0688_Mason_Chen.pdf
RES-0689,Charlotte Smith,SQL & Data Platform Engineer,Data Engineering,4,charlotte.smith914@example.com,+1 (641) 876-3286,"San Francisco, CA",Massachusetts Institute of Technology (MIT),M.S. in Robotics and Autonomous Systems,"Snowflake, Apache Spark, PostgreSQL, dbt, Data Warehousing, Python, SQL, Airflow",Databricks Certified Data Engineer Associate,96,Mastered,RES-0689_Charlotte_Smith.pdf
RES-0690,Casey Tanaka,Cybersecurity & Security Operations Engineer,Cybersecurity,9,casey.tanaka124@example.com,+1 (285) 655-1367,"Amsterdam, Netherlands",Vellore Institute of Technology (VIT),B.E. in Information Technology,"OWASP Top 10, Penetration Testing, SOC, Wireshark, Splunk, SIEM",CompTIA Security+,97,Mastered,RES-0690_Casey_Tanaka.pdf
RES-0691,Aditi Harris,Frontend Performance Specialist,Frontend,1,aditi.harris186@example.com,+1 (263) 226-5251,"Amsterdam, Netherlands",University of Waterloo,B.S. in Cybersecurity and Information Assurance,"React, Performance Optimization, CSS3, Web Workers, WebGL, Vue.js, TypeScript, Three.js",Meta Front-End Professional,93,Mastered,RES-0691_Aditi_Harris.pdf
RES-0692,Sophia Lewis,Mobile Applications Engineer,Mobile,8,sophia.lewis696@example.com,+1 (633) 773-9268,"Boston, MA",IIIT Hyderabad,B.S. in Cybersecurity and Information Assurance,"State Management, Firebase, Mobile CI/CD, Flutter, React Native, Kotlin, Dart, Swift",Google Associate Android Developer,73,Developing,RES-0692_Sophia_Lewis.pdf
RES-0693,Riya Rodriguez,Java Enterprise & Distributed Systems Architect,Enterprise Systems,12,riya.rodriguez700@example.com,+1 (907) 766-4672,"Toronto, Canada",Georgia Institute of Technology,B.S. in Cybersecurity and Information Assurance,"Docker, Spring Boot, Microservices, Java 21, Kafka, PostgreSQL, gRPC",Spring Certified Professional,84,Strong Candidate,RES-0693_Riya_Rodriguez.pdf
RES-0694,Evelyn Chopra,Embedded Systems & IoT Firmware Engineer,Hardware / IoT,6,evelyn.chopra76@example.com,+1 (654) 211-3505,"Amsterdam, Netherlands",University of Illinois Urbana-Champaign,B.S. in Computer Science,"ARM Cortex, PCB Debugging, I2C/SPI/UART, Python, FreeRTOS, MQTT, C/C++",Arm Accredited Engineer (AAE),96,Mastered,RES-0694_Evelyn_Chopra.pdf
RES-0695,Lily Kapoor,Blockchain & Smart Contract Engineer,Web3 / Blockchain,8,lily.kapoor274@example.com,+1 (604) 691-3479,"Denver, CO",ETH Zurich,B.S. in Computer Science,"Rust, Ethereum, Solidity, Smart Contract Security, Web3.js, IPFS",Certified Ethereum Developer,91,Mastered,RES-0695_Lily_Kapoor.pdf
RES-0696,Mason Tanaka,Site Reliability Engineer (SRE),DevOps / Reliability,5,mason.tanaka10@example.com,+1 (549) 391-5073,"New York, NY",University of Washington,M.S. in Electrical and Computer Engineering,"Incident Management, Terraform, Linux Kernel, Go, Python, OpenTelemetry, Kubernetes",Google Cloud Professional DevOps Engineer,95,Mastered,RES-0696_Mason_Tanaka.pdf
RES-0697,David Deshmukh,Python Backend Engineer,Backend,2,david.deshmukh306@example.com,+1 (480) 228-7822,"Zurich, Switzerland",UCLA,M.S. in Robotics and Autonomous Systems,"FastAPI, Django, Docker, REST APIs, Redis, Python, Celery, PostgreSQL",PCEP – Certified Entry-Level Python Programmer,76,Strong Candidate,RES-0697_David_Deshmukh.pdf
RES-0698,Mason White,Full Stack React & Node Developer,Full Stack,3,mason.white878@example.com,+1 (307) 431-6348,"Stockholm, Sweden",Delhi Technological University (DTU),B.S. in Cybersecurity and Information Assurance,"MongoDB, Next.js, Tailwind CSS, GraphQL, TypeScript, Node.js, Express",OpenJS Node.js Application Developer (JAD),78,Strong Candidate,RES-0698_Mason_White.pdf
RES-0699,Rahul Malhotra,Data Scientist & AI/ML Engineer,AI / ML,11,rahul.malhotra137@example.com,+1 (828) 338-3958,"New York, NY",Georgia Institute of Technology,M.S. in Robotics and Autonomous Systems,"Python, Pandas, LLMs, Computer Vision, Scikit-Learn, MLOps, PyTorch",DeepLearning.AI ML Specialization,75,Strong Candidate,RES-0699_Rahul_Malhotra.pdf
RES-0700,Mason Singhania,Cloud & DevOps Solutions Architect,Cloud / DevOps,5,mason.singhania673@example.com,+1 (328) 302-9432,"Dublin, Ireland",Georgia Institute of Technology,M.S. in Electrical and Computer Engineering,"Ansible, AWS, Linux, Grafana, CI/CD, Terraform, Prometheus",Certified Kubernetes Administrator (CKA),93,Mastered,RES-0700_Mason_Singhania.pdf
RES-0701,Ella Robinson,SQL & Data Platform Engineer,Data Engineering,6,ella.robinson455@example.com,+1 (641) 709-7724,"New York, NY",National University of Singapore,B.S. in Cybersecurity and Information Assurance,"Kafka, Data Warehousing, Python, Snowflake, dbt, Airflow, Apache Spark",Snowflake SnowPro Core Certification,75,Strong Candidate,RES-0701_Ella_Robinson.pdf
RES-0702,Divya Miller,Cybersecurity & Security Operations Engineer,Cybersecurity,7,divya.miller828@example.com,+1 (614) 590-3143,"Bengaluru, India",Harvard University,M.S. in Electrical and Computer Engineering,"OWASP Top 10, Python, Penetration Testing, Wireshark, SOC, SIEM",CompTIA Security+,81,Strong Candidate,RES-0702_Divya_Miller.pdf
RES-0703,Ishaan Deshmukh,Frontend Performance Specialist,Frontend,6,ishaan.deshmukh682@example.com,+1 (685) 518-7573,"Boston, MA",University of Illinois Urbana-Champaign,B.S. in Computer Science,"Vue.js, CSS3, Web Workers, TypeScript, Three.js, React",Meta Front-End Professional,83,Strong Candidate,RES-0703_Ishaan_Deshmukh.pdf
RES-0704,Aditya Sanchez,Mobile Applications Engineer,Mobile,10,aditya.sanchez140@example.com,+1 (400) 281-3832,"Dublin, Ireland",University of Toronto,M.S. in Electrical and Computer Engineering,"Kotlin, Swift, Dart, Mobile CI/CD, React Native, Flutter",iOS App Development Certificate,78,Strong Candidate,RES-0704_Aditya_Sanchez.pdf
RES-0705,Isabella Moore,Java Enterprise & Distributed Systems Architect,Enterprise Systems,1,isabella.moore364@example.com,+1 (913) 802-7322,"Amsterdam, Netherlands",University of Washington,M.S. in Robotics and Autonomous Systems,"Microservices, gRPC, Docker, Hibernate, Spring Boot, Kafka, Java 21, PostgreSQL",Oracle Certified Professional: Java SE Developer,76,Strong Candidate,RES-0705_Isabella_Moore.pdf
RES-0706,Evelyn Bose,Embedded Systems & IoT Firmware Engineer,Hardware / IoT,12,evelyn.bose386@example.com,+1 (492) 867-8654,"Toronto, Canada",IIT Madras,M.S. in Software Engineering,"Embedded Linux, Python, PCB Debugging, I2C/SPI/UART, ARM Cortex, MQTT",Embedded Linux Developer Certificate,88,Mastered,RES-0706_Evelyn_Bose.pdf
RES-0707,Sophia Perez,Blockchain & Smart Contract Engineer,Web3 / Blockchain,11,sophia.perez183@example.com,+1 (231) 396-9829,"Zurich, Switzerland",TUM Munich,M.S. in Software Engineering,"Web3.js, Smart Contract Security, Solidity, Ethers.js, IPFS, Hardhat, Rust",Certified Ethereum Developer,78,Strong Candidate,RES-0707_Sophia_Perez.pdf
RES-0708,Yash Thompson,Site Reliability Engineer (SRE),DevOps / Reliability,4,yash.thompson859@example.com,+1 (348) 473-4759,"Toronto, Canada",Stanford University,B.E. in Information Technology,"Python, Chaos Engineering, Go, OpenTelemetry, Terraform, Linux Kernel, Kubernetes, Incident Management",Google Cloud Professional DevOps Engineer,69,Developing,RES-0708_Yash_Thompson.pdf
RES-0709,Simran Brown,Python Backend Engineer,Backend,10,simran.brown849@example.com,+1 (747) 570-2080,"Chicago, IL",University of Toronto,M.Tech in Data Science & Artificial Intelligence,"FastAPI, Python, Docker, Celery, Django, AWS, Redis, REST APIs",AWS Certified Developer - Associate,96,Mastered,RES-0709_Simran_Brown.pdf
RES-0710,Matthew Reddy,Full Stack React & Node Developer,Full Stack,2,matthew.reddy323@example.com,+1 (522) 692-3176,"Chicago, IL",TUM Munich,B.E. in Information Technology,"Next.js, Express, TypeScript, React 18, GraphQL, Node.js",OpenJS Node.js Application Developer (JAD),86,Strong Candidate,RES-0710_Matthew_Reddy.pdf
RES-0711,Grace Smith,Data Scientist & AI/ML Engineer,AI / ML,2,grace.smith543@example.com,+1 (441) 443-2690,"Boston, MA",Stanford University,M.S. in Robotics and Autonomous Systems,"Scikit-Learn, TensorFlow, NLP, Computer Vision, Python, PyTorch",TensorFlow Developer Certificate,96,Mastered,RES-0711_Grace_Smith.pdf
RES-0712,Aarav Verma,Cloud & DevOps Solutions Architect,Cloud / DevOps,7,aarav.verma74@example.com,+1 (908) 734-7323,"Tokyo, Japan",Carnegie Mellon University,B.S. in Cybersecurity and Information Assurance,"Linux, Ansible, Prometheus, Docker, AWS, CI/CD",HashiCorp Certified: Terraform Associate,96,Mastered,RES-0712_Aarav_Verma.pdf
RES-0713,Noah Rodriguez,SQL & Data Platform Engineer,Data Engineering,10,noah.rodriguez960@example.com,+1 (526) 865-4997,"Seattle, WA",Imperial College London,B.Tech in Computer Science and Engineering,"SQL, Snowflake, Apache Spark, Python, Kafka, dbt, Airflow",Databricks Certified Data Engineer Associate,79,Strong Candidate,RES-0713_Noah_Rodriguez.pdf
RES-0714,Amelia Lopez,Cybersecurity & Security Operations Engineer,Cybersecurity,2,amelia.lopez985@example.com,+1 (960) 802-7212,"Tokyo, Japan",Stanford University,M.S. in Electrical and Computer Engineering,"OWASP Top 10, Network Security, Python, SOC, Wireshark, Splunk",CompTIA Security+,90,Mastered,RES-0714_Amelia_Lopez.pdf
RES-0715,William Rodriguez,Frontend Performance Specialist,Frontend,7,william.rodriguez11@example.com,+1 (657) 754-6307,"Austin, TX",UCLA,B.E. in Information Technology,"TypeScript, Vue.js, Three.js, React, WebGL, Web Workers",Google Mobile Web Specialist,87,Strong Candidate,RES-0715_William_Rodriguez.pdf
RES-0716,Oliver Dubois,Mobile Applications Engineer,Mobile,9,oliver.dubois25@example.com,+1 (740) 439-9846,"Sydney, Australia",University of Waterloo,B.S. in Computer Science,"State Management, Mobile CI/CD, Kotlin, Flutter, React Native, Firebase, Dart, Swift",Google Associate Android Developer,98,Mastered,RES-0716_Oliver_Dubois.pdf
RES-0717,Jordan Kapoor,Java Enterprise & Distributed Systems Architect,Enterprise Systems,11,jordan.kapoor451@example.com,+1 (918) 982-6873,"Tokyo, Japan",University of Illinois Urbana-Champaign,M.S. in Software Engineering,"Java 21, Docker, Hibernate, Microservices, Spring Boot, gRPC",Spring Certified Professional,89,Mastered,RES-0717_Jordan_Kapoor.pdf
RES-0718,Riley Perez,Embedded Systems & IoT Firmware Engineer,Hardware / IoT,2,riley.perez313@example.com,+1 (594) 816-4029,"Seattle, WA",National University of Singapore,M.S. in Software Engineering,"PCB Debugging, Embedded Linux, ARM Cortex, FreeRTOS, Python, C/C++, MQTT, I2C/SPI/UART",Embedded Linux Developer Certificate,76,Strong Candidate,RES-0718_Riley_Perez.pdf
RES-0719,Pat Gupta,Blockchain & Smart Contract Engineer,Web3 / Blockchain,8,pat.gupta853@example.com,+1 (766) 554-5811,Singapore,University of Oxford,B.Tech in Computer Science and Engineering,"Ethereum, Solidity, Ethers.js, Rust, Web3.js, Hardhat, Smart Contract Security, IPFS",Certified Ethereum Developer,82,Strong Candidate,RES-0719_Pat_Gupta.pdf
RES-0720,Sophia Brown,Site Reliability Engineer (SRE),DevOps / Reliability,9,sophia.brown857@example.com,+1 (339) 485-8700,"Bengaluru, India",University of Washington,M.S. in Software Engineering,"Chaos Engineering, Go, Terraform, Incident Management, OpenTelemetry, Kubernetes, Linux Kernel, Python",Google Cloud Professional DevOps Engineer,68,Developing,RES-0720_Sophia_Brown.pdf
RES-0721,Ishaan Iyer,Python Backend Engineer,Backend,2,ishaan.iyer70@example.com,+1 (559) 775-1966,"Seattle, WA",Stanford University,M.S. in Electrical and Computer Engineering,"FastAPI, AWS, Django, REST APIs, PostgreSQL, Python, Celery",AWS Certified Developer - Associate,69,Developing,RES-0721_Ishaan_Iyer.pdf
RES-0722,Hannah Iyer,Full Stack React & Node Developer,Full Stack,1,hannah.iyer839@example.com,+1 (640) 807-6143,"San Francisco, CA",National University of Singapore,M.S. in Robotics and Autonomous Systems,"TypeScript, Next.js, MongoDB, Node.js, Tailwind CSS, Express, GraphQL, React 18",Meta Certified Front-End Developer,95,Mastered,RES-0722_Hannah_Iyer.pdf
RES-0723,Mason Gonzalez,Data Scientist & AI/ML Engineer,AI / ML,2,mason.gonzalez144@example.com,+1 (809) 463-5571,"Chicago, IL",TUM Munich,B.S. in Cybersecurity and Information Assurance,"LLMs, TensorFlow, Scikit-Learn, PyTorch, MLOps, Python, Computer Vision, NLP",TensorFlow Developer Certificate,75,Strong Candidate,RES-0723_Mason_Gonzalez.pdf
RES-0724,Emma Iyer,Cloud & DevOps Solutions Architect,Cloud / DevOps,5,emma.iyer489@example.com,+1 (503) 418-6897,"Tokyo, Japan",University of Oxford,M.Tech in Data Science & Artificial Intelligence,"Grafana, AWS, Docker, Terraform, CI/CD, Linux",AWS Certified Solutions Architect - Professional,85,Strong Candidate,RES-0724_Emma_Iyer.pdf
RES-0725,Sebastian Johnson,SQL & Data Platform Engineer,Data Engineering,3,sebastian.johnson335@example.com,+1 (433) 591-5881,"Zurich, Switzerland",University of Oxford,B.Tech in Computer Science and Engineering,"Python, Airflow, Kafka, PostgreSQL, dbt, Snowflake, Apache Spark",Databricks Certified Data Engineer Associate,87,Strong Candidate,RES-0725_Sebastian_Johnson.pdf
RES-0726,Vikram Harris,Cybersecurity & Security Operations Engineer,Cybersecurity,1,vikram.harris969@example.com,+1 (541) 984-6317,"Austin, TX",Delhi Technological University (DTU),M.S. in Robotics and Autonomous Systems,"SIEM, Python, Wireshark, SOC, Splunk, OWASP Top 10, Penetration Testing, Network Security",Certified Ethical Hacker (CEH),93,Mastered,RES-0726_Vikram_Harris.pdf
RES-0727,Harper Singhania,Frontend Performance Specialist,Frontend,11,harper.singhania975@example.com,+1 (655) 898-7374,"New York, NY",IIT Delhi,M.S. in Software Engineering,"Web Workers, React, Vue.js, CSS3, TypeScript, Three.js, WebGL",Google Mobile Web Specialist,95,Mastered,RES-0727_Harper_Singhania.pdf
RES-0728,Chloe Kulkarni,Mobile Applications Engineer,Mobile,2,chloe.kulkarni841@example.com,+1 (916) 251-2293,"Toronto, Canada",IIT Madras,M.S. in Electrical and Computer Engineering,"Firebase, Mobile CI/CD, State Management, Kotlin, React Native, Dart",iOS App Development Certificate,95,Mastered,RES-0728_Chloe_Kulkarni.pdf
RES-0729,Pat Martin,Java Enterprise & Distributed Systems Architect,Enterprise Systems,11,pat.martin619@example.com,+1 (763) 250-6797,"Dublin, Ireland",Delhi Technological University (DTU),M.S. in Electrical and Computer Engineering,"Spring Boot, Java 21, Docker, Kafka, Microservices, Hibernate",Oracle Certified Professional: Java SE Developer,98,Mastered,RES-0729_Pat_Martin.pdf
RES-0730,Vikram Watanabe,Embedded Systems & IoT Firmware Engineer,Hardware / IoT,12,vikram.watanabe229@example.com,+1 (638) 246-9298,"Stockholm, Sweden",UC Berkeley,B.E. in Information Technology,"Embedded Linux, Python, I2C/SPI/UART, FreeRTOS, PCB Debugging, MQTT, ARM Cortex",Embedded Linux Developer Certificate,81,Strong Candidate,RES-0730_Vikram_Watanabe.pdf
RES-0731,Riya Clark,Blockchain & Smart Contract Engineer,Web3 / Blockchain,10,riya.clark973@example.com,+1 (791) 213-1314,"Zurich, Switzerland",TUM Munich,B.S. in Cybersecurity and Information Assurance,"IPFS, Web3.js, Hardhat, Smart Contract Security, Ethereum, Solidity",Certified Ethereum Developer,77,Strong Candidate,RES-0731_Riya_Clark.pdf
RES-0732,Aiden Deshmukh,Site Reliability Engineer (SRE),DevOps / Reliability,7,aiden.deshmukh996@example.com,+1 (583) 430-1336,"San Francisco, CA",University of Toronto,M.S. in Robotics and Autonomous Systems,"Incident Management, Kubernetes, Go, Python, Chaos Engineering, Terraform",Google Cloud Professional DevOps Engineer,77,Strong Candidate,RES-0732_Aiden_Deshmukh.pdf
RES-0733,Morgan Martin,Python Backend Engineer,Backend,11,morgan.martin560@example.com,+1 (460) 388-2001,"Bengaluru, India",BITS Pilani,M.S. in Software Engineering,"Docker, FastAPI, Python, Celery, AWS, Redis, Django",PCEP – Certified Entry-Level Python Programmer,75,Strong Candidate,RES-0733_Morgan_Martin.pdf
RES-0734,Aditi Chopra,Full Stack React & Node Developer,Full Stack,8,aditi.chopra917@example.com,+1 (319) 290-7291,"Zurich, Switzerland",Imperial College London,M.Tech in Data Science & Artificial Intelligence,"Next.js, Tailwind CSS, Node.js, Express, MongoDB, GraphQL",OpenJS Node.js Application Developer (JAD),80,Strong Candidate,RES-0734_Aditi_Chopra.pdf
RES-0735,Pooja Jones,Data Scientist & AI/ML Engineer,AI / ML,12,pooja.jones986@example.com,+1 (446) 629-3935,"San Francisco, CA",University of Toronto,M.S. in Software Engineering,"TensorFlow, PyTorch, LLMs, Scikit-Learn, Pandas, Python, Computer Vision, NLP",TensorFlow Developer Certificate,81,Strong Candidate,RES-0735_Pooja_Jones.pdf
RES-0736,Sophia Gupta,Cloud & DevOps Solutions Architect,Cloud / DevOps,6,sophia.gupta672@example.com,+1 (822) 942-3800,"Seattle, WA",Purdue University,B.S. in Computer Science,"AWS, Prometheus, CI/CD, Linux, Docker, Ansible, Grafana",HashiCorp Certified: Terraform Associate,86,Strong Candidate,RES-0736_Sophia_Gupta.pdf
RES-0737,Hannah Deshmukh,SQL & Data Platform Engineer,Data Engineering,9,hannah.deshmukh491@example.com,+1 (371) 920-2543,"Zurich, Switzerland",Harvard University,B.Tech in Computer Science and Engineering,"dbt, Python, Airflow, Kafka, Data Warehousing, Apache Spark, PostgreSQL",Databricks Certified Data Engineer Associate,95,Mastered,RES-0737_Hannah_Deshmukh.pdf
RES-0738,Rahul Menon,Cybersecurity & Security Operations Engineer,Cybersecurity,3,rahul.menon108@example.com,+1 (726) 341-3754,"Chicago, IL",Massachusetts Institute of Technology (MIT),B.Tech in Computer Science and Engineering,"Wireshark, SOC, Splunk, Python, OWASP Top 10, Penetration Testing",CompTIA Security+,97,Mastered,RES-0738_Rahul_Menon.pdf
RES-0739,Harsh Chatterjee,Frontend Performance Specialist,Frontend,10,harsh.chatterjee122@example.com,+1 (267) 631-6896,"Dublin, Ireland",Harvard University,M.Tech in Data Science & Artificial Intelligence,"TypeScript, React, CSS3, Performance Optimization, Web Workers, Three.js",Google Mobile Web Specialist,75,Strong Candidate,RES-0739_Harsh_Chatterjee.pdf
RES-0740,Divya Singhania,Mobile Applications Engineer,Mobile,2,divya.singhania208@example.com,+1 (242) 995-3140,"Denver, CO",University of Oxford,B.S. in Cybersecurity and Information Assurance,"Kotlin, Swift, Dart, Flutter, State Management, Firebase, Mobile CI/CD",iOS App Development Certificate,72,Developing,RES-0740_Divya_Singhania.pdf
RES-0741,Kavya Joshi,Java Enterprise & Distributed Systems Architect,Enterprise Systems,11,kavya.joshi33@example.com,+1 (867) 365-2468,"Sydney, Australia",University of Waterloo,B.S. in Computer Science,"Java 21, Docker, Spring Boot, Hibernate, PostgreSQL, gRPC, Microservices, Kafka",Oracle Certified Professional: Java SE Developer,93,Mastered,RES-0741_Kavya_Joshi.pdf
RES-0742,Olivia Malhotra,Embedded Systems & IoT Firmware Engineer,Hardware / IoT,6,olivia.malhotra439@example.com,+1 (698) 214-9209,"New York, NY",University of Washington,B.S. in Cybersecurity and Information Assurance,"PCB Debugging, ARM Cortex, C/C++, Python, Embedded Linux, FreeRTOS, MQTT",Arm Accredited Engineer (AAE),92,Mastered,RES-0742_Olivia_Malhotra.pdf
RES-0743,Benjamin Martinez,Blockchain & Smart Contract Engineer,Web3 / Blockchain,4,benjamin.martinez681@example.com,+1 (237) 651-8069,"Zurich, Switzerland",NIT Trichy,B.E. in Information Technology,"Hardhat, Ethers.js, Smart Contract Security, Ethereum, Solidity, Rust, IPFS, Web3.js",Blockchain Council Certified Smart Contract Developer,76,Strong Candidate,RES-0743_Benjamin_Martinez.pdf
RES-0744,Ava Dubois,Site Reliability Engineer (SRE),DevOps / Reliability,12,ava.dubois430@example.com,+1 (881) 340-6628,"Amsterdam, Netherlands",National University of Singapore,M.S. in Electrical and Computer Engineering,"Go, Chaos Engineering, Incident Management, OpenTelemetry, Linux Kernel, Kubernetes",Google Cloud Professional DevOps Engineer,74,Developing,RES-0744_Ava_Dubois.pdf
RES-0745,Ella Lopez,Python Backend Engineer,Backend,3,ella.lopez834@example.com,+1 (445) 337-5615,"Tokyo, Japan",Vellore Institute of Technology (VIT),M.S. in Electrical and Computer Engineering,"PostgreSQL, AWS, FastAPI, Django, Celery, Python, Docker, REST APIs",AWS Certified Developer - Associate,79,Strong Candidate,RES-0745_Ella_Lopez.pdf
RES-0746,Hannah Bhat,Full Stack React & Node Developer,Full Stack,6,hannah.bhat755@example.com,+1 (599) 906-5400,"Chicago, IL",University of Illinois Urbana-Champaign,M.S. in Robotics and Autonomous Systems,"Next.js, Tailwind CSS, MongoDB, Node.js, TypeScript, Express, React 18, GraphQL",OpenJS Node.js Application Developer (JAD),74,Developing,RES-0746_Hannah_Bhat.pdf
RES-0747,Amelia Kapoor,Data Scientist & AI/ML Engineer,AI / ML,1,amelia.kapoor90@example.com,+1 (381) 551-5678,Singapore,IIIT Hyderabad,B.Tech in Computer Science and Engineering,"NLP, PyTorch, Computer Vision, TensorFlow, MLOps, Scikit-Learn, Pandas, Python",AWS Certified Machine Learning - Specialty,95,Mastered,RES-0747_Amelia_Kapoor.pdf
RES-0748,Liam Sharma,Cloud & DevOps Solutions Architect,Cloud / DevOps,12,liam.sharma474@example.com,+1 (482) 339-4925,Singapore,National University of Singapore,B.S. in Computer Science,"CI/CD, AWS, Prometheus, Terraform, Linux, Kubernetes",AWS Certified Solutions Architect - Professional,75,Strong Candidate,RES-0748_Liam_Sharma.pdf
RES-0749,Oliver Jones,SQL & Data Platform Engineer,Data Engineering,11,oliver.jones116@example.com,+1 (897) 218-1491,"Amsterdam, Netherlands",University of Waterloo,B.S. in Computer Science,"Snowflake, SQL, PostgreSQL, Data Warehousing, Python, dbt, Kafka",Databricks Certified Data Engineer Associate,76,Strong Candidate,RES-0749_Oliver_Jones.pdf
RES-0750,Ethan Weber,Cybersecurity & Security Operations Engineer,Cybersecurity,2,ethan.weber706@example.com,+1 (866) 895-9160,"New York, NY",IIT Madras,M.S. in Robotics and Autonomous Systems,"SIEM, Python, Wireshark, Network Security, Penetration Testing, OWASP Top 10",CompTIA Security+,89,Mastered,RES-0750_Ethan_Weber.pdf
RES-0751,Deepika Taylor,Frontend Performance Specialist,Frontend,5,deepika.taylor202@example.com,+1 (399) 679-1055,"Austin, TX",Delhi Technological University (DTU),B.Tech in Computer Science and Engineering,"Web Workers, Performance Optimization, React, WebGL, TypeScript, Three.js, CSS3, Vue.js",Google Mobile Web Specialist,78,Strong Candidate,RES-0751_Deepika_Taylor.pdf
RES-0752,Hannah Menon,Mobile Applications Engineer,Mobile,10,hannah.menon877@example.com,+1 (399) 322-7970,"San Francisco, CA",BITS Pilani,B.E. in Information Technology,"Dart, Mobile CI/CD, State Management, Swift, Flutter, Firebase, Kotlin, React Native",Google Associate Android Developer,97,Mastered,RES-0752_Hannah_Menon.pdf
RES-0753,Ananya Lewis,Java Enterprise & Distributed Systems Architect,Enterprise Systems,6,ananya.lewis670@example.com,+1 (390) 789-8940,"Pune, India",Princeton University,M.S. in Software Engineering,"PostgreSQL, Docker, gRPC, Spring Boot, Hibernate, Java 21, Microservices, Kafka",Spring Certified Professional,95,Mastered,RES-0753_Ananya_Lewis.pdf
RES-0754,Pranav Deshmukh,Embedded Systems & IoT Firmware Engineer,Hardware / IoT,4,pranav.deshmukh720@example.com,+1 (427) 562-4694,"Boston, MA",ETH Zurich,B.S. in Cybersecurity and Information Assurance,"C/C++, ARM Cortex, PCB Debugging, Python, MQTT, FreeRTOS, Embedded Linux",Arm Accredited Engineer (AAE),69,Developing,RES-0754_Pranav_Deshmukh.pdf
RES-0755,Taylor Sharma,Blockchain & Smart Contract Engineer,Web3 / Blockchain,6,taylor.sharma513@example.com,+1 (327) 359-7495,"Austin, TX",University of Washington,M.Tech in Data Science & Artificial Intelligence,"Ethereum, Web3.js, Solidity, Hardhat, Ethers.js, Smart Contract Security, Rust, IPFS",Blockchain Council Certified Smart Contract Developer,72,Developing,RES-0755_Taylor_Sharma.pdf
RES-0756,Daniel Chen,Site Reliability Engineer (SRE),DevOps / Reliability,5,daniel.chen739@example.com,+1 (720) 217-2738,"Stockholm, Sweden",IIT Bombay,B.E. in Information Technology,"Kubernetes, Incident Management, Terraform, Python, Chaos Engineering, Linux Kernel, OpenTelemetry, Go",Certified Kubernetes Security Specialist (CKS),95,Mastered,RES-0756_Daniel_Chen.pdf
RES-0757,Mia Iyer,Python Backend Engineer,Backend,5,mia.iyer885@example.com,+1 (863) 317-9709,"New York, NY",Vellore Institute of Technology (VIT),B.S. in Cybersecurity and Information Assurance,"FastAPI, PostgreSQL, Python, REST APIs, Django, AWS, Redis",PCEP – Certified Entry-Level Python Programmer,80,Strong Candidate,RES-0757_Mia_Iyer.pdf
RES-0758,Neha Thompson,Full Stack React & Node Developer,Full Stack,10,neha.thompson813@example.com,+1 (493) 879-7542,"Pune, India",Vellore Institute of Technology (VIT),M.S. in Robotics and Autonomous Systems,"Tailwind CSS, GraphQL, Node.js, Express, React 18, TypeScript",OpenJS Node.js Application Developer (JAD),91,Mastered,RES-0758_Neha_Thompson.pdf
RES-0759,Ethan Iyer,Data Scientist & AI/ML Engineer,AI / ML,7,ethan.iyer89@example.com,+1 (779) 984-6606,"Toronto, Canada",Stanford University,B.E. in Information Technology,"PyTorch, Computer Vision, NLP, LLMs, MLOps, TensorFlow, Pandas, Scikit-Learn",AWS Certified Machine Learning - Specialty,89,Mastered,RES-0759_Ethan_Iyer.pdf
RES-0760,Aditi Iyer,Cloud & DevOps Solutions Architect,Cloud / DevOps,12,aditi.iyer647@example.com,+1 (867) 708-2574,"Boston, MA",IIT Bombay,B.S. in Computer Science,"Docker, Grafana, CI/CD, Linux, Prometheus, Ansible",Certified Kubernetes Administrator (CKA),75,Strong Candidate,RES-0760_Aditi_Iyer.pdf
RES-0761,Alex Müller,SQL & Data Platform Engineer,Data Engineering,11,alex.müller626@example.com,+1 (988) 389-3160,"Tokyo, Japan",Vellore Institute of Technology (VIT),B.S. in Cybersecurity and Information Assurance,"Kafka, Python, SQL, Airflow, dbt, Snowflake, PostgreSQL",Snowflake SnowPro Core Certification,74,Developing,RES-0761_Alex_Müller.pdf
RES-0762,Ananya Thompson,Cybersecurity & Security Operations Engineer,Cybersecurity,4,ananya.thompson698@example.com,+1 (942) 792-6486,"Bengaluru, India",IIT Bombay,B.S. in Computer Science,"Splunk, Penetration Testing, SIEM, OWASP Top 10, Network Security, SOC",Certified Ethical Hacker (CEH),98,Mastered,RES-0762_Ananya_Thompson.pdf
RES-0763,Ella Martin,Frontend Performance Specialist,Frontend,8,ella.martin415@example.com,+1 (513) 516-9925,"Sydney, Australia",University of Cambridge,B.S. in Cybersecurity and Information Assurance,"CSS3, Vue.js, TypeScript, WebGL, React, Three.js, Performance Optimization, Web Workers",Google Mobile Web Specialist,83,Strong Candidate,RES-0763_Ella_Martin.pdf
RES-0764,Olivia Patel,Mobile Applications Engineer,Mobile,7,olivia.patel612@example.com,+1 (956) 595-5462,"Dublin, Ireland",University of Toronto,M.S. in Software Engineering,"Firebase, Dart, Kotlin, Swift, Mobile CI/CD, State Management",Google Associate Android Developer,84,Strong Candidate,RES-0764_Olivia_Patel.pdf
RES-0765,Daniel Martin,Java Enterprise & Distributed Systems Architect,Enterprise Systems,4,daniel.martin433@example.com,+1 (890) 411-7988,"Berlin, Germany",University of Oxford,B.S. in Computer Science,"PostgreSQL, Hibernate, Kafka, Microservices, Docker, Spring Boot, gRPC, Java 21",Spring Certified Professional,80,Strong Candidate,RES-0765_Daniel_Martin.pdf
RES-0766,Jackson Zhang,Embedded Systems & IoT Firmware Engineer,Hardware / IoT,5,jackson.zhang627@example.com,+1 (803) 450-4972,"London, UK",University of Cambridge,M.S. in Robotics and Autonomous Systems,"PCB Debugging, FreeRTOS, C/C++, MQTT, Embedded Linux, I2C/SPI/UART, Python",Arm Accredited Engineer (AAE),71,Developing,RES-0766_Jackson_Zhang.pdf
RES-0767,Mia Smith,Blockchain & Smart Contract Engineer,Web3 / Blockchain,1,mia.smith116@example.com,+1 (208) 978-8299,"Boston, MA",Carnegie Mellon University,M.S. in Software Engineering,"Smart Contract Security, Ethereum, IPFS, Ethers.js, Web3.js, Solidity",Blockchain Council Certified Smart Contract Developer,69,Developing,RES-0767_Mia_Smith.pdf
RES-0768,Mia Sharma,Site Reliability Engineer (SRE),DevOps / Reliability,7,mia.sharma53@example.com,+1 (509) 484-8091,"Berlin, Germany",IIT Bombay,B.S. in Computer Science,"Go, Terraform, Linux Kernel, Python, Kubernetes, Incident Management",Certified Kubernetes Security Specialist (CKS),86,Strong Candidate,RES-0768_Mia_Sharma.pdf
RES-0769,Meera Rao,Python Backend Engineer,Backend,10,meera.rao703@example.com,+1 (682) 202-8049,"Seattle, WA",UC Berkeley,M.Tech in Data Science & Artificial Intelligence,"AWS, Redis, FastAPI, Django, Docker, PostgreSQL, Celery",AWS Certified Developer - Associate,74,Developing,RES-0769_Meera_Rao.pdf
RES-0770,Mason Smith,Full Stack React & Node Developer,Full Stack,4,mason.smith965@example.com,+1 (886) 958-3223,"New York, NY",University of Cambridge,M.Tech in Data Science & Artificial Intelligence,"Next.js, Express, TypeScript, React 18, GraphQL, Tailwind CSS",Meta Certified Front-End Developer,85,Strong Candidate,RES-0770_Mason_Smith.pdf
RES-0771,Arjun Singhania,Data Scientist & AI/ML Engineer,AI / ML,10,arjun.singhania734@example.com,+1 (344) 782-5597,"Zurich, Switzerland",IIT Bombay,B.Tech in Computer Science and Engineering,"PyTorch, MLOps, Scikit-Learn, TensorFlow, Python, Computer Vision, LLMs, NLP",TensorFlow Developer Certificate,73,Developing,RES-0771_Arjun_Singhania.pdf
RES-0772,Ella Robinson,Cloud & DevOps Solutions Architect,Cloud / DevOps,3,ella.robinson976@example.com,+1 (487) 632-7403,"Toronto, Canada",UCLA,M.S. in Robotics and Autonomous Systems,"Docker, Linux, Kubernetes, CI/CD, Grafana, Prometheus",AWS Certified Solutions Architect - Professional,75,Strong Candidate,RES-0772_Ella_Robinson.pdf
RES-0773,Rohan Jones,SQL & Data Platform Engineer,Data Engineering,2,rohan.jones212@example.com,+1 (459) 618-8675,"Tokyo, Japan",Vellore Institute of Technology (VIT),B.S. in Computer Science,"Kafka, PostgreSQL, dbt, Data Warehousing, Apache Spark, SQL, Snowflake",Databricks Certified Data Engineer Associate,69,Developing,RES-0773_Rohan_Jones.pdf
RES-0774,Alex Tanaka,Cybersecurity & Security Operations Engineer,Cybersecurity,3,alex.tanaka187@example.com,+1 (436) 952-5232,"Chicago, IL",Stanford University,M.Tech in Data Science & Artificial Intelligence,"Penetration Testing, SIEM, Splunk, Wireshark, SOC, Python, OWASP Top 10, Network Security",CompTIA Security+,94,Mastered,RES-0774_Alex_Tanaka.pdf
RES-0775,Mason Chen,Frontend Performance Specialist,Frontend,12,mason.chen861@example.com,+1 (465) 876-9953,"Tokyo, Japan",TUM Munich,B.S. in Computer Science,"CSS3, Vue.js, Performance Optimization, WebGL, TypeScript, Web Workers, Three.js, React",Google Mobile Web Specialist,78,Strong Candidate,RES-0775_Mason_Chen.pdf
RES-0776,Tanvi Takahashi,Mobile Applications Engineer,Mobile,10,tanvi.takahashi963@example.com,+1 (265) 384-3548,"Toronto, Canada",Imperial College London,B.Tech in Computer Science and Engineering,"Firebase, Swift, Mobile CI/CD, Kotlin, React Native, State Management, Dart, Flutter",Google Associate Android Developer,70,Developing,RES-0776_Tanvi_Takahashi.pdf
RES-0777,Rahul Malhotra,Java Enterprise & Distributed Systems Architect,Enterprise Systems,12,rahul.malhotra553@example.com,+1 (668) 725-1687,"Pune, India",Harvard University,M.S. in Electrical and Computer Engineering,"Java 21, PostgreSQL, gRPC, Kafka, Docker, Spring Boot, Microservices, Hibernate",Oracle Certified Professional: Java SE Developer,73,Developing,RES-0777_Rahul_Malhotra.pdf
RES-0778,Matthew Hernandez,Embedded Systems & IoT Firmware Engineer,Hardware / IoT,3,matthew.hernandez762@example.com,+1 (982) 312-9093,"Austin, TX",IIT Bombay,M.S. in Software Engineering,"MQTT, Embedded Linux, PCB Debugging, Python, ARM Cortex, C/C++, FreeRTOS",Arm Accredited Engineer (AAE),89,Mastered,RES-0778_Matthew_Hernandez.pdf
RES-0779,Charlotte Ramirez,Blockchain & Smart Contract Engineer,Web3 / Blockchain,12,charlotte.ramirez910@example.com,+1 (861) 591-4151,"Hyderabad, India",Harvard University,B.Tech in Computer Science and Engineering,"Hardhat, Ethereum, IPFS, Web3.js, Smart Contract Security, Solidity",Blockchain Council Certified Smart Contract Developer,68,Developing,RES-0779_Charlotte_Ramirez.pdf
RES-0780,Sophia Sharma,Site Reliability Engineer (SRE),DevOps / Reliability,11,sophia.sharma890@example.com,+1 (583) 828-7185,"Denver, CO",UC Berkeley,M.S. in Electrical and Computer Engineering,"OpenTelemetry, Terraform, Incident Management, Linux Kernel, Chaos Engineering, Python, Go",Google Cloud Professional DevOps Engineer,97,Mastered,RES-0780_Sophia_Sharma.pdf
RES-0781,Aditya Lee,Python Backend Engineer,Backend,3,aditya.lee336@example.com,+1 (374) 363-6876,"Dublin, Ireland",ETH Zurich,B.Tech in Computer Science and Engineering,"Docker, FastAPI, REST APIs, Redis, Celery, Python, Django",PCEP – Certified Entry-Level Python Programmer,86,Strong Candidate,RES-0781_Aditya_Lee.pdf
RES-0782,Arjun Hernandez,Full Stack React & Node Developer,Full Stack,7,arjun.hernandez785@example.com,+1 (880) 917-7590,"Pune, India",University of Toronto,M.Tech in Data Science & Artificial Intelligence,"MongoDB, TypeScript, Next.js, Node.js, GraphQL, React 18",OpenJS Node.js Application Developer (JAD),71,Developing,RES-0782_Arjun_Hernandez.pdf
RES-0783,David Brown,Data Scientist & AI/ML Engineer,AI / ML,1,david.brown751@example.com,+1 (309) 428-9819,"New York, NY",IIIT Hyderabad,B.E. in Information Technology,"TensorFlow, PyTorch, Computer Vision, Pandas, Python, MLOps",TensorFlow Developer Certificate,90,Mastered,RES-0783_David_Brown.pdf
RES-0784,Divya Harris,Cloud & DevOps Solutions Architect,Cloud / DevOps,8,divya.harris167@example.com,+1 (645) 756-7834,"Amsterdam, Netherlands",University of Cambridge,B.S. in Cybersecurity and Information Assurance,"Kubernetes, Prometheus, Terraform, CI/CD, Ansible, AWS",Certified Kubernetes Administrator (CKA),82,Strong Candidate,RES-0784_Divya_Harris.pdf
RES-0785,Harsh Lee,SQL & Data Platform Engineer,Data Engineering,11,harsh.lee260@example.com,+1 (521) 733-6362,"Zurich, Switzerland",University of Cambridge,B.S. in Cybersecurity and Information Assurance,"Airflow, Apache Spark, SQL, dbt, Python, Data Warehousing, Kafka",Snowflake SnowPro Core Certification,68,Developing,RES-0785_Harsh_Lee.pdf
RES-0786,Evelyn Deshmukh,Cybersecurity & Security Operations Engineer,Cybersecurity,5,evelyn.deshmukh75@example.com,+1 (246) 491-3672,"Stockholm, Sweden",Imperial College London,M.Tech in Data Science & Artificial Intelligence,"SOC, Wireshark, OWASP Top 10, SIEM, Python, Splunk, Penetration Testing",CompTIA Security+,71,Developing,RES-0786_Evelyn_Deshmukh.pdf
RES-0787,Noah Verma,Frontend Performance Specialist,Frontend,1,noah.verma68@example.com,+1 (424) 642-7918,"Sydney, Australia",Harvard University,M.S. in Software Engineering,"Web Workers, React, CSS3, Performance Optimization, Vue.js, TypeScript",Meta Front-End Professional,76,Strong Candidate,RES-0787_Noah_Verma.pdf
RES-0788,Mia Watanabe,Mobile Applications Engineer,Mobile,9,mia.watanabe552@example.com,+1 (440) 763-1031,Singapore,ETH Zurich,M.S. in Software Engineering,"React Native, Firebase, Kotlin, Mobile CI/CD, Flutter, Swift, Dart, State Management",iOS App Development Certificate,89,Mastered,RES-0788_Mia_Watanabe.pdf
RES-0789,James Brown,Java Enterprise & Distributed Systems Architect,Enterprise Systems,6,james.brown844@example.com,+1 (695) 617-2364,"Denver, CO",Delhi Technological University (DTU),B.S. in Computer Science,"Microservices, Kafka, Docker, Java 21, Spring Boot, PostgreSQL, gRPC",Oracle Certified Professional: Java SE Developer,71,Developing,RES-0789_James_Brown.pdf
RES-0790,Yash Weber,Embedded Systems & IoT Firmware Engineer,Hardware / IoT,8,yash.weber530@example.com,+1 (948) 429-6723,"Bengaluru, India",Purdue University,B.S. in Computer Science,"C/C++, ARM Cortex, PCB Debugging, I2C/SPI/UART, MQTT, Python, FreeRTOS, Embedded Linux",Embedded Linux Developer Certificate,87,Strong Candidate,RES-0790_Yash_Weber.pdf
RES-0791,Pat Martin,Blockchain & Smart Contract Engineer,Web3 / Blockchain,9,pat.martin631@example.com,+1 (655) 619-2913,"Tokyo, Japan",Georgia Institute of Technology,B.S. in Computer Science,"Hardhat, Ethers.js, Web3.js, Ethereum, IPFS, Smart Contract Security, Rust",Certified Ethereum Developer,92,Mastered,RES-0791_Pat_Martin.pdf
RES-0792,Sophia Robinson,Site Reliability Engineer (SRE),DevOps / Reliability,6,sophia.robinson900@example.com,+1 (562) 788-2543,"Boston, MA",IIT Madras,M.S. in Robotics and Autonomous Systems,"Kubernetes, Linux Kernel, Terraform, Python, Incident Management, OpenTelemetry, Chaos Engineering, Go",Google Cloud Professional DevOps Engineer,72,Developing,RES-0792_Sophia_Robinson.pdf
RES-0793,Madison Taylor,Python Backend Engineer,Backend,10,madison.taylor443@example.com,+1 (804) 511-2031,"Tokyo, Japan",University of Waterloo,B.S. in Cybersecurity and Information Assurance,"AWS, REST APIs, Django, Docker, PostgreSQL, Celery",Docker Certified Associate,71,Developing,RES-0793_Madison_Taylor.pdf
RES-0794,Mason Martin,Full Stack React & Node Developer,Full Stack,4,mason.martin258@example.com,+1 (495) 669-9503,"Toronto, Canada",Princeton University,B.S. in Cybersecurity and Information Assurance,"TypeScript, Express, Node.js, Next.js, React 18, GraphQL, Tailwind CSS, MongoDB",Meta Certified Front-End Developer,71,Developing,RES-0794_Mason_Martin.pdf
RES-0795,Vikram Smith,Data Scientist & AI/ML Engineer,AI / ML,7,vikram.smith418@example.com,+1 (342) 669-1640,"Zurich, Switzerland",University of Washington,B.E. in Information Technology,"Python, TensorFlow, MLOps, NLP, Computer Vision, Pandas",DeepLearning.AI ML Specialization,78,Strong Candidate,RES-0795_Vikram_Smith.pdf
RES-0796,Ishaan Martinez,Cloud & DevOps Solutions Architect,Cloud / DevOps,10,ishaan.martinez692@example.com,+1 (753) 764-4882,"Stockholm, Sweden",National University of Singapore,M.S. in Robotics and Autonomous Systems,"Kubernetes, Prometheus, Docker, Linux, AWS, Ansible, Grafana, Terraform",AWS Certified Solutions Architect - Professional,88,Mastered,RES-0796_Ishaan_Martinez.pdf
RES-0797,James Verma,SQL & Data Platform Engineer,Data Engineering,9,james.verma943@example.com,+1 (566) 596-5796,"Austin, TX",UCLA,B.E. in Information Technology,"SQL, Airflow, dbt, Data Warehousing, Python, PostgreSQL, Snowflake",Databricks Certified Data Engineer Associate,88,Mastered,RES-0797_James_Verma.pdf
RES-0798,James Moore,Cybersecurity & Security Operations Engineer,Cybersecurity,5,james.moore391@example.com,+1 (904) 325-1779,"Pune, India",University of Cambridge,B.E. in Information Technology,"Penetration Testing, Wireshark, OWASP Top 10, SIEM, Network Security, Splunk, SOC",Offensive Security Certified Professional (OSCP),93,Mastered,RES-0798_James_Moore.pdf
RES-0799,Pat Malhotra,Frontend Performance Specialist,Frontend,3,pat.malhotra341@example.com,+1 (552) 825-8146,"Chicago, IL",ETH Zurich,M.S. in Electrical and Computer Engineering,"Vue.js, TypeScript, Three.js, Performance Optimization, CSS3, Web Workers",Google Mobile Web Specialist,85,Strong Candidate,RES-0799_Pat_Malhotra.pdf
RES-0800,Alexander Joshi,Mobile Applications Engineer,Mobile,7,alexander.joshi814@example.com,+1 (533) 581-4650,"Stockholm, Sweden",IIT Delhi,M.S. in Electrical and Computer Engineering,"Swift, React Native, Flutter, State Management, Firebase, Kotlin",iOS App Development Certificate,80,Strong Candidate,RES-0800_Alexander_Joshi.pdf
RES-0801,Pat Menon,Java Enterprise & Distributed Systems Architect,Enterprise Systems,11,pat.menon199@example.com,+1 (293) 269-8738,"Pune, India",Delhi Technological University (DTU),M.S. in Software Engineering,"Microservices, Kafka, gRPC, Hibernate, Spring Boot, PostgreSQL, Docker",Spring Certified Professional,72,Developing,RES-0801_Pat_Menon.pdf
RES-0802,Arjun Gupta,Embedded Systems & IoT Firmware Engineer,Hardware / IoT,6,arjun.gupta425@example.com,+1 (318) 714-6368,"Chicago, IL",University of Toronto,B.S. in Computer Science,"C/C++, MQTT, I2C/SPI/UART, Python, FreeRTOS, Embedded Linux, PCB Debugging",Embedded Linux Developer Certificate,77,Strong Candidate,RES-0802_Arjun_Gupta.pdf
RES-0803,Jacob Takahashi,Blockchain & Smart Contract Engineer,Web3 / Blockchain,8,jacob.takahashi551@example.com,+1 (949) 961-5846,"Austin, TX",Georgia Institute of Technology,B.S. in Computer Science,"Smart Contract Security, Rust, Ethereum, Web3.js, IPFS, Solidity, Hardhat, Ethers.js",Blockchain Council Certified Smart Contract Developer,95,Mastered,RES-0803_Jacob_Takahashi.pdf
RES-0804,Siddharth Deshmukh,Site Reliability Engineer (SRE),DevOps / Reliability,3,siddharth.deshmukh215@example.com,+1 (445) 859-9538,"Stockholm, Sweden",Massachusetts Institute of Technology (MIT),B.S. in Cybersecurity and Information Assurance,"Kubernetes, Terraform, Chaos Engineering, Go, Linux Kernel, Incident Management, Python, OpenTelemetry",Certified Kubernetes Security Specialist (CKS),82,Strong Candidate,RES-0804_Siddharth_Deshmukh.pdf
RES-0805,Evelyn Taylor,Python Backend Engineer,Backend,8,evelyn.taylor344@example.com,+1 (876) 417-6364,"Pune, India",Carnegie Mellon University,B.Tech in Computer Science and Engineering,"Docker, Celery, AWS, PostgreSQL, FastAPI, Django",PCEP – Certified Entry-Level Python Programmer,86,Strong Candidate,RES-0805_Evelyn_Taylor.pdf
RES-0806,Siddharth Martinez,Full Stack React & Node Developer,Full Stack,10,siddharth.martinez239@example.com,+1 (414) 605-3237,"Dublin, Ireland",University of Illinois Urbana-Champaign,B.E. in Information Technology,"Next.js, Node.js, React 18, GraphQL, Tailwind CSS, MongoDB, Express",Meta Certified Front-End Developer,94,Mastered,RES-0806_Siddharth_Martinez.pdf
RES-0807,Meera Smith,Data Scientist & AI/ML Engineer,AI / ML,7,meera.smith107@example.com,+1 (921) 287-9852,"Stockholm, Sweden",University of Cambridge,B.E. in Information Technology,"Computer Vision, NLP, Pandas, MLOps, LLMs, TensorFlow, Scikit-Learn",DeepLearning.AI ML Specialization,92,Mastered,RES-0807_Meera_Smith.pdf
RES-0808,Anjali Kapoor,Cloud & DevOps Solutions Architect,Cloud / DevOps,1,anjali.kapoor978@example.com,+1 (730) 959-2821,"Dublin, Ireland",IIT Bombay,M.S. in Software Engineering,"Ansible, Kubernetes, Grafana, Linux, Terraform, Prometheus, CI/CD, Docker",AWS Certified Solutions Architect - Professional,93,Mastered,RES-0808_Anjali_Kapoor.pdf
RES-0809,Taylor Dubois,SQL & Data Platform Engineer,Data Engineering,9,taylor.dubois282@example.com,+1 (411) 635-9132,"Bengaluru, India",Purdue University,B.S. in Cybersecurity and Information Assurance,"dbt, PostgreSQL, Apache Spark, Airflow, Kafka, Snowflake",Databricks Certified Data Engineer Associate,98,Mastered,RES-0809_Taylor_Dubois.pdf
RES-0810,Meera Clark,Cybersecurity & Security Operations Engineer,Cybersecurity,8,meera.clark21@example.com,+1 (223) 955-3734,"Austin, TX",IIIT Hyderabad,M.S. in Robotics and Autonomous Systems,"Penetration Testing, Wireshark, Network Security, Python, Splunk, SIEM, OWASP Top 10",CompTIA Security+,89,Mastered,RES-0810_Meera_Clark.pdf
RES-0811,Lucas Verma,Frontend Performance Specialist,Frontend,4,lucas.verma774@example.com,+1 (962) 324-2996,"Dublin, Ireland",Stanford University,B.S. in Computer Science,"Vue.js, Performance Optimization, Three.js, WebGL, CSS3, TypeScript, React, Web Workers",Google Mobile Web Specialist,95,Mastered,RES-0811_Lucas_Verma.pdf
RES-0812,Tanvi Singhania,Mobile Applications Engineer,Mobile,3,tanvi.singhania135@example.com,+1 (243) 490-6369,"New York, NY",IIT Madras,B.E. in Information Technology,"Mobile CI/CD, Flutter, React Native, Kotlin, Swift, State Management",iOS App Development Certificate,86,Strong Candidate,RES-0812_Tanvi_Singhania.pdf
RES-0813,Mia Brown,Java Enterprise & Distributed Systems Architect,Enterprise Systems,11,mia.brown371@example.com,+1 (447) 833-1988,"San Francisco, CA",University of Washington,M.S. in Electrical and Computer Engineering,"Spring Boot, Microservices, PostgreSQL, Docker, Kafka, Hibernate, Java 21",Oracle Certified Professional: Java SE Developer,93,Mastered,RES-0813_Mia_Brown.pdf
RES-0814,Sam Gupta,Embedded Systems & IoT Firmware Engineer,Hardware / IoT,1,sam.gupta398@example.com,+1 (497) 452-7437,"Stockholm, Sweden",TUM Munich,M.S. in Software Engineering,"Python, ARM Cortex, Embedded Linux, PCB Debugging, C/C++, MQTT",Embedded Linux Developer Certificate,84,Strong Candidate,RES-0814_Sam_Gupta.pdf
RES-0815,Alex Anderson,Blockchain & Smart Contract Engineer,Web3 / Blockchain,2,alex.anderson836@example.com,+1 (461) 462-2125,"Sydney, Australia",Carnegie Mellon University,B.Tech in Computer Science and Engineering,"Smart Contract Security, Ethereum, Web3.js, Rust, IPFS, Hardhat, Ethers.js, Solidity",Blockchain Council Certified Smart Contract Developer,72,Developing,RES-0815_Alex_Anderson.pdf
RES-0816,Riya Brown,Site Reliability Engineer (SRE),DevOps / Reliability,4,riya.brown18@example.com,+1 (470) 346-8972,"Sydney, Australia",IIT Bombay,B.S. in Cybersecurity and Information Assurance,"Python, Kubernetes, Incident Management, Terraform, Chaos Engineering, Linux Kernel, Go, OpenTelemetry",Google Cloud Professional DevOps Engineer,86,Strong Candidate,RES-0816_Riya_Brown.pdf
RES-0817,Michael Johnson,Python Backend Engineer,Backend,9,michael.johnson527@example.com,+1 (749) 981-5558,"Stockholm, Sweden",UCLA,M.S. in Robotics and Autonomous Systems,"Docker, FastAPI, Celery, AWS, REST APIs, Django, PostgreSQL",Docker Certified Associate,93,Mastered,RES-0817_Michael_Johnson.pdf
RES-0818,Noah Sanchez,Full Stack React & Node Developer,Full Stack,12,noah.sanchez132@example.com,+1 (308) 975-7287,"London, UK",IIT Madras,B.Tech in Computer Science and Engineering,"TypeScript, Next.js, Express, GraphQL, Tailwind CSS, MongoDB",OpenJS Node.js Application Developer (JAD),71,Developing,RES-0818_Noah_Sanchez.pdf
RES-0819,Isabella Singhania,Data Scientist & AI/ML Engineer,AI / ML,4,isabella.singhania18@example.com,+1 (819) 212-2846,Singapore,Stanford University,B.S. in Cybersecurity and Information Assurance,"Computer Vision, TensorFlow, MLOps, LLMs, PyTorch, Python",AWS Certified Machine Learning - Specialty,68,Developing,RES-0819_Isabella_Singhania.pdf
RES-0820,Ethan Kulkarni,Cloud & DevOps Solutions Architect,Cloud / DevOps,12,ethan.kulkarni296@example.com,+1 (267) 220-1927,"Chicago, IL",Carnegie Mellon University,B.E. in Information Technology,"CI/CD, Prometheus, Grafana, Kubernetes, Linux, AWS",AWS Certified Solutions Architect - Professional,68,Developing,RES-0820_Ethan_Kulkarni.pdf
RES-0821,Scarlett Mukherjee,SQL & Data Platform Engineer,Data Engineering,5,scarlett.mukherjee763@example.com,+1 (771) 686-3474,"Zurich, Switzerland",IIT Madras,B.S. in Cybersecurity and Information Assurance,"Apache Spark, Python, Data Warehousing, Snowflake, SQL, Airflow, dbt",Snowflake SnowPro Core Certification,77,Strong Candidate,RES-0821_Scarlett_Mukherjee.pdf
RES-0822,Gaurav White,Cybersecurity & Security Operations Engineer,Cybersecurity,1,gaurav.white451@example.com,+1 (301) 904-7250,"Hyderabad, India",Stanford University,M.S. in Robotics and Autonomous Systems,"SOC, Python, OWASP Top 10, Splunk, SIEM, Network Security, Penetration Testing",CompTIA Security+,74,Developing,RES-0822_Gaurav_White.pdf
RES-0823,Mason Harris,Frontend Performance Specialist,Frontend,8,mason.harris607@example.com,+1 (231) 210-6553,"Tokyo, Japan",Stanford University,M.S. in Electrical and Computer Engineering,"WebGL, React, Vue.js, Three.js, TypeScript, CSS3, Performance Optimization",Google Mobile Web Specialist,71,Developing,RES-0823_Mason_Harris.pdf
RES-0824,James Harris,Mobile Applications Engineer,Mobile,8,james.harris842@example.com,+1 (589) 779-1675,"Denver, CO",Delhi Technological University (DTU),B.S. in Computer Science,"React Native, Flutter, Mobile CI/CD, State Management, Kotlin, Swift",iOS App Development Certificate,94,Mastered,RES-0824_James_Harris.pdf
RES-0825,Aarav Martin,Java Enterprise & Distributed Systems Architect,Enterprise Systems,3,aarav.martin272@example.com,+1 (513) 450-7669,"New York, NY",UCLA,M.Tech in Data Science & Artificial Intelligence,"Microservices, gRPC, Spring Boot, Java 21, Kafka, Hibernate",Oracle Certified Professional: Java SE Developer,77,Strong Candidate,RES-0825_Aarav_Martin.pdf
RES-0826,Grace Müller,Embedded Systems & IoT Firmware Engineer,Hardware / IoT,1,grace.müller872@example.com,+1 (685) 384-7157,"Stockholm, Sweden",Vellore Institute of Technology (VIT),M.Tech in Data Science & Artificial Intelligence,"I2C/SPI/UART, FreeRTOS, C/C++, Embedded Linux, MQTT, ARM Cortex, PCB Debugging, Python",Embedded Linux Developer Certificate,94,Mastered,RES-0826_Grace_Müller.pdf
RES-0827,Shruti Ramirez,Blockchain & Smart Contract Engineer,Web3 / Blockchain,3,shruti.ramirez563@example.com,+1 (559) 314-7263,"New York, NY",Carnegie Mellon University,B.S. in Computer Science,"Web3.js, Ethers.js, IPFS, Solidity, Rust, Hardhat",Blockchain Council Certified Smart Contract Developer,72,Developing,RES-0827_Shruti_Ramirez.pdf
RES-0828,Ava Martin,Site Reliability Engineer (SRE),DevOps / Reliability,5,ava.martin398@example.com,+1 (260) 209-9195,"Denver, CO",University of Toronto,B.E. in Information Technology,"OpenTelemetry, Linux Kernel, Incident Management, Chaos Engineering, Go, Kubernetes, Terraform, Python",Google Cloud Professional DevOps Engineer,80,Strong Candidate,RES-0828_Ava_Martin.pdf
RES-0829,Victoria Mukherjee,Python Backend Engineer,Backend,5,victoria.mukherjee650@example.com,+1 (330) 402-6341,"Pune, India",Purdue University,B.E. in Information Technology,"Python, Django, AWS, FastAPI, Redis, PostgreSQL, Docker",PCEP – Certified Entry-Level Python Programmer,89,Mastered,RES-0829_Victoria_Mukherjee.pdf
RES-0830,Casey Takahashi,Full Stack React & Node Developer,Full Stack,4,casey.takahashi24@example.com,+1 (567) 536-1024,"Hyderabad, India",Massachusetts Institute of Technology (MIT),B.Tech in Computer Science and Engineering,"MongoDB, TypeScript, Node.js, Express, Next.js, React 18, Tailwind CSS, GraphQL",Meta Certified Front-End Developer,80,Strong Candidate,RES-0830_Casey_Takahashi.pdf
RES-0831,Jackson Kulkarni,Data Scientist & AI/ML Engineer,AI / ML,11,jackson.kulkarni769@example.com,+1 (842) 355-4851,"Boston, MA",IIT Madras,M.S. in Robotics and Autonomous Systems,"LLMs, MLOps, Pandas, Computer Vision, NLP, Python, PyTorch, Scikit-Learn",DeepLearning.AI ML Specialization,75,Strong Candidate,RES-0831_Jackson_Kulkarni.pdf
RES-0832,Pooja Reddy,Cloud & DevOps Solutions Architect,Cloud / DevOps,11,pooja.reddy33@example.com,+1 (811) 803-9438,"London, UK",BITS Pilani,M.Tech in Data Science & Artificial Intelligence,"Docker, Ansible, AWS, Grafana, CI/CD, Prometheus",Certified Kubernetes Administrator (CKA),92,Mastered,RES-0832_Pooja_Reddy.pdf
RES-0833,Aria Müller,SQL & Data Platform Engineer,Data Engineering,11,aria.müller326@example.com,+1 (353) 218-4098,"London, UK",UC Berkeley,B.Tech in Computer Science and Engineering,"dbt, Airflow, SQL, Data Warehousing, PostgreSQL, Kafka, Apache Spark",Databricks Certified Data Engineer Associate,72,Developing,RES-0833_Aria_Müller.pdf
RES-0834,Rahul Gupta,Cybersecurity & Security Operations Engineer,Cybersecurity,3,rahul.gupta69@example.com,+1 (763) 341-5374,"San Francisco, CA",Harvard University,B.S. in Computer Science,"Network Security, Wireshark, SOC, OWASP Top 10, Penetration Testing, SIEM",CompTIA Security+,96,Mastered,RES-0834_Rahul_Gupta.pdf
RES-0835,Riley Martin,Frontend Performance Specialist,Frontend,5,riley.martin242@example.com,+1 (567) 852-4156,"Sydney, Australia",BITS Pilani,M.S. in Software Engineering,"TypeScript, CSS3, Vue.js, Performance Optimization, React, Web Workers, Three.js",Google Mobile Web Specialist,93,Mastered,RES-0835_Riley_Martin.pdf
RES-0836,Deepika Gonzalez,Mobile Applications Engineer,Mobile,1,deepika.gonzalez588@example.com,+1 (218) 493-7513,"Austin, TX",University of Toronto,B.Tech in Computer Science and Engineering,"Flutter, React Native, Swift, Firebase, State Management, Kotlin",Google Associate Android Developer,70,Developing,RES-0836_Deepika_Gonzalez.pdf
RES-0837,Michael Williams,Java Enterprise & Distributed Systems Architect,Enterprise Systems,6,michael.williams935@example.com,+1 (330) 781-7999,"Seattle, WA",IIT Bombay,B.S. in Computer Science,"PostgreSQL, Java 21, Kafka, gRPC, Hibernate, Spring Boot, Docker",Spring Certified Professional,95,Mastered,RES-0837_Michael_Williams.pdf
RES-0838,Sebastian Anderson,Embedded Systems & IoT Firmware Engineer,Hardware / IoT,4,sebastian.anderson855@example.com,+1 (225) 309-2443,"Toronto, Canada",Georgia Institute of Technology,B.Tech in Computer Science and Engineering,"ARM Cortex, I2C/SPI/UART, FreeRTOS, Python, Embedded Linux, MQTT, C/C++, PCB Debugging",Embedded Linux Developer Certificate,94,Mastered,RES-0838_Sebastian_Anderson.pdf
RES-0839,Oliver Menon,Blockchain & Smart Contract Engineer,Web3 / Blockchain,9,oliver.menon985@example.com,+1 (387) 603-8422,"San Francisco, CA",ETH Zurich,B.S. in Cybersecurity and Information Assurance,"Web3.js, Smart Contract Security, Hardhat, Rust, Ethers.js, IPFS, Solidity",Blockchain Council Certified Smart Contract Developer,89,Mastered,RES-0839_Oliver_Menon.pdf
RES-0840,Daniel Ramirez,Site Reliability Engineer (SRE),DevOps / Reliability,1,daniel.ramirez71@example.com,+1 (854) 412-6924,"San Francisco, CA",Carnegie Mellon University,B.S. in Cybersecurity and Information Assurance,"Linux Kernel, Kubernetes, Python, Incident Management, Chaos Engineering, OpenTelemetry, Terraform",Certified Kubernetes Security Specialist (CKS),98,Mastered,RES-0840_Daniel_Ramirez.pdf
RES-0841,Sam Chopra,Python Backend Engineer,Backend,10,sam.chopra98@example.com,+1 (544) 852-8091,"London, UK",IIT Delhi,M.S. in Electrical and Computer Engineering,"Django, Python, PostgreSQL, Docker, AWS, Redis, Celery, REST APIs",AWS Certified Developer - Associate,75,Strong Candidate,RES-0841_Sam_Chopra.pdf
RES-0842,Aarav Weber,Full Stack React & Node Developer,Full Stack,6,aarav.weber694@example.com,+1 (639) 439-6025,"Pune, India",Purdue University,B.E. in Information Technology,"Node.js, Tailwind CSS, React 18, Next.js, GraphQL, Express, TypeScript, MongoDB",OpenJS Node.js Application Developer (JAD),94,Mastered,RES-0842_Aarav_Weber.pdf
RES-0843,Divya Martinez,Data Scientist & AI/ML Engineer,AI / ML,12,divya.martinez210@example.com,+1 (872) 967-5570,"Seattle, WA",BITS Pilani,M.S. in Software Engineering,"Computer Vision, Python, TensorFlow, NLP, Pandas, Scikit-Learn",TensorFlow Developer Certificate,74,Developing,RES-0843_Divya_Martinez.pdf
RES-0844,Daniel Reddy,Cloud & DevOps Solutions Architect,Cloud / DevOps,10,daniel.reddy725@example.com,+1 (406) 307-8319,"Amsterdam, Netherlands",UC Berkeley,B.Tech in Computer Science and Engineering,"AWS, Linux, Kubernetes, Terraform, Docker, Ansible, CI/CD",AWS Certified Solutions Architect - Professional,96,Mastered,RES-0844_Daniel_Reddy.pdf
RES-0845,Sneha Watanabe,SQL & Data Platform Engineer,Data Engineering,1,sneha.watanabe959@example.com,+1 (359) 978-6812,"Stockholm, Sweden",Carnegie Mellon University,B.E. in Information Technology,"Python, Kafka, Data Warehousing, Snowflake, PostgreSQL, Airflow, dbt",Snowflake SnowPro Core Certification,68,Developing,RES-0845_Sneha_Watanabe.pdf
RES-0846,Pranav Zhang,Cybersecurity & Security Operations Engineer,Cybersecurity,12,pranav.zhang180@example.com,+1 (771) 741-8268,"Denver, CO",University of Waterloo,B.Tech in Computer Science and Engineering,"SIEM, Python, Splunk, Network Security, SOC, OWASP Top 10, Wireshark",Certified Ethical Hacker (CEH),76,Strong Candidate,RES-0846_Pranav_Zhang.pdf
RES-0847,Ishaan Perez,Frontend Performance Specialist,Frontend,6,ishaan.perez803@example.com,+1 (323) 748-4243,"Chicago, IL",Massachusetts Institute of Technology (MIT),M.Tech in Data Science & Artificial Intelligence,"React, TypeScript, CSS3, Vue.js, Performance Optimization, Three.js, Web Workers",Meta Front-End Professional,74,Developing,RES-0847_Ishaan_Perez.pdf
RES-0848,Lucas Johnson,Mobile Applications Engineer,Mobile,10,lucas.johnson176@example.com,+1 (324) 600-1623,"Zurich, Switzerland",University of Washington,B.S. in Cybersecurity and Information Assurance,"Kotlin, Swift, Firebase, Mobile CI/CD, Flutter, Dart, React Native",iOS App Development Certificate,91,Mastered,RES-0848_Lucas_Johnson.pdf
RES-0849,Sam Fischer,Java Enterprise & Distributed Systems Architect,Enterprise Systems,1,sam.fischer426@example.com,+1 (505) 348-7363,"Seattle, WA",Stanford University,M.S. in Robotics and Autonomous Systems,"Java 21, Docker, PostgreSQL, Hibernate, Microservices, gRPC, Spring Boot",Oracle Certified Professional: Java SE Developer,84,Strong Candidate,RES-0849_Sam_Fischer.pdf
RES-0850,Siddharth Jones,Embedded Systems & IoT Firmware Engineer,Hardware / IoT,10,siddharth.jones34@example.com,+1 (210) 508-2755,"Sydney, Australia",TUM Munich,B.S. in Computer Science,"C/C++, Embedded Linux, Python, FreeRTOS, I2C/SPI/UART, PCB Debugging",Embedded Linux Developer Certificate,75,Strong Candidate,RES-0850_Siddharth_Jones.pdf
RES-0851,Evelyn Sanchez,Blockchain & Smart Contract Engineer,Web3 / Blockchain,2,evelyn.sanchez102@example.com,+1 (295) 203-6338,"San Francisco, CA",University of Waterloo,B.E. in Information Technology,"Smart Contract Security, Ethers.js, IPFS, Hardhat, Solidity, Rust",Blockchain Council Certified Smart Contract Developer,96,Mastered,RES-0851_Evelyn_Sanchez.pdf
RES-0852,Grace Chen,Site Reliability Engineer (SRE),DevOps / Reliability,10,grace.chen514@example.com,+1 (537) 300-3195,"Pune, India",UCLA,M.S. in Electrical and Computer Engineering,"Python, Kubernetes, Terraform, Incident Management, Linux Kernel, OpenTelemetry, Go, Chaos Engineering",Certified Kubernetes Security Specialist (CKS),92,Mastered,RES-0852_Grace_Chen.pdf
RES-0853,Hannah Martin,Python Backend Engineer,Backend,2,hannah.martin154@example.com,+1 (237) 566-2059,"Tokyo, Japan",University of Toronto,B.Tech in Computer Science and Engineering,"REST APIs, FastAPI, Django, PostgreSQL, Celery, Docker, Redis, Python",PCEP – Certified Entry-Level Python Programmer,92,Mastered,RES-0853_Hannah_Martin.pdf
RES-0854,Emma Watanabe,Full Stack React & Node Developer,Full Stack,6,emma.watanabe462@example.com,+1 (503) 274-5943,"Denver, CO",Vellore Institute of Technology (VIT),M.S. in Robotics and Autonomous Systems,"Node.js, Next.js, TypeScript, GraphQL, MongoDB, Tailwind CSS",OpenJS Node.js Application Developer (JAD),76,Strong Candidate,RES-0854_Emma_Watanabe.pdf
RES-0855,Riley Sharma,Data Scientist & AI/ML Engineer,AI / ML,8,riley.sharma466@example.com,+1 (868) 586-4389,"Boston, MA",TUM Munich,B.S. in Computer Science,"Scikit-Learn, Computer Vision, LLMs, MLOps, PyTorch, TensorFlow, Pandas",TensorFlow Developer Certificate,93,Mastered,RES-0855_Riley_Sharma.pdf
RES-0856,Charlotte White,Cloud & DevOps Solutions Architect,Cloud / DevOps,1,charlotte.white950@example.com,+1 (735) 602-4829,"Bengaluru, India",UCLA,M.S. in Electrical and Computer Engineering,"CI/CD, AWS, Terraform, Ansible, Linux, Kubernetes",Certified Kubernetes Administrator (CKA),81,Strong Candidate,RES-0856_Charlotte_White.pdf
RES-0857,Benjamin Bhat,SQL & Data Platform Engineer,Data Engineering,8,benjamin.bhat19@example.com,+1 (521) 396-6270,"Sydney, Australia",Princeton University,B.Tech in Computer Science and Engineering,"Python, SQL, Kafka, Snowflake, Data Warehousing, Airflow, PostgreSQL, Apache Spark",Snowflake SnowPro Core Certification,91,Mastered,RES-0857_Benjamin_Bhat.pdf
RES-0858,Pat Martin,Cybersecurity & Security Operations Engineer,Cybersecurity,3,pat.martin756@example.com,+1 (411) 384-1977,"Bengaluru, India",University of Waterloo,M.S. in Software Engineering,"SOC, OWASP Top 10, Penetration Testing, Network Security, Wireshark, Python",CompTIA Security+,77,Strong Candidate,RES-0858_Pat_Martin.pdf
RES-0859,Ethan Fischer,Frontend Performance Specialist,Frontend,6,ethan.fischer575@example.com,+1 (613) 790-4812,"New York, NY",Carnegie Mellon University,M.S. in Software Engineering,"TypeScript, React, Three.js, Performance Optimization, Web Workers, CSS3, Vue.js, WebGL",Google Mobile Web Specialist,85,Strong Candidate,RES-0859_Ethan_Fischer.pdf
RES-0860,Ananya Takahashi,Mobile Applications Engineer,Mobile,2,ananya.takahashi83@example.com,+1 (661) 675-1316,"Hyderabad, India",IIT Madras,B.S. in Cybersecurity and Information Assurance,"Firebase, State Management, Flutter, Mobile CI/CD, React Native, Swift",Google Associate Android Developer,86,Strong Candidate,RES-0860_Ananya_Takahashi.pdf
RES-0861,William Weber,Java Enterprise & Distributed Systems Architect,Enterprise Systems,7,william.weber125@example.com,+1 (651) 363-5565,"Tokyo, Japan",University of Washington,M.Tech in Data Science & Artificial Intelligence,"Java 21, PostgreSQL, Kafka, Microservices, Hibernate, gRPC",Oracle Certified Professional: Java SE Developer,72,Developing,RES-0861_William_Weber.pdf
RES-0862,Hannah Deshmukh,Embedded Systems & IoT Firmware Engineer,Hardware / IoT,2,hannah.deshmukh171@example.com,+1 (976) 705-3952,"Amsterdam, Netherlands",IIIT Hyderabad,M.S. in Software Engineering,"ARM Cortex, FreeRTOS, I2C/SPI/UART, C/C++, PCB Debugging, Python, Embedded Linux",Arm Accredited Engineer (AAE),82,Strong Candidate,RES-0862_Hannah_Deshmukh.pdf
RES-0863,Sophia Sanchez,Blockchain & Smart Contract Engineer,Web3 / Blockchain,8,sophia.sanchez669@example.com,+1 (511) 564-4365,"Dublin, Ireland",NIT Trichy,B.E. in Information Technology,"Web3.js, Solidity, Hardhat, IPFS, Smart Contract Security, Rust, Ethers.js, Ethereum",Blockchain Council Certified Smart Contract Developer,87,Strong Candidate,RES-0863_Sophia_Sanchez.pdf
RES-0864,Pooja Smith,Site Reliability Engineer (SRE),DevOps / Reliability,4,pooja.smith200@example.com,+1 (990) 279-7085,"Berlin, Germany",National University of Singapore,B.Tech in Computer Science and Engineering,"Go, Chaos Engineering, Python, Incident Management, Terraform, OpenTelemetry, Linux Kernel, Kubernetes",Certified Kubernetes Security Specialist (CKS),79,Strong Candidate,RES-0864_Pooja_Smith.pdf
RES-0865,Neha Malhotra,Python Backend Engineer,Backend,6,neha.malhotra643@example.com,+1 (946) 431-6531,"Berlin, Germany",BITS Pilani,B.Tech in Computer Science and Engineering,"AWS, Redis, Docker, FastAPI, REST APIs, Celery, Python, Django",AWS Certified Developer - Associate,79,Strong Candidate,RES-0865_Neha_Malhotra.pdf
RES-0866,Jackson Chatterjee,Full Stack React & Node Developer,Full Stack,3,jackson.chatterjee768@example.com,+1 (751) 860-4776,"Austin, TX",UCLA,B.E. in Information Technology,"React 18, Express, Node.js, Next.js, MongoDB, TypeScript",Meta Certified Front-End Developer,77,Strong Candidate,RES-0866_Jackson_Chatterjee.pdf
RES-0867,Scarlett Wilson,Data Scientist & AI/ML Engineer,AI / ML,3,scarlett.wilson294@example.com,+1 (363) 267-1243,"Zurich, Switzerland",Delhi Technological University (DTU),B.E. in Information Technology,"MLOps, Pandas, NLP, Python, Computer Vision, PyTorch",TensorFlow Developer Certificate,72,Developing,RES-0867_Scarlett_Wilson.pdf
RES-0868,Logan Weber,Cloud & DevOps Solutions Architect,Cloud / DevOps,11,logan.weber983@example.com,+1 (480) 684-6218,"Boston, MA",National University of Singapore,B.S. in Cybersecurity and Information Assurance,"AWS, Grafana, Linux, Docker, Kubernetes, Ansible",AWS Certified Solutions Architect - Professional,74,Developing,RES-0868_Logan_Weber.pdf
RES-0869,Sophia Singhania,SQL & Data Platform Engineer,Data Engineering,6,sophia.singhania118@example.com,+1 (264) 562-4772,"Toronto, Canada",University of Oxford,B.Tech in Computer Science and Engineering,"Snowflake, Apache Spark, Airflow, Kafka, PostgreSQL, SQL",Snowflake SnowPro Core Certification,87,Strong Candidate,RES-0869_Sophia_Singhania.pdf
RES-0870,Pat Wilson,Cybersecurity & Security Operations Engineer,Cybersecurity,2,pat.wilson719@example.com,+1 (959) 457-3151,"Boston, MA",Harvard University,M.Tech in Data Science & Artificial Intelligence,"Python, SOC, Wireshark, SIEM, Splunk, Penetration Testing, OWASP Top 10, Network Security",Offensive Security Certified Professional (OSCP),98,Mastered,RES-0870_Pat_Wilson.pdf
RES-0871,James Watanabe,Frontend Performance Specialist,Frontend,2,james.watanabe250@example.com,+1 (975) 374-8045,Singapore,NIT Trichy,M.S. in Electrical and Computer Engineering,"Web Workers, WebGL, CSS3, Three.js, Vue.js, React",Meta Front-End Professional,94,Mastered,RES-0871_James_Watanabe.pdf
RES-0872,Yash Smith,Mobile Applications Engineer,Mobile,3,yash.smith803@example.com,+1 (528) 916-8163,"Chicago, IL",Imperial College London,B.S. in Cybersecurity and Information Assurance,"Kotlin, Swift, Mobile CI/CD, Dart, State Management, Firebase, React Native, Flutter",iOS App Development Certificate,95,Mastered,RES-0872_Yash_Smith.pdf
RES-0873,Varun Sharma,Java Enterprise & Distributed Systems Architect,Enterprise Systems,12,varun.sharma783@example.com,+1 (308) 746-4004,Singapore,IIT Delhi,B.S. in Cybersecurity and Information Assurance,"gRPC, Spring Boot, Hibernate, Kafka, Docker, Microservices, PostgreSQL",Oracle Certified Professional: Java SE Developer,87,Strong Candidate,RES-0873_Varun_Sharma.pdf
RES-0874,Aditi Dubois,Embedded Systems & IoT Firmware Engineer,Hardware / IoT,3,aditi.dubois23@example.com,+1 (820) 919-7840,"Zurich, Switzerland",Massachusetts Institute of Technology (MIT),M.S. in Robotics and Autonomous Systems,"C/C++, FreeRTOS, PCB Debugging, Python, I2C/SPI/UART, Embedded Linux, MQTT",Arm Accredited Engineer (AAE),86,Strong Candidate,RES-0874_Aditi_Dubois.pdf
RES-0875,William Garcia,Blockchain & Smart Contract Engineer,Web3 / Blockchain,3,william.garcia389@example.com,+1 (981) 405-9826,"Stockholm, Sweden",IIT Delhi,M.S. in Software Engineering,"Rust, Solidity, Ethers.js, Smart Contract Security, Hardhat, IPFS, Ethereum",Blockchain Council Certified Smart Contract Developer,80,Strong Candidate,RES-0875_William_Garcia.pdf
RES-0876,Sam Zhang,Site Reliability Engineer (SRE),DevOps / Reliability,7,sam.zhang711@example.com,+1 (966) 628-1899,"Chicago, IL",University of Illinois Urbana-Champaign,M.S. in Software Engineering,"Incident Management, Go, Terraform, Chaos Engineering, Kubernetes, Linux Kernel, Python, OpenTelemetry",Certified Kubernetes Security Specialist (CKS),74,Developing,RES-0876_Sam_Zhang.pdf
RES-0877,Olivia Dubois,Python Backend Engineer,Backend,12,olivia.dubois430@example.com,+1 (317) 212-5243,"Berlin, Germany",ETH Zurich,B.S. in Computer Science,"FastAPI, Celery, Django, REST APIs, Docker, Python",Docker Certified Associate,98,Mastered,RES-0877_Olivia_Dubois.pdf
RES-0878,Chloe Tanaka,Full Stack React & Node Developer,Full Stack,5,chloe.tanaka950@example.com,+1 (970) 232-7913,"Hyderabad, India",IIT Delhi,B.E. in Information Technology,"Next.js, Express, React 18, MongoDB, Node.js, TypeScript",Meta Certified Front-End Developer,90,Mastered,RES-0878_Chloe_Tanaka.pdf
RES-0879,Emma Patel,Data Scientist & AI/ML Engineer,AI / ML,5,emma.patel913@example.com,+1 (372) 493-4591,"Tokyo, Japan",UCLA,B.E. in Information Technology,"TensorFlow, Scikit-Learn, LLMs, Computer Vision, MLOps, Pandas, Python",DeepLearning.AI ML Specialization,91,Mastered,RES-0879_Emma_Patel.pdf
RES-0880,William Anderson,Cloud & DevOps Solutions Architect,Cloud / DevOps,10,william.anderson872@example.com,+1 (979) 340-7848,"Amsterdam, Netherlands",National University of Singapore,B.Tech in Computer Science and Engineering,"Docker, Grafana, Prometheus, Ansible, Terraform, AWS",HashiCorp Certified: Terraform Associate,73,Developing,RES-0880_William_Anderson.pdf
RES-0881,Jordan Thomas,SQL & Data Platform Engineer,Data Engineering,10,jordan.thomas753@example.com,+1 (485) 440-6263,"Dublin, Ireland",TUM Munich,B.Tech in Computer Science and Engineering,"dbt, Python, Airflow, PostgreSQL, Snowflake, SQL, Kafka, Apache Spark",Databricks Certified Data Engineer Associate,74,Developing,RES-0881_Jordan_Thomas.pdf
RES-0882,Oliver Reddy,Cybersecurity & Security Operations Engineer,Cybersecurity,8,oliver.reddy415@example.com,+1 (945) 584-2349,"Amsterdam, Netherlands",ETH Zurich,M.S. in Electrical and Computer Engineering,"SOC, Splunk, Python, Network Security, OWASP Top 10, Wireshark, SIEM",Certified Ethical Hacker (CEH),82,Strong Candidate,RES-0882_Oliver_Reddy.pdf
RES-0883,Pranav Zhang,Frontend Performance Specialist,Frontend,9,pranav.zhang722@example.com,+1 (370) 790-2802,"San Francisco, CA",University of Oxford,B.E. in Information Technology,"Performance Optimization, TypeScript, Vue.js, React, Web Workers, Three.js, WebGL",Google Mobile Web Specialist,74,Developing,RES-0883_Pranav_Zhang.pdf
RES-0884,Ananya Thomas,Mobile Applications Engineer,Mobile,7,ananya.thomas504@example.com,+1 (860) 650-4456,"San Francisco, CA",Harvard University,M.S. in Robotics and Autonomous Systems,"React Native, Dart, Firebase, Mobile CI/CD, Swift, Kotlin",iOS App Development Certificate,78,Strong Candidate,RES-0884_Ananya_Thomas.pdf
RES-0885,Ava Thompson,Java Enterprise & Distributed Systems Architect,Enterprise Systems,8,ava.thompson788@example.com,+1 (537) 892-1764,"Zurich, Switzerland",IIIT Hyderabad,M.Tech in Data Science & Artificial Intelligence,"Microservices, PostgreSQL, Hibernate, Docker, Kafka, Spring Boot, Java 21",Spring Certified Professional,90,Mastered,RES-0885_Ava_Thompson.pdf
RES-0886,Oliver Reddy,Embedded Systems & IoT Firmware Engineer,Hardware / IoT,9,oliver.reddy278@example.com,+1 (863) 774-7923,"Seattle, WA",Vellore Institute of Technology (VIT),B.S. in Cybersecurity and Information Assurance,"PCB Debugging, ARM Cortex, Embedded Linux, I2C/SPI/UART, C/C++, Python",Embedded Linux Developer Certificate,89,Mastered,RES-0886_Oliver_Reddy.pdf
RES-0887,Jackson Schneider,Blockchain & Smart Contract Engineer,Web3 / Blockchain,3,jackson.schneider559@example.com,+1 (363) 702-2966,"Amsterdam, Netherlands",Harvard University,B.S. in Cybersecurity and Information Assurance,"Hardhat, Smart Contract Security, Solidity, IPFS, Web3.js, Ethereum",Blockchain Council Certified Smart Contract Developer,90,Mastered,RES-0887_Jackson_Schneider.pdf
RES-0888,Scarlett Harris,Site Reliability Engineer (SRE),DevOps / Reliability,6,scarlett.harris713@example.com,+1 (880) 440-2427,"Pune, India",Vellore Institute of Technology (VIT),B.E. in Information Technology,"Go, Linux Kernel, Kubernetes, Incident Management, OpenTelemetry, Python, Terraform, Chaos Engineering",Certified Kubernetes Security Specialist (CKS),98,Mastered,RES-0888_Scarlett_Harris.pdf
RES-0889,Ethan Jones,Python Backend Engineer,Backend,1,ethan.jones584@example.com,+1 (724) 960-5553,"Pune, India",Imperial College London,M.S. in Software Engineering,"FastAPI, REST APIs, Docker, Redis, Python, PostgreSQL, AWS, Celery",PCEP – Certified Entry-Level Python Programmer,96,Mastered,RES-0889_Ethan_Jones.pdf
RES-0890,Harsh Ramirez,Full Stack React & Node Developer,Full Stack,7,harsh.ramirez894@example.com,+1 (973) 976-1848,"Austin, TX",UCLA,B.E. in Information Technology,"Node.js, MongoDB, Tailwind CSS, Next.js, React 18, TypeScript, Express, GraphQL",OpenJS Node.js Application Developer (JAD),69,Developing,RES-0890_Harsh_Ramirez.pdf
RES-0891,Grace Watanabe,Data Scientist & AI/ML Engineer,AI / ML,1,grace.watanabe59@example.com,+1 (408) 231-9407,"Amsterdam, Netherlands",University of Toronto,B.S. in Computer Science,"LLMs, TensorFlow, NLP, Scikit-Learn, Computer Vision, PyTorch",DeepLearning.AI ML Specialization,72,Developing,RES-0891_Grace_Watanabe.pdf
RES-0892,Anjali Thompson,Cloud & DevOps Solutions Architect,Cloud / DevOps,11,anjali.thompson685@example.com,+1 (793) 547-4012,"Tokyo, Japan",UC Berkeley,B.E. in Information Technology,"AWS, Grafana, CI/CD, Prometheus, Linux, Docker, Ansible, Terraform",Certified Kubernetes Administrator (CKA),87,Strong Candidate,RES-0892_Anjali_Thompson.pdf
RES-0893,Chris Martin,SQL & Data Platform Engineer,Data Engineering,4,chris.martin68@example.com,+1 (850) 975-3870,"Sydney, Australia",National University of Singapore,B.E. in Information Technology,"Data Warehousing, Snowflake, Kafka, Python, SQL, dbt, PostgreSQL",Snowflake SnowPro Core Certification,74,Developing,RES-0893_Chris_Martin.pdf
RES-0894,Mason Lewis,Cybersecurity & Security Operations Engineer,Cybersecurity,8,mason.lewis29@example.com,+1 (799) 292-3559,"Pune, India",BITS Pilani,M.S. in Electrical and Computer Engineering,"Wireshark, SOC, Network Security, Python, SIEM, OWASP Top 10, Splunk, Penetration Testing",CompTIA Security+,75,Strong Candidate,RES-0894_Mason_Lewis.pdf
RES-0895,Logan Miller,Frontend Performance Specialist,Frontend,6,logan.miller523@example.com,+1 (971) 281-9729,"Tokyo, Japan",Vellore Institute of Technology (VIT),B.E. in Information Technology,"Performance Optimization, CSS3, Web Workers, Vue.js, React, TypeScript",Meta Front-End Professional,81,Strong Candidate,RES-0895_Logan_Miller.pdf
RES-0896,Avery Williams,Mobile Applications Engineer,Mobile,7,avery.williams993@example.com,+1 (330) 436-8010,"New York, NY",Imperial College London,B.S. in Cybersecurity and Information Assurance,"Mobile CI/CD, React Native, Kotlin, Flutter, Dart, Swift, State Management, Firebase",Google Associate Android Developer,86,Strong Candidate,RES-0896_Avery_Williams.pdf
RES-0897,Madison Kapoor,Java Enterprise & Distributed Systems Architect,Enterprise Systems,8,madison.kapoor21@example.com,+1 (593) 626-7523,"Seattle, WA",IIT Delhi,B.S. in Cybersecurity and Information Assurance,"Docker, Hibernate, gRPC, PostgreSQL, Spring Boot, Microservices, Java 21",Oracle Certified Professional: Java SE Developer,79,Strong Candidate,RES-0897_Madison_Kapoor.pdf
RES-0898,Lily Sharma,Embedded Systems & IoT Firmware Engineer,Hardware / IoT,3,lily.sharma318@example.com,+1 (324) 452-5174,"Denver, CO",Purdue University,B.Tech in Computer Science and Engineering,"ARM Cortex, C/C++, FreeRTOS, Embedded Linux, MQTT, I2C/SPI/UART, PCB Debugging",Arm Accredited Engineer (AAE),97,Mastered,RES-0898_Lily_Sharma.pdf
RES-0899,Zoe Chopra,Blockchain & Smart Contract Engineer,Web3 / Blockchain,12,zoe.chopra870@example.com,+1 (831) 941-2103,"Berlin, Germany",Massachusetts Institute of Technology (MIT),M.Tech in Data Science & Artificial Intelligence,"Rust, Smart Contract Security, Ethereum, Solidity, Ethers.js, Hardhat, IPFS, Web3.js",Certified Ethereum Developer,94,Mastered,RES-0899_Zoe_Chopra.pdf
RES-0900,Sneha Martinez,Site Reliability Engineer (SRE),DevOps / Reliability,1,sneha.martinez173@example.com,+1 (960) 883-3218,"Berlin, Germany",NIT Trichy,M.S. in Electrical and Computer Engineering,"Kubernetes, Go, Chaos Engineering, Python, Incident Management, OpenTelemetry, Terraform, Linux Kernel",Google Cloud Professional DevOps Engineer,72,Developing,RES-0900_Sneha_Martinez.pdf
RES-0901,Jackson Schneider,Python Backend Engineer,Backend,9,jackson.schneider805@example.com,+1 (758) 234-7062,"Zurich, Switzerland",Stanford University,M.S. in Software Engineering,"Docker, PostgreSQL, AWS, Python, REST APIs, Redis, FastAPI, Celery",Docker Certified Associate,93,Mastered,RES-0901_Jackson_Schneider.pdf
RES-0902,Evelyn Perez,Full Stack React & Node Developer,Full Stack,4,evelyn.perez273@example.com,+1 (323) 927-3676,"Toronto, Canada",Vellore Institute of Technology (VIT),B.S. in Computer Science,"Tailwind CSS, MongoDB, Express, React 18, Next.js, GraphQL, TypeScript, Node.js",OpenJS Node.js Application Developer (JAD),92,Mastered,RES-0902_Evelyn_Perez.pdf
RES-0903,Aria Kulkarni,Data Scientist & AI/ML Engineer,AI / ML,10,aria.kulkarni689@example.com,+1 (383) 246-3402,"Toronto, Canada",IIIT Hyderabad,B.S. in Computer Science,"Scikit-Learn, LLMs, MLOps, Python, PyTorch, TensorFlow, Computer Vision",TensorFlow Developer Certificate,81,Strong Candidate,RES-0903_Aria_Kulkarni.pdf
RES-0904,Ananya Jackson,Cloud & DevOps Solutions Architect,Cloud / DevOps,6,ananya.jackson777@example.com,+1 (747) 625-3108,"Pune, India",Stanford University,B.S. in Computer Science,"Grafana, Prometheus, AWS, CI/CD, Linux, Docker, Terraform",AWS Certified Solutions Architect - Professional,70,Developing,RES-0904_Ananya_Jackson.pdf
RES-0905,Ethan Gonzalez,SQL & Data Platform Engineer,Data Engineering,2,ethan.gonzalez402@example.com,+1 (397) 461-1606,"Stockholm, Sweden",Purdue University,M.S. in Electrical and Computer Engineering,"SQL, Apache Spark, Kafka, Data Warehousing, PostgreSQL, Snowflake, Python",Databricks Certified Data Engineer Associate,97,Mastered,RES-0905_Ethan_Gonzalez.pdf
RES-0906,Lucas Reddy,Cybersecurity & Security Operations Engineer,Cybersecurity,5,lucas.reddy672@example.com,+1 (703) 684-1044,"New York, NY",IIIT Hyderabad,B.Tech in Computer Science and Engineering,"Wireshark, Penetration Testing, OWASP Top 10, SIEM, Python, SOC",CompTIA Security+,80,Strong Candidate,RES-0906_Lucas_Reddy.pdf
RES-0907,Daniel Bhat,Frontend Performance Specialist,Frontend,9,daniel.bhat972@example.com,+1 (956) 948-1653,"Pune, India",TUM Munich,M.S. in Electrical and Computer Engineering,"Three.js, Web Workers, Performance Optimization, TypeScript, WebGL, Vue.js, CSS3",Google Mobile Web Specialist,90,Mastered,RES-0907_Daniel_Bhat.pdf
RES-0908,Matthew Brown,Mobile Applications Engineer,Mobile,12,matthew.brown897@example.com,+1 (408) 939-4878,"Toronto, Canada",IIT Bombay,B.S. in Cybersecurity and Information Assurance,"State Management, React Native, Mobile CI/CD, Flutter, Kotlin, Dart",iOS App Development Certificate,87,Strong Candidate,RES-0908_Matthew_Brown.pdf
RES-0909,Henry Nair,Java Enterprise & Distributed Systems Architect,Enterprise Systems,2,henry.nair563@example.com,+1 (940) 909-5622,"Pune, India",IIT Madras,B.S. in Computer Science,"Docker, Kafka, Java 21, PostgreSQL, Microservices, gRPC",Spring Certified Professional,73,Developing,RES-0909_Henry_Nair.pdf
RES-0910,Chris Malhotra,Embedded Systems & IoT Firmware Engineer,Hardware / IoT,8,chris.malhotra618@example.com,+1 (871) 612-1529,"Berlin, Germany",IIT Bombay,M.S. in Software Engineering,"Python, I2C/SPI/UART, C/C++, ARM Cortex, MQTT, Embedded Linux",Embedded Linux Developer Certificate,70,Developing,RES-0910_Chris_Malhotra.pdf
RES-0911,Jacob Kulkarni,Blockchain & Smart Contract Engineer,Web3 / Blockchain,10,jacob.kulkarni75@example.com,+1 (496) 599-2203,"Stockholm, Sweden",Princeton University,M.S. in Electrical and Computer Engineering,"IPFS, Smart Contract Security, Hardhat, Web3.js, Ethers.js, Solidity, Rust",Certified Ethereum Developer,70,Developing,RES-0911_Jacob_Kulkarni.pdf
RES-0912,Simran Martinez,Site Reliability Engineer (SRE),DevOps / Reliability,8,simran.martinez26@example.com,+1 (332) 582-8965,"Amsterdam, Netherlands",IIT Madras,B.Tech in Computer Science and Engineering,"Terraform, Go, Kubernetes, Linux Kernel, OpenTelemetry, Chaos Engineering, Incident Management, Python",Google Cloud Professional DevOps Engineer,76,Strong Candidate,RES-0912_Simran_Martinez.pdf
RES-0913,Aditi Robinson,Python Backend Engineer,Backend,10,aditi.robinson568@example.com,+1 (801) 323-1179,"Hyderabad, India",IIIT Hyderabad,B.Tech in Computer Science and Engineering,"Python, PostgreSQL, Docker, AWS, FastAPI, Django",AWS Certified Developer - Associate,90,Mastered,RES-0913_Aditi_Robinson.pdf
RES-0914,Matthew Wilson,Full Stack React & Node Developer,Full Stack,1,matthew.wilson246@example.com,+1 (314) 788-4058,"Zurich, Switzerland",NIT Trichy,B.Tech in Computer Science and Engineering,"React 18, TypeScript, Express, Node.js, Tailwind CSS, MongoDB, Next.js",OpenJS Node.js Application Developer (JAD),90,Mastered,RES-0914_Matthew_Wilson.pdf
RES-0915,Alexander Zhang,Data Scientist & AI/ML Engineer,AI / ML,9,alexander.zhang347@example.com,+1 (430) 726-2483,"Austin, TX",Delhi Technological University (DTU),B.Tech in Computer Science and Engineering,"LLMs, Computer Vision, TensorFlow, Pandas, MLOps, PyTorch, Scikit-Learn, NLP",AWS Certified Machine Learning - Specialty,87,Strong Candidate,RES-0915_Alexander_Zhang.pdf
RES-0916,Aditya Reddy,Cloud & DevOps Solutions Architect,Cloud / DevOps,4,aditya.reddy332@example.com,+1 (916) 617-7224,"San Francisco, CA",Carnegie Mellon University,B.S. in Cybersecurity and Information Assurance,"CI/CD, Grafana, AWS, Docker, Ansible, Terraform",Certified Kubernetes Administrator (CKA),84,Strong Candidate,RES-0916_Aditya_Reddy.pdf
RES-0917,Akash Verma,SQL & Data Platform Engineer,Data Engineering,8,akash.verma82@example.com,+1 (583) 403-1071,"Seattle, WA",Vellore Institute of Technology (VIT),M.Tech in Data Science & Artificial Intelligence,"Data Warehousing, Python, SQL, PostgreSQL, Snowflake, dbt",Snowflake SnowPro Core Certification,70,Developing,RES-0917_Akash_Verma.pdf
RES-0918,James Garcia,Cybersecurity & Security Operations Engineer,Cybersecurity,5,james.garcia614@example.com,+1 (534) 514-8247,"Dublin, Ireland",Harvard University,B.Tech in Computer Science and Engineering,"Python, Splunk, SIEM, Penetration Testing, Network Security, Wireshark, SOC",Certified Ethical Hacker (CEH),98,Mastered,RES-0918_James_Garcia.pdf
RES-0919,Sebastian Weber,Frontend Performance Specialist,Frontend,6,sebastian.weber745@example.com,+1 (614) 794-4519,"Sydney, Australia",Carnegie Mellon University,B.S. in Cybersecurity and Information Assurance,"Web Workers, CSS3, Three.js, WebGL, Vue.js, Performance Optimization",Meta Front-End Professional,95,Mastered,RES-0919_Sebastian_Weber.pdf
RES-0920,Pranav Müller,Mobile Applications Engineer,Mobile,1,pranav.müller758@example.com,+1 (290) 755-5347,"Pune, India",IIIT Hyderabad,B.S. in Computer Science,"Firebase, Swift, Mobile CI/CD, Dart, Kotlin, Flutter",Google Associate Android Developer,77,Strong Candidate,RES-0920_Pranav_Müller.pdf
RES-0921,Charlotte Patel,Java Enterprise & Distributed Systems Architect,Enterprise Systems,3,charlotte.patel200@example.com,+1 (774) 336-6278,"Pune, India",Imperial College London,B.S. in Cybersecurity and Information Assurance,"Docker, Hibernate, gRPC, Spring Boot, Microservices, Java 21, PostgreSQL",Spring Certified Professional,89,Mastered,RES-0921_Charlotte_Patel.pdf
RES-0922,Emma Verma,Embedded Systems & IoT Firmware Engineer,Hardware / IoT,7,emma.verma599@example.com,+1 (296) 457-1002,"Seattle, WA",BITS Pilani,M.Tech in Data Science & Artificial Intelligence,"MQTT, FreeRTOS, Embedded Linux, I2C/SPI/UART, PCB Debugging, Python",Arm Accredited Engineer (AAE),78,Strong Candidate,RES-0922_Emma_Verma.pdf
RES-0923,Ethan Deshmukh,Blockchain & Smart Contract Engineer,Web3 / Blockchain,6,ethan.deshmukh360@example.com,+1 (329) 598-1943,"Tokyo, Japan",IIIT Hyderabad,B.S. in Cybersecurity and Information Assurance,"Rust, Smart Contract Security, Ethers.js, IPFS, Solidity, Hardhat, Ethereum, Web3.js",Blockchain Council Certified Smart Contract Developer,82,Strong Candidate,RES-0923_Ethan_Deshmukh.pdf
RES-0924,Hannah Brown,Site Reliability Engineer (SRE),DevOps / Reliability,7,hannah.brown218@example.com,+1 (277) 624-9294,"New York, NY",University of Cambridge,B.S. in Cybersecurity and Information Assurance,"Linux Kernel, Go, Python, Chaos Engineering, Kubernetes, Terraform",Certified Kubernetes Security Specialist (CKS),88,Mastered,RES-0924_Hannah_Brown.pdf
RES-0925,Alexander Nair,Python Backend Engineer,Backend,12,alexander.nair755@example.com,+1 (238) 855-8748,"Berlin, Germany",IIT Bombay,B.Tech in Computer Science and Engineering,"Python, Celery, PostgreSQL, Django, Redis, FastAPI, REST APIs",PCEP – Certified Entry-Level Python Programmer,90,Mastered,RES-0925_Alexander_Nair.pdf
RES-0926,Zoe Williams,Full Stack React & Node Developer,Full Stack,5,zoe.williams834@example.com,+1 (720) 878-6846,"Zurich, Switzerland",Princeton University,B.S. in Cybersecurity and Information Assurance,"GraphQL, Node.js, MongoDB, Next.js, Express, Tailwind CSS, React 18, TypeScript",Meta Certified Front-End Developer,69,Developing,RES-0926_Zoe_Williams.pdf
RES-0927,Scarlett Chatterjee,Data Scientist & AI/ML Engineer,AI / ML,10,scarlett.chatterjee645@example.com,+1 (522) 521-1232,"Berlin, Germany",IIT Bombay,M.Tech in Data Science & Artificial Intelligence,"NLP, Scikit-Learn, PyTorch, Computer Vision, Pandas, TensorFlow, LLMs",TensorFlow Developer Certificate,78,Strong Candidate,RES-0927_Scarlett_Chatterjee.pdf
RES-0928,Henry Rodriguez,Cloud & DevOps Solutions Architect,Cloud / DevOps,1,henry.rodriguez585@example.com,+1 (547) 433-5120,"San Francisco, CA",IIT Delhi,B.S. in Computer Science,"Terraform, Linux, Kubernetes, CI/CD, Prometheus, Ansible, Grafana",Certified Kubernetes Administrator (CKA),70,Developing,RES-0928_Henry_Rodriguez.pdf
RES-0929,Nikhil Bhat,SQL & Data Platform Engineer,Data Engineering,8,nikhil.bhat523@example.com,+1 (738) 344-3109,"Hyderabad, India",Massachusetts Institute of Technology (MIT),M.S. in Robotics and Autonomous Systems,"Airflow, Apache Spark, dbt, SQL, PostgreSQL, Data Warehousing, Snowflake, Kafka",Snowflake SnowPro Core Certification,68,Developing,RES-0929_Nikhil_Bhat.pdf
RES-0930,Deepika Thompson,Cybersecurity & Security Operations Engineer,Cybersecurity,7,deepika.thompson448@example.com,+1 (903) 654-5412,"Dublin, Ireland",Vellore Institute of Technology (VIT),M.Tech in Data Science & Artificial Intelligence,"SOC, Splunk, OWASP Top 10, Network Security, SIEM, Wireshark",Offensive Security Certified Professional (OSCP),81,Strong Candidate,RES-0930_Deepika_Thompson.pdf
RES-0931,Deepika Gonzalez,Frontend Performance Specialist,Frontend,7,deepika.gonzalez932@example.com,+1 (526) 950-8366,"Denver, CO",University of Oxford,B.E. in Information Technology,"Performance Optimization, Vue.js, CSS3, Web Workers, WebGL, React, TypeScript, Three.js",Meta Front-End Professional,84,Strong Candidate,RES-0931_Deepika_Gonzalez.pdf
RES-0932,Chloe Müller,Mobile Applications Engineer,Mobile,2,chloe.müller553@example.com,+1 (335) 498-1941,Singapore,University of Illinois Urbana-Champaign,B.S. in Cybersecurity and Information Assurance,"Dart, State Management, Mobile CI/CD, React Native, Kotlin, Firebase, Flutter",iOS App Development Certificate,68,Developing,RES-0932_Chloe_Müller.pdf
RES-0933,Nikhil Bhat,Java Enterprise & Distributed Systems Architect,Enterprise Systems,8,nikhil.bhat248@example.com,+1 (525) 681-1686,"Seattle, WA",BITS Pilani,B.Tech in Computer Science and Engineering,"Hibernate, Docker, Microservices, Spring Boot, gRPC, PostgreSQL",Spring Certified Professional,87,Strong Candidate,RES-0933_Nikhil_Bhat.pdf
RES-0934,Amelia Chatterjee,Embedded Systems & IoT Firmware Engineer,Hardware / IoT,7,amelia.chatterjee80@example.com,+1 (417) 475-1198,"Dublin, Ireland",TUM Munich,B.S. in Computer Science,"Python, PCB Debugging, MQTT, ARM Cortex, Embedded Linux, I2C/SPI/UART, FreeRTOS, C/C++",Embedded Linux Developer Certificate,97,Mastered,RES-0934_Amelia_Chatterjee.pdf
RES-0935,Pooja Martin,Blockchain & Smart Contract Engineer,Web3 / Blockchain,5,pooja.martin219@example.com,+1 (562) 971-7187,"Chicago, IL",IIIT Hyderabad,B.Tech in Computer Science and Engineering,"Hardhat, Ethers.js, Ethereum, Solidity, Web3.js, Smart Contract Security, IPFS, Rust",Blockchain Council Certified Smart Contract Developer,97,Mastered,RES-0935_Pooja_Martin.pdf
RES-0936,Harsh Lewis,Site Reliability Engineer (SRE),DevOps / Reliability,10,harsh.lewis791@example.com,+1 (343) 540-9529,"London, UK",University of Toronto,B.Tech in Computer Science and Engineering,"Kubernetes, Go, Python, Terraform, OpenTelemetry, Linux Kernel, Incident Management",Google Cloud Professional DevOps Engineer,70,Developing,RES-0936_Harsh_Lewis.pdf
RES-0937,Nikhil Tanaka,Python Backend Engineer,Backend,4,nikhil.tanaka445@example.com,+1 (955) 473-9563,"Bengaluru, India",Purdue University,B.Tech in Computer Science and Engineering,"Django, Docker, Celery, REST APIs, Redis, PostgreSQL, AWS, FastAPI",AWS Certified Developer - Associate,91,Mastered,RES-0937_Nikhil_Tanaka.pdf
RES-0938,Noah Anderson,Full Stack React & Node Developer,Full Stack,8,noah.anderson743@example.com,+1 (837) 974-5586,"Bengaluru, India",TUM Munich,B.S. in Cybersecurity and Information Assurance,"Express, React 18, GraphQL, TypeScript, MongoDB, Next.js, Node.js, Tailwind CSS",Meta Certified Front-End Developer,77,Strong Candidate,RES-0938_Noah_Anderson.pdf
RES-0939,Casey Watanabe,Data Scientist & AI/ML Engineer,AI / ML,10,casey.watanabe400@example.com,+1 (570) 548-6118,"Sydney, Australia",ETH Zurich,B.Tech in Computer Science and Engineering,"TensorFlow, MLOps, Pandas, PyTorch, Computer Vision, Scikit-Learn",TensorFlow Developer Certificate,69,Developing,RES-0939_Casey_Watanabe.pdf
RES-0940,Logan Hernandez,Cloud & DevOps Solutions Architect,Cloud / DevOps,1,logan.hernandez853@example.com,+1 (479) 931-9882,"Tokyo, Japan",Imperial College London,B.E. in Information Technology,"Prometheus, CI/CD, AWS, Linux, Docker, Ansible, Kubernetes",Certified Kubernetes Administrator (CKA),94,Mastered,RES-0940_Logan_Hernandez.pdf
RES-0941,Grace Chatterjee,SQL & Data Platform Engineer,Data Engineering,10,grace.chatterjee225@example.com,+1 (673) 726-2086,Singapore,University of Oxford,B.S. in Computer Science,"SQL, Airflow, Snowflake, Python, Kafka, dbt",Snowflake SnowPro Core Certification,84,Strong Candidate,RES-0941_Grace_Chatterjee.pdf
RES-0942,Rohan Takahashi,Cybersecurity & Security Operations Engineer,Cybersecurity,2,rohan.takahashi169@example.com,+1 (217) 901-8847,"Zurich, Switzerland",BITS Pilani,M.S. in Software Engineering,"Splunk, SOC, SIEM, Wireshark, Python, Penetration Testing, OWASP Top 10, Network Security",Offensive Security Certified Professional (OSCP),95,Mastered,RES-0942_Rohan_Takahashi.pdf
RES-0943,Taylor Thompson,Frontend Performance Specialist,Frontend,7,taylor.thompson795@example.com,+1 (337) 227-9002,"San Francisco, CA",Harvard University,B.S. in Cybersecurity and Information Assurance,"TypeScript, Performance Optimization, CSS3, Web Workers, WebGL, Vue.js, Three.js, React",Meta Front-End Professional,96,Mastered,RES-0943_Taylor_Thompson.pdf
RES-0944,Nikhil Menon,Mobile Applications Engineer,Mobile,8,nikhil.menon962@example.com,+1 (647) 877-5977,"Stockholm, Sweden",BITS Pilani,B.Tech in Computer Science and Engineering,"Mobile CI/CD, Swift, React Native, State Management, Kotlin, Firebase",Google Associate Android Developer,92,Mastered,RES-0944_Nikhil_Menon.pdf
RES-0945,Sophia Fischer,Java Enterprise & Distributed Systems Architect,Enterprise Systems,6,sophia.fischer834@example.com,+1 (873) 423-2640,"Toronto, Canada",Delhi Technological University (DTU),M.S. in Electrical and Computer Engineering,"gRPC, PostgreSQL, Java 21, Microservices, Spring Boot, Hibernate, Docker",Spring Certified Professional,79,Strong Candidate,RES-0945_Sophia_Fischer.pdf
RES-0946,Nikhil Harris,Embedded Systems & IoT Firmware Engineer,Hardware / IoT,5,nikhil.harris224@example.com,+1 (307) 278-6101,"Seattle, WA",Massachusetts Institute of Technology (MIT),M.S. in Robotics and Autonomous Systems,"Embedded Linux, PCB Debugging, Python, I2C/SPI/UART, FreeRTOS, C/C++, ARM Cortex, MQTT",Embedded Linux Developer Certificate,85,Strong Candidate,RES-0946_Nikhil_Harris.pdf
RES-0947,Rahul Takahashi,Blockchain & Smart Contract Engineer,Web3 / Blockchain,6,rahul.takahashi913@example.com,+1 (345) 437-5957,"London, UK",Purdue University,B.S. in Cybersecurity and Information Assurance,"Smart Contract Security, Ethers.js, Ethereum, Solidity, Rust, Hardhat, Web3.js",Blockchain Council Certified Smart Contract Developer,84,Strong Candidate,RES-0947_Rahul_Takahashi.pdf
RES-0948,James Takahashi,Site Reliability Engineer (SRE),DevOps / Reliability,8,james.takahashi131@example.com,+1 (563) 796-9162,Singapore,NIT Trichy,M.S. in Software Engineering,"Kubernetes, Incident Management, OpenTelemetry, Python, Go, Linux Kernel, Chaos Engineering, Terraform",Certified Kubernetes Security Specialist (CKS),73,Developing,RES-0948_James_Takahashi.pdf
RES-0949,Sebastian Nair,Python Backend Engineer,Backend,6,sebastian.nair394@example.com,+1 (954) 581-2130,"Amsterdam, Netherlands",University of Washington,B.E. in Information Technology,"Celery, Python, PostgreSQL, FastAPI, Django, Redis, Docker",PCEP – Certified Entry-Level Python Programmer,88,Mastered,RES-0949_Sebastian_Nair.pdf
RES-0950,Alex Chen,Full Stack React & Node Developer,Full Stack,2,alex.chen652@example.com,+1 (698) 474-2882,"Sydney, Australia",Stanford University,M.S. in Robotics and Autonomous Systems,"Node.js, React 18, Next.js, MongoDB, Express, GraphQL",Meta Certified Front-End Developer,80,Strong Candidate,RES-0950_Alex_Chen.pdf
RES-0951,Neha Singhania,Data Scientist & AI/ML Engineer,AI / ML,8,neha.singhania614@example.com,+1 (461) 775-4332,"Chicago, IL",Stanford University,B.E. in Information Technology,"TensorFlow, Computer Vision, LLMs, Pandas, PyTorch, NLP",TensorFlow Developer Certificate,71,Developing,RES-0951_Neha_Singhania.pdf
RES-0952,Ella Tanaka,Cloud & DevOps Solutions Architect,Cloud / DevOps,2,ella.tanaka203@example.com,+1 (625) 586-8412,"Tokyo, Japan",ETH Zurich,B.S. in Cybersecurity and Information Assurance,"AWS, Terraform, Ansible, Prometheus, Docker, Kubernetes",Certified Kubernetes Administrator (CKA),76,Strong Candidate,RES-0952_Ella_Tanaka.pdf
RES-0953,Henry Ramirez,SQL & Data Platform Engineer,Data Engineering,7,henry.ramirez567@example.com,+1 (240) 274-4420,"Tokyo, Japan",ETH Zurich,M.Tech in Data Science & Artificial Intelligence,"PostgreSQL, Apache Spark, dbt, Data Warehousing, Airflow, SQL, Python, Kafka",Databricks Certified Data Engineer Associate,92,Mastered,RES-0953_Henry_Ramirez.pdf
RES-0954,Varun Iyer,Cybersecurity & Security Operations Engineer,Cybersecurity,5,varun.iyer478@example.com,+1 (511) 604-6906,"Sydney, Australia",Imperial College London,M.S. in Software Engineering,"Splunk, Wireshark, Network Security, SOC, Python, SIEM",Certified Ethical Hacker (CEH),88,Mastered,RES-0954_Varun_Iyer.pdf
RES-0955,Emma Perez,Frontend Performance Specialist,Frontend,5,emma.perez711@example.com,+1 (649) 584-5304,"Seattle, WA",Stanford University,B.Tech in Computer Science and Engineering,"Web Workers, TypeScript, React, Vue.js, Three.js, Performance Optimization, WebGL, CSS3",Meta Front-End Professional,86,Strong Candidate,RES-0955_Emma_Perez.pdf
RES-0956,Aarav Martinez,Mobile Applications Engineer,Mobile,5,aarav.martinez490@example.com,+1 (973) 446-4824,"Seattle, WA",National University of Singapore,M.S. in Electrical and Computer Engineering,"Dart, React Native, Firebase, Swift, Mobile CI/CD, Kotlin, Flutter, State Management",iOS App Development Certificate,74,Developing,RES-0956_Aarav_Martinez.pdf
RES-0957,Siddharth Kapoor,Java Enterprise & Distributed Systems Architect,Enterprise Systems,10,siddharth.kapoor905@example.com,+1 (904) 208-5743,"San Francisco, CA",University of Cambridge,M.S. in Electrical and Computer Engineering,"Docker, Kafka, Java 21, Hibernate, Spring Boot, PostgreSQL, gRPC",Oracle Certified Professional: Java SE Developer,78,Strong Candidate,RES-0957_Siddharth_Kapoor.pdf
RES-0958,Jordan Iyer,Embedded Systems & IoT Firmware Engineer,Hardware / IoT,7,jordan.iyer266@example.com,+1 (434) 643-8886,"Amsterdam, Netherlands",Delhi Technological University (DTU),M.S. in Software Engineering,"Python, PCB Debugging, MQTT, C/C++, ARM Cortex, I2C/SPI/UART",Arm Accredited Engineer (AAE),81,Strong Candidate,RES-0958_Jordan_Iyer.pdf
RES-0959,Noah Bose,Blockchain & Smart Contract Engineer,Web3 / Blockchain,11,noah.bose867@example.com,+1 (202) 346-8009,"Dublin, Ireland",BITS Pilani,M.Tech in Data Science & Artificial Intelligence,"Rust, Ethereum, IPFS, Smart Contract Security, Ethers.js, Solidity, Hardhat, Web3.js",Certified Ethereum Developer,89,Mastered,RES-0959_Noah_Bose.pdf
RES-0960,Deepika Chen,Site Reliability Engineer (SRE),DevOps / Reliability,2,deepika.chen860@example.com,+1 (341) 372-5723,"Austin, TX",Imperial College London,B.E. in Information Technology,"Terraform, OpenTelemetry, Go, Incident Management, Kubernetes, Chaos Engineering, Python",Google Cloud Professional DevOps Engineer,74,Developing,RES-0960_Deepika_Chen.pdf
RES-0961,Anjali Chopra,Python Backend Engineer,Backend,1,anjali.chopra141@example.com,+1 (338) 339-5552,"New York, NY",BITS Pilani,M.S. in Electrical and Computer Engineering,"Django, AWS, Docker, FastAPI, Python, REST APIs, Celery, Redis",Docker Certified Associate,74,Developing,RES-0961_Anjali_Chopra.pdf
RES-0962,William Clark,Full Stack React & Node Developer,Full Stack,3,william.clark113@example.com,+1 (397) 433-3855,Singapore,Carnegie Mellon University,B.S. in Cybersecurity and Information Assurance,"Express, Tailwind CSS, Next.js, Node.js, MongoDB, TypeScript",OpenJS Node.js Application Developer (JAD),81,Strong Candidate,RES-0962_William_Clark.pdf
RES-0963,Aarav Johnson,Data Scientist & AI/ML Engineer,AI / ML,4,aarav.johnson280@example.com,+1 (797) 724-8045,"Sydney, Australia",IIT Delhi,B.E. in Information Technology,"Pandas, Scikit-Learn, MLOps, Computer Vision, LLMs, PyTorch, NLP, TensorFlow",TensorFlow Developer Certificate,79,Strong Candidate,RES-0963_Aarav_Johnson.pdf
RES-0964,Karan Clark,Cloud & DevOps Solutions Architect,Cloud / DevOps,3,karan.clark877@example.com,+1 (267) 473-8994,"Zurich, Switzerland",Imperial College London,M.S. in Electrical and Computer Engineering,"Linux, AWS, CI/CD, Docker, Prometheus, Terraform, Ansible, Kubernetes",Certified Kubernetes Administrator (CKA),92,Mastered,RES-0964_Karan_Clark.pdf
RES-0965,Ethan Zhang,SQL & Data Platform Engineer,Data Engineering,6,ethan.zhang793@example.com,+1 (603) 644-6206,"Pune, India",University of Washington,M.Tech in Data Science & Artificial Intelligence,"Data Warehousing, Snowflake, SQL, Kafka, Airflow, Python, dbt, PostgreSQL",Snowflake SnowPro Core Certification,70,Developing,RES-0965_Ethan_Zhang.pdf
RES-0966,Daniel Bose,Cybersecurity & Security Operations Engineer,Cybersecurity,12,daniel.bose478@example.com,+1 (860) 914-7854,"Hyderabad, India",University of Oxford,M.Tech in Data Science & Artificial Intelligence,"Wireshark, Network Security, SOC, Penetration Testing, OWASP Top 10, SIEM, Python, Splunk",CompTIA Security+,81,Strong Candidate,RES-0966_Daniel_Bose.pdf
RES-0967,Taylor Gonzalez,Frontend Performance Specialist,Frontend,2,taylor.gonzalez891@example.com,+1 (429) 889-9193,"Seattle, WA",Imperial College London,B.S. in Cybersecurity and Information Assurance,"CSS3, TypeScript, Performance Optimization, React, Web Workers, Three.js",Google Mobile Web Specialist,98,Mastered,RES-0967_Taylor_Gonzalez.pdf
RES-0968,Taylor Davis,Mobile Applications Engineer,Mobile,12,taylor.davis559@example.com,+1 (828) 633-8896,"Amsterdam, Netherlands",University of Washington,B.Tech in Computer Science and Engineering,"Kotlin, State Management, Dart, Flutter, Firebase, Mobile CI/CD, Swift",iOS App Development Certificate,80,Strong Candidate,RES-0968_Taylor_Davis.pdf
RES-0969,Harper Gonzalez,Java Enterprise & Distributed Systems Architect,Enterprise Systems,2,harper.gonzalez778@example.com,+1 (615) 410-4133,"Stockholm, Sweden",IIT Bombay,M.S. in Robotics and Autonomous Systems,"Hibernate, Java 21, Spring Boot, Kafka, Microservices, gRPC, Docker, PostgreSQL",Oracle Certified Professional: Java SE Developer,87,Strong Candidate,RES-0969_Harper_Gonzalez.pdf
RES-0970,Mason Jackson,Embedded Systems & IoT Firmware Engineer,Hardware / IoT,6,mason.jackson698@example.com,+1 (226) 621-4673,"Hyderabad, India",NIT Trichy,M.Tech in Data Science & Artificial Intelligence,"PCB Debugging, C/C++, Embedded Linux, FreeRTOS, Python, ARM Cortex",Embedded Linux Developer Certificate,76,Strong Candidate,RES-0970_Mason_Jackson.pdf
RES-0971,Ethan Brown,Blockchain & Smart Contract Engineer,Web3 / Blockchain,11,ethan.brown497@example.com,+1 (881) 629-8897,"Hyderabad, India",University of Washington,B.E. in Information Technology,"Solidity, IPFS, Ethers.js, Web3.js, Ethereum, Smart Contract Security, Hardhat",Certified Ethereum Developer,68,Developing,RES-0971_Ethan_Brown.pdf
RES-0972,Alexander Ramirez,Site Reliability Engineer (SRE),DevOps / Reliability,1,alexander.ramirez680@example.com,+1 (927) 804-2360,"San Francisco, CA",Delhi Technological University (DTU),B.E. in Information Technology,"Go, Python, Chaos Engineering, Incident Management, OpenTelemetry, Terraform",Certified Kubernetes Security Specialist (CKS),75,Strong Candidate,RES-0972_Alexander_Ramirez.pdf
RES-0973,Harper Chopra,Python Backend Engineer,Backend,12,harper.chopra134@example.com,+1 (988) 405-5224,"Denver, CO",University of Cambridge,M.S. in Electrical and Computer Engineering,"Python, PostgreSQL, Django, FastAPI, AWS, REST APIs",AWS Certified Developer - Associate,70,Developing,RES-0973_Harper_Chopra.pdf
RES-0974,Deepika Dubois,Full Stack React & Node Developer,Full Stack,2,deepika.dubois502@example.com,+1 (301) 918-2415,"Chicago, IL",IIT Bombay,M.Tech in Data Science & Artificial Intelligence,"Next.js, MongoDB, React 18, TypeScript, Node.js, GraphQL",Meta Certified Front-End Developer,72,Developing,RES-0974_Deepika_Dubois.pdf
RES-0975,Simran Martin,Data Scientist & AI/ML Engineer,AI / ML,8,simran.martin881@example.com,+1 (847) 506-6195,"Boston, MA",UCLA,B.S. in Computer Science,"Computer Vision, MLOps, LLMs, NLP, TensorFlow, Scikit-Learn",AWS Certified Machine Learning - Specialty,77,Strong Candidate,RES-0975_Simran_Martin.pdf
RES-0976,Henry Malhotra,Cloud & DevOps Solutions Architect,Cloud / DevOps,4,henry.malhotra683@example.com,+1 (588) 325-5690,"Bengaluru, India",Carnegie Mellon University,M.S. in Software Engineering,"Kubernetes, Docker, AWS, Terraform, Linux, Prometheus",AWS Certified Solutions Architect - Professional,94,Mastered,RES-0976_Henry_Malhotra.pdf
RES-0977,Varun Lopez,SQL & Data Platform Engineer,Data Engineering,2,varun.lopez181@example.com,+1 (530) 379-9140,"Berlin, Germany",IIT Bombay,B.Tech in Computer Science and Engineering,"Python, Apache Spark, Kafka, dbt, Airflow, Snowflake, Data Warehousing",Databricks Certified Data Engineer Associate,68,Developing,RES-0977_Varun_Lopez.pdf
RES-0978,Divya Gupta,Cybersecurity & Security Operations Engineer,Cybersecurity,8,divya.gupta615@example.com,+1 (843) 917-6582,"Sydney, Australia",Vellore Institute of Technology (VIT),M.S. in Electrical and Computer Engineering,"Python, Penetration Testing, Wireshark, OWASP Top 10, Splunk, SIEM",Certified Ethical Hacker (CEH),68,Developing,RES-0978_Divya_Gupta.pdf
RES-0979,Charlotte Anderson,Frontend Performance Specialist,Frontend,2,charlotte.anderson904@example.com,+1 (208) 687-1369,"New York, NY",Delhi Technological University (DTU),B.E. in Information Technology,"WebGL, TypeScript, CSS3, Three.js, Web Workers, Performance Optimization",Meta Front-End Professional,81,Strong Candidate,RES-0979_Charlotte_Anderson.pdf
RES-0980,Yash Lewis,Mobile Applications Engineer,Mobile,3,yash.lewis70@example.com,+1 (888) 478-2643,"Chicago, IL",Stanford University,M.S. in Software Engineering,"Swift, Kotlin, Firebase, Flutter, Mobile CI/CD, Dart",Google Associate Android Developer,68,Developing,RES-0980_Yash_Lewis.pdf
RES-0981,Simran Davis,Java Enterprise & Distributed Systems Architect,Enterprise Systems,6,simran.davis492@example.com,+1 (534) 359-9618,"Hyderabad, India",Massachusetts Institute of Technology (MIT),B.E. in Information Technology,"Java 21, PostgreSQL, Hibernate, Microservices, Kafka, Docker",Oracle Certified Professional: Java SE Developer,78,Strong Candidate,RES-0981_Simran_Davis.pdf
RES-0982,Jacob Zhang,Embedded Systems & IoT Firmware Engineer,Hardware / IoT,3,jacob.zhang159@example.com,+1 (368) 984-9693,"Dublin, Ireland",Imperial College London,B.Tech in Computer Science and Engineering,"Embedded Linux, I2C/SPI/UART, PCB Debugging, FreeRTOS, ARM Cortex, MQTT, C/C++",Embedded Linux Developer Certificate,87,Strong Candidate,RES-0982_Jacob_Zhang.pdf
RES-0983,Alexander Chen,Blockchain & Smart Contract Engineer,Web3 / Blockchain,2,alexander.chen897@example.com,+1 (929) 537-4974,"Berlin, Germany",UCLA,M.S. in Electrical and Computer Engineering,"Rust, Web3.js, Ethereum, IPFS, Hardhat, Ethers.js, Smart Contract Security, Solidity",Blockchain Council Certified Smart Contract Developer,68,Developing,RES-0983_Alexander_Chen.pdf
RES-0984,Sneha Jones,Site Reliability Engineer (SRE),DevOps / Reliability,8,sneha.jones784@example.com,+1 (552) 709-1408,"Pune, India",Vellore Institute of Technology (VIT),B.S. in Computer Science,"Linux Kernel, Kubernetes, Python, OpenTelemetry, Go, Incident Management",Google Cloud Professional DevOps Engineer,85,Strong Candidate,RES-0984_Sneha_Jones.pdf
RES-0985,Amelia Johnson,Python Backend Engineer,Backend,7,amelia.johnson599@example.com,+1 (954) 200-7866,"Stockholm, Sweden",Harvard University,B.Tech in Computer Science and Engineering,"AWS, Celery, Python, PostgreSQL, REST APIs, Redis",PCEP – Certified Entry-Level Python Programmer,70,Developing,RES-0985_Amelia_Johnson.pdf
RES-0986,Zoe Hernandez,Full Stack React & Node Developer,Full Stack,7,zoe.hernandez157@example.com,+1 (654) 624-2527,"Pune, India",University of Cambridge,B.S. in Computer Science,"React 18, TypeScript, Node.js, MongoDB, GraphQL, Tailwind CSS, Next.js, Express",OpenJS Node.js Application Developer (JAD),92,Mastered,RES-0986_Zoe_Hernandez.pdf
RES-0987,Aditya Takahashi,Data Scientist & AI/ML Engineer,AI / ML,5,aditya.takahashi941@example.com,+1 (384) 530-1149,"Amsterdam, Netherlands",BITS Pilani,M.S. in Software Engineering,"TensorFlow, Scikit-Learn, LLMs, NLP, Python, Pandas, PyTorch",TensorFlow Developer Certificate,78,Strong Candidate,RES-0987_Aditya_Takahashi.pdf
RES-0988,Simran Lopez,Cloud & DevOps Solutions Architect,Cloud / DevOps,3,simran.lopez332@example.com,+1 (669) 488-1471,"Zurich, Switzerland",IIIT Hyderabad,M.S. in Robotics and Autonomous Systems,"Terraform, CI/CD, Kubernetes, Linux, Docker, AWS",AWS Certified Solutions Architect - Professional,97,Mastered,RES-0988_Simran_Lopez.pdf
RES-0989,William Weber,SQL & Data Platform Engineer,Data Engineering,9,william.weber94@example.com,+1 (529) 855-9811,"Boston, MA",BITS Pilani,B.S. in Cybersecurity and Information Assurance,"Snowflake, Data Warehousing, dbt, Apache Spark, Airflow, PostgreSQL",Databricks Certified Data Engineer Associate,70,Developing,RES-0989_William_Weber.pdf
RES-0990,Mason Martin,Cybersecurity & Security Operations Engineer,Cybersecurity,11,mason.martin564@example.com,+1 (987) 381-2953,Singapore,IIIT Hyderabad,M.Tech in Data Science & Artificial Intelligence,"OWASP Top 10, Wireshark, Splunk, Network Security, SIEM, Python, SOC",CompTIA Security+,85,Strong Candidate,RES-0990_Mason_Martin.pdf
RES-0991,Shruti Sharma,Frontend Performance Specialist,Frontend,11,shruti.sharma199@example.com,+1 (354) 246-7848,"Austin, TX",Carnegie Mellon University,B.Tech in Computer Science and Engineering,"WebGL, React, Vue.js, Three.js, Performance Optimization, CSS3, Web Workers, TypeScript",Google Mobile Web Specialist,72,Developing,RES-0991_Shruti_Sharma.pdf
RES-0992,Emma Fischer,Mobile Applications Engineer,Mobile,2,emma.fischer358@example.com,+1 (585) 932-5600,"Chicago, IL",Georgia Institute of Technology,M.S. in Electrical and Computer Engineering,"Flutter, Firebase, Swift, Kotlin, Dart, State Management, React Native",iOS App Development Certificate,82,Strong Candidate,RES-0992_Emma_Fischer.pdf
RES-0993,Simran Bhat,Java Enterprise & Distributed Systems Architect,Enterprise Systems,8,simran.bhat87@example.com,+1 (491) 539-7174,"Berlin, Germany",TUM Munich,B.E. in Information Technology,"Spring Boot, Hibernate, Microservices, PostgreSQL, gRPC, Docker",Oracle Certified Professional: Java SE Developer,73,Developing,RES-0993_Simran_Bhat.pdf
RES-0994,Pranav Bose,Embedded Systems & IoT Firmware Engineer,Hardware / IoT,1,pranav.bose927@example.com,+1 (977) 628-2096,"Boston, MA",University of Washington,M.S. in Software Engineering,"I2C/SPI/UART, ARM Cortex, MQTT, C/C++, PCB Debugging, FreeRTOS, Python, Embedded Linux",Arm Accredited Engineer (AAE),68,Developing,RES-0994_Pranav_Bose.pdf
RES-0995,Sneha Rao,Blockchain & Smart Contract Engineer,Web3 / Blockchain,6,sneha.rao855@example.com,+1 (689) 847-8005,"Hyderabad, India",IIT Bombay,M.Tech in Data Science & Artificial Intelligence,"Smart Contract Security, Solidity, Ethers.js, Ethereum, Rust, IPFS, Web3.js, Hardhat",Blockchain Council Certified Smart Contract Developer,87,Strong Candidate,RES-0995_Sneha_Rao.pdf
RES-0996,Evelyn Williams,Site Reliability Engineer (SRE),DevOps / Reliability,6,evelyn.williams32@example.com,+1 (241) 229-5011,"Tokyo, Japan",IIIT Hyderabad,M.Tech in Data Science & Artificial Intelligence,"Kubernetes, Terraform, Python, Go, Incident Management, Chaos Engineering, OpenTelemetry, Linux Kernel",Google Cloud Professional DevOps Engineer,71,Developing,RES-0996_Evelyn_Williams.pdf
RES-0997,Riya Menon,Python Backend Engineer,Backend,6,riya.menon577@example.com,+1 (406) 899-9141,"Sydney, Australia",University of Oxford,B.S. in Computer Science,"Django, Python, REST APIs, Celery, AWS, Docker, FastAPI, Redis",AWS Certified Developer - Associate,83,Strong Candidate,RES-0997_Riya_Menon.pdf
RES-0998,Emma Davis,Full Stack React & Node Developer,Full Stack,6,emma.davis333@example.com,+1 (553) 425-5078,"Chicago, IL",University of Oxford,B.S. in Cybersecurity and Information Assurance,"GraphQL, Express, Node.js, Next.js, MongoDB, Tailwind CSS, TypeScript",OpenJS Node.js Application Developer (JAD),81,Strong Candidate,RES-0998_Emma_Davis.pdf
RES-0999,Riley Hernandez,Data Scientist & AI/ML Engineer,AI / ML,7,riley.hernandez15@example.com,+1 (623) 792-3123,"Dublin, Ireland",University of Illinois Urbana-Champaign,M.S. in Electrical and Computer Engineering,"PyTorch, TensorFlow, Computer Vision, Pandas, Python, Scikit-Learn, NLP",AWS Certified Machine Learning - Specialty,76,Strong Candidate,RES-0999_Riley_Hernandez.pdf
RES-1000,Ethan Takahashi,Cloud & DevOps Solutions Architect,Cloud / DevOps,7,ethan.takahashi151@example.com,+1 (274) 334-2806,"Berlin, Germany",Stanford University,M.S. in Electrical and Computer Engineering,"CI/CD, Ansible, Docker, Linux, AWS, Terraform",Certified Kubernetes Administrator (CKA),82,Strong Candidate,RES-1000_Ethan_Takahashi.pdf
